
=== N ===
Data type: int64
Total unique values: 137

0
1
2
3
4
5
6
7
8
9
10
11
12
13
14
15
16
17
18
19
20
21
22
23
24
25
26
27
28
29
30
31
32
33
34
35
36
37
38
39
40
41
42
43
44
45
46
47
48
49
50
51
52
53
54
55
56
57
58
59
60
61
62
63
64
65
66
67
68
69
70
71
72
73
74
75
76
77
78
79
80
81
82
83
84
85
86
87
88
89
90
91
92
93
94
95
96
97
98
99
100
101
102
103
104
105
106
107
108
109
110
111
112
113
114
115
116
117
118
119
120
121
122
123
125
126
127
129
130
131
132
133
134
135
136
139
140

==================================================

=== P ===
Data type: int64
Total unique values: 117

5
6
7
8
9
10
11
12
13
14
15
16
17
18
19
20
21
22
23
24
25
26
27
28
29
30
31
32
33
34
35
36
37
38
39
40
41
42
43
44
45
46
47
48
49
50
51
52
53
54
55
56
57
58
59
60
61
62
63
64
65
66
67
68
69
70
71
72
73
74
75
76
77
78
79
80
81
82
83
84
85
86
87
88
89
90
91
92
93
94
95
120
121
122
123
124
125
126
127
128
129
130
131
132
133
134
135
136
137
138
139
140
141
142
143
144
145

==================================================

=== K ===
Data type: int64
Total unique values: 73

5
6
7
8
9
10
11
12
13
14
15
16
17
18
19
20
21
22
23
24
25
26
27
28
29
30
31
32
33
34
35
36
37
38
39
40
41
42
43
44
45
46
47
48
49
50
51
52
53
54
55
75
76
77
78
79
80
81
82
83
84
85
195
196
197
198
199
200
201
202
203
204
205

==================================================

=== temperature ===
Data type: float64
Total unique values: 2200

8.825674745
9.467960445
9.535585543
9.724457611
9.851242629
9.949929082
10.01081312
10.16431299
10.2708877
10.35609594
10.38004759
10.72302459
10.78689755
10.89875873
11.02105378
11.03367937
11.18994268
11.36300891
11.50322938
11.54785707
11.69894639
11.7976469
11.82768186
11.86631922
11.89925671
12.087022
12.14190714
12.22816189
12.59093977
12.7567962
12.80000387
13.05809741
13.20844373
13.28504331
13.36050601
13.42988625
13.70319166
13.8377282
14.34320488
14.78003032
14.97846952
15.31413469
15.3246651
15.33042636
15.43546065
15.46789263
15.53834801
15.63211033
15.77370214
15.78144173
15.78601387
15.83388699
15.99050693
16.03768615
16.06522754
16.14820285
16.24469193
16.27852801
16.36251869
16.39624284
16.43340342
16.51783455
16.53460397
16.71170642
16.76201707
16.77557314
16.78791503
17.00067625
17.02498456
17.06104474
17.06579293
17.08498521
17.09104223
17.13692774
17.1418614
17.15432954
17.16606398
17.17012591
17.18248372
17.22034507
17.22385224
17.24944623
17.25769499
17.30287885
17.30844532
17.3348681
17.34083741
17.34150229
17.43732714
17.47500984
17.47809436
17.48042641
17.48189735
17.48395377
17.48504075
17.48911699
17.50361137
17.5438296
17.57212145
17.57445618
17.5862944
17.66148158
17.66545409
17.66558428
17.68408797
17.81564548
17.82803682
17.84806561
17.84851658
17.88776475
17.91652287
17.927806
17.92845928
17.98667801
18.01272266
18.04185513
18.05033737
18.05142392
18.06486101
18.07132963
18.09300227
18.09551014
18.09691127
18.09903225
18.13027797
18.14710054
18.15300153
18.17234999
18.17912258
18.19737048
18.19903647
18.20230419
18.2356751
18.23775702
18.25405352
18.26233221
18.28072173
18.28362235
18.2872007
18.28766124
18.29783597
18.31357543
18.31561493
18.31910448
18.33124824
18.358923
18.36952567
18.38120357
18.39759147
18.41164435
18.41645629
18.4167001
18.41932981
18.4269936
18.43966037
18.47412402
18.47891261
18.49311205
18.50692825
18.51816776
18.52510753
18.54141834
18.54988627
18.57665902
18.59190771
18.62328774
18.65054116
18.65396672
18.65580107
18.66116213
18.66746724
18.70679077
18.72649425
18.72963144
18.72987676
18.73932187
18.74826712
18.75927679
18.78226261
18.78359608
18.81097271
18.81198127
18.8202251
18.83344471
18.8392908
18.86805647
18.86883219
18.87492997
18.87614998
18.87751445
18.87957654
18.88852533
18.89780215
18.90223032
18.90592319
18.91251245
18.92157197
18.92851916
18.97424756
18.9802729
18.99424448
19.0087067
19.02061277
19.03025305
19.04380471
19.07096165
19.0781471
19.07937684
19.1034283
19.12065218
19.12829388
19.1345771
19.14381903
19.14729038
19.16288268
19.18572809
19.20090378
19.20129357
19.2077707
19.24462755
19.25100056
19.2582557
19.25975367
19.28889933
19.29563411
19.30106297
19.30607278
19.32509638
19.32666088
19.33162606
19.33516809
19.3479443
19.3642553
19.37101121
19.38603815
19.39851734
19.40751744
19.41789736
19.44084326
19.44623085
19.45339934
19.45591848
19.46210401
19.46233971
19.48316794
19.48649305
19.48974337
19.50112224
19.52226241
19.54128063
19.54284889
19.54314136
19.54317155
19.55750776
19.56376468
19.59221047
19.62207826
19.62416326
19.63474332
19.6365349
19.63736208
19.6491772
19.65690085
19.66329768
19.667056
19.67832052
19.68291173
19.69141713
19.71098332
19.71359733
19.72620525
19.72702528
19.73136909
19.74213321
19.75088482
19.81069447
19.81344531
19.84939404
19.85139326
19.86173586
19.8671184
19.88394011
19.89363946
19.91330523
19.91853092
19.9191786
19.92889503
19.95264829
19.95991719
19.96837462
19.97215954
20.00218987
20.02381489
20.03728219
20.0454142
20.04611791
20.0467711
20.06003985
20.07386547
20.08369642
20.09340593
20.10993761
20.1187446
20.120043
20.12373284
20.12574053
20.12644921
20.13017482
20.13037175
20.16080524
20.18432263
20.18649426
20.19137759
20.21368219
20.24104904
20.26707606
20.26942271
20.27317074
20.27514686
20.27774362
20.2801937
20.28155898
20.28370163
20.33691147
20.36720401
20.37999665
20.39078312
20.41447029
20.41683147
20.42094753
20.43517772
20.45078582
20.46657776
20.48954522
20.51343484
20.51716779
20.53052663
20.5591255
20.56601874
20.57341244
20.57981887
20.58314011
20.61162204
20.61521424
20.62767492
20.65375833
20.6543203
20.65691793
20.67526473
20.68185224
20.68899915
20.71219282
20.71424384
20.76774783
20.76952209
20.77576147
20.82210727
20.82477109
20.8248451
20.86474944
20.87947369
20.87974371
20.88818675
20.89273273
20.89342749
20.93175255
20.93409877
20.93892916
20.94981756
20.95628486
20.97195263
20.99373558
20.99502153
21.01142393
21.01245395
21.01944696
21.02213209
21.02432943
21.03200078
21.0365275
21.0525355
21.0643684
21.07273439
21.11478672
21.11903604
21.12152071
21.12695586
21.1316077
21.14011423
21.14347496
21.17089176
21.18667419
21.18853178
21.19339319
21.19852186
21.19909519
21.20725375
21.21306973
21.22503442
21.25433607
21.25941052
21.31852148
21.32376327
21.32504158
21.32776028
21.35093384
21.35135729
21.35499456
21.36383757
21.37784654
21.40865769
21.41363812
21.42177231
21.42451099
21.44526922
21.44653958
21.45278675
21.47607807
21.49118657
21.53346343
21.53574127
21.53577883
21.53989176
21.54156232
21.57936934
21.58711777
21.59343016
21.63149148
21.63162756
21.65845777
21.6602498
21.66628296
21.70181447
21.70416965
21.7238313
21.72484506
21.74600081
21.77046169
21.77466746
21.77689322
21.79792649
21.80129837
21.80523051
21.80619564
21.81167649
21.84106875
21.8652524
21.869274
21.91041045
21.91191314
21.92513945
21.94766735
21.97199397
21.98141856
21.98560799
21.9989826
22.00085141
22.00817088
22.02720976
22.02775403
22.03296178
22.03911546
22.04612876
22.05592283
22.08458267
22.08576562
22.10621387
22.10718988
22.12659387
22.13450646
22.13974653
22.14464104
22.14593688
22.16939473
22.17499963
22.17931888
22.19055385
22.19109412
22.20700989
22.21506982
22.21738222
22.2286982
22.27373646
22.27526694
22.29423493
22.30157427
22.30318989
22.31253665
22.31871914
22.31944084
22.34375696
22.3551049
22.35548159
22.35628673
22.36238282
22.36509395
22.36629253
22.40423537
22.4204752
22.426733
22.42776057
22.43324518
22.43377991
22.4359017
22.44075021
22.44307715
22.44516988
22.44581266
22.45145981
22.45616931
22.45696744
22.45942937
22.46054478
22.47253208
22.47420512
22.48403042
22.48720144
22.49095104
22.50050273
22.52709326
22.53510514
22.53779727
22.5526059
22.56664172
22.59890174
22.60361557
22.60612115
22.60800988
22.61359953
22.61711614
22.6265115
22.63045168
22.6371424
22.63946441
22.64236876
22.67594476
22.67846116
22.68319059
22.69657794
22.69780133
22.70883798
22.71271308
22.71750705
22.72767171
22.72791041
22.73031253
22.74446976
22.75088787
22.75805656
22.76643029
22.77035608
22.77076388
22.77856513
22.78133816
22.78234161
22.78249615
22.79196751
22.80213132
22.8056033
22.81212536
22.8122645
22.81227579
22.8352024
22.84852833
22.85267372
22.86006627
22.88330922
22.91350245
22.91430043
22.91843172
22.92052307
22.9215706
22.92360984
22.94276687
22.9535715
22.95458237
22.95604064
22.96388477
22.98208095
22.98458907
22.98666928
22.99451999
22.99774444
23.00445915
23.00884744
23.01014302
23.0124018
23.02038334
23.03814028
23.03887865
23.0429097
23.04920461
23.05276444
23.05804872
23.05951896
23.06204373
23.07895447
23.0865933
23.08950736
23.08974909
23.09348056
23.09433785
23.09499564
23.09595631
23.1069385
23.1094265
23.11407669
23.11438731
23.12652652
23.12808226
23.12844351
23.13338811
23.1426498
23.15791104
23.16814977
23.16855863
23.17124551
23.17403323
23.17409556
23.17714381
23.18864385
23.18866654
23.19305333
23.19451074
23.20242586
23.20683504
23.22397386
23.22594
23.24113501
23.24925555
23.25230817
23.25583402
23.26237612
23.26316991
23.2801227
23.28081
23.28617173
23.29250318
23.30355338
23.30546753
23.31410442
23.31689124
23.32293161
23.3250131
23.33375853
23.33565221
23.33844615
23.34386401
23.34467359
23.35225078
23.35723208
23.35905428
23.37044424
23.38002569
23.39128187
23.39605743
23.40981539
23.41022496
23.41044706
23.4123707
23.41798979
23.42611644
23.43121862
23.43191632
23.43821725
23.43974653
23.44260668
23.44372334
23.44676801
23.45379018
23.45969093
23.46168338
23.46260321
23.47986888
23.48381344
23.48546973
23.5000992
23.50128217
23.50201428
23.50222822
23.50297882
23.51308653
23.52648086
23.52652084
23.53371386
23.54234715
23.55882094
23.5643831
23.56960509
23.57943626
23.58419277
23.59302313
23.59997268
23.60115364
23.60301571
23.60506572
23.60564038
23.60567546
23.6119202
23.61475336
23.62600218
23.64082979
23.64124821
23.64142354
23.64328417
23.65167552
23.65374106
23.65629976
23.65724079
23.66457347
23.66682067
23.66805429
23.67287749
23.6734328
23.67575393
23.69212243
23.69287069
23.70467146
23.71028128
23.71059131
23.71475278
23.73868041
23.75033085
23.75091572
23.76121837
23.76554749
23.76881552
23.77989026
23.7805123
23.78709569
23.78756036
23.7937153
23.79391957
23.79746068
23.80436344
23.80546189
23.80593812
23.80834611
23.81579631
23.81995682
23.82576704
23.82723528
23.83053666
23.83067496
23.83185873
23.83509503
23.8494014
23.85340379
23.85724032
23.86087054
23.86330467
23.86814008
23.87192332
23.87484465
23.8812458
23.88404783
23.89069041
23.89114571
23.89162561
23.89271875
23.89736406
23.89756791
23.90910104
23.92887902
23.96147583
23.9643129
23.96436009
23.9656349
23.97081395
23.97898217
23.98143338
23.98289638
23.98598756
23.98651719
23.99686172
24.01497622
24.01825377
24.02037872
24.02952505
24.04355803
24.06475727
24.06679352
24.06731461
24.09874353
24.10859207
24.12188673
24.12192608
24.12832546
24.13078816
24.13179691
24.14386157
24.1469628
24.1472953
24.1638445
24.16402322
24.17093241
24.17298839
24.18471151
24.18553163
24.18586246
24.20422636
24.21495706
24.21610338
24.21744605
24.2248758
24.22984659
24.23850608
24.24779615
24.24782473
24.25133493
24.2547451
24.26601316
24.28209415
24.29105004
24.29144926
24.29470232
24.29496635
24.3017998
24.30748599
24.30935081
24.31274458
24.31334971
24.32116642
24.32630461
24.32770134
24.33528185
24.35193812
24.35564134
24.35590861
24.36972377
24.37118217
24.37190239
24.37766782
24.38041875
24.38318965
24.38534644
24.388717
24.39459498
24.39736241
24.40228894
24.40726724
24.41212325
24.41311871
24.41592661
24.42561272
24.42998931
24.43011925
24.43847399
24.44345477
24.44743944
24.45132792
24.45802087
24.45840036
24.47018505
24.47876451
24.484692
24.48556447
24.48620746
24.4880844
24.49112609
24.51147697
24.51324787
24.51588066
24.52783742
24.52922681
24.53442564
24.53460016
24.53610067
24.54356968
24.54757829
24.54795322
24.55981624
24.56811204
24.57558351
24.58453146
24.59245684
24.60297538
24.60532218
24.6129118
24.62835037
24.63228709
24.63544858
24.63676897
24.64458469
24.65090184
24.65425757
24.6774157
24.68854799
24.692258
24.69315538
24.69368934
24.69457084
24.69487673
24.70528368
24.70626432
24.71252544
24.71384065
24.71417533
24.71885473
24.72235539
24.72485577
24.74631269
24.7634518
24.7741949
24.77464458
24.7947077
24.79853023
24.80467592
24.80624984
24.80710166
24.81441246
24.81530144
24.83206631
24.83846178
24.83954414
24.84016732
24.84063998
24.84740848
24.84906168
24.84918386
24.85441411
24.85903405
24.86094646
24.86374934
24.86560781
24.86803974
24.87212063
24.87300744
24.87425505
24.87502824
24.87663664
24.88244467
24.88692811
24.88738107
24.88910524
24.88921174
24.89326318
24.89364635
24.89681131
24.8972823
24.9004602
24.90075709
24.90123934
24.9035819
24.9103226
24.91079638
24.91370487
24.91461008
24.92093261
24.92162194
24.92360104
24.92639065
24.92994759
24.9321581
24.94467632
24.958779
24.96273236
24.96440768
24.97042599
24.97178693
24.97256132
24.97669518
24.98287462
24.99451759
24.9949957
25.0017188
25.00755095
25.00872392
25.00933355
25.01018457
25.01157559
25.02887163
25.03149561
25.03300222
25.03512351
25.04746944
25.05802193
25.06871967
25.0707247
25.07278712
25.0756354
25.07803672
25.08239719
25.08347445
25.08966129
25.09737391
25.09897688
25.10474753
25.10787449
25.11108456
25.11189154
25.11711046
25.12417673
25.12528913
25.13163619
25.13686519
25.13735887
25.13842773
25.1420613
25.14517635
25.14748006
25.15623099
25.15745531
25.16125354
25.16278237
25.16296632
25.16820129
25.17787724
25.17885316
25.18780042
25.19008683
25.19192419
25.19640218
25.19857725
25.20406808
25.21622704
25.234661
25.23542319
25.248679
25.25596239
25.26052689
25.2653291
25.26931156
25.2746335
25.2801372
25.2827223
25.28710601
25.28784623
25.29250148
25.29391516
25.29781791
25.2990432
25.29954705
25.31042337
25.31468463
25.32023717
25.32688786
25.3310446
25.33797709
25.34119774
25.34217103
25.34756111
25.35467646
25.35794749
25.36059237
25.36140526
25.36243778
25.36586097
25.36768364
25.37122686
25.37548751
25.37601283
25.39038396
25.39241091
25.40059227
25.40474421
25.40785911
25.40909896
25.4123765
25.41864024
25.42517036
25.42900869
25.42977518
25.43459777
25.43480512
25.4438391
25.44689075
25.44926208
25.46228792
25.46743689
25.48591986
25.4879684
25.49386782
25.49674786
25.49848236
25.49941707
25.50405534
25.5042419
25.50634557
25.50736962
25.51618488
25.51791333
25.51939719
25.52468965
25.5308271
25.53676123
25.5421695
25.54249137
25.54359718
25.54759871
25.54960633
25.54963273
25.5503704
25.55656667
25.56202173
25.56567803
25.56703012
25.5674832
25.59535262
25.59704938
25.60033702
25.60153969
25.60973447
25.61294367
25.61707368
25.6217169
25.62446619
25.627355
25.62896213
25.62980105
25.63215038
25.64004392
25.65492304
25.65553461
25.65842532
25.66576039
25.66585205
25.66891439
25.66901098
25.67324193
25.67385024
25.68576704
25.68959532
25.70196694
25.70822684
25.71269843
25.7131428
25.71895816
25.71901283
25.72100868
25.72180042
25.72668885
25.73044432
25.7354293
25.74095321
25.74679443
25.75528612
25.75734909
25.76011662
25.7629429
25.76402693
25.76484262
25.77175115
25.78544484
25.78720567
25.78746268
25.78749808
25.79351957
25.79448878
25.79490531
25.81692236
25.83202912
25.84726298
25.848795
25.84997269
25.85036988
25.85483596
25.86475496
25.86632408
25.86705009
25.86824781
25.86928193
25.87682261
25.87990287
25.89762315
25.90113128
25.92030221
25.9300384
25.93381964
25.93730186
25.94019018
25.9490364
25.94951662
25.95058595
25.95263264
25.96308415
25.96534238
25.96779712
25.97482359
25.97825807
25.97948991
25.99069521
25.99237426
26.00175125
26.00373964
26.01630259
26.02241444
26.03026959
26.03097313
26.03867719
26.03967219
26.04371967
26.05375792
26.05433004
26.05968403
26.07010807
26.0713757
26.07470121
26.08867875
26.10018422
26.1055118
26.11440416
26.12492233
26.12588914
26.12643374
26.12797248
26.13708256
26.13871511
26.1387869
26.13958446
26.14162144
26.14384005
26.14576648
26.16985907
26.17668721
26.1793464
26.18159716
26.18552389
26.20234499
26.20811417
26.21009246
26.21312799
26.2148837
26.21667586
26.22005978
26.22338015
26.22367404
26.22916897
26.23773129
26.24092174
26.24347471
26.24532085
26.24928198
26.25070298
26.26028739
26.26559543
26.27061608
26.2724184
26.27274407
26.27520631
26.2830571
26.283443
26.284017
26.28663931
26.28845991
26.29039046
26.29465461
26.29644905
26.31051759
26.31270635
26.31355498
26.33377983
26.33544853
26.33908791
26.34043268
26.35034208
26.35770906
26.35927159
26.36629861
26.37978453
26.38905406
26.3985515
26.4020227
26.40323239
26.41768321
26.41915161
26.42313317
26.42333018
26.44019475
26.44414097
26.44600063
26.45288458
26.45488737
26.45707778
26.46428311
26.47330219
26.47522633
26.47549543
26.4908332
26.49109635
26.49195283
26.4930645
26.50838667
26.50908611
26.51682337
26.52166434
26.5232969
26.52723513
26.52872817
26.53259325
26.53543168
26.54348085
26.54986394
26.5602777
26.56608303
26.56767277
26.57421679
26.57597546
26.58361011
26.58413917
26.58580443
26.58740671
26.58972517
26.59104992
26.59386409
26.59580783
26.59743595
26.61423461
26.6333118
26.63838589
26.63952463
26.65069302
26.65333029
26.6634609
26.6719835
26.67377159
26.68386496
26.70607759
26.70897548
26.71717393
26.7230014
26.73072391
26.73433965
26.7350622
26.73690828
26.74550678
26.75754171
26.7627493
26.77463708
26.79489868
26.79533926
26.80079604
26.80474415
26.80750629
26.81383586
26.81530456
26.81938687
26.82489244
26.83054058
26.84366082
26.85851927
26.85911286
26.87037587
26.87187036
26.8748389
26.88444878
26.88630675
26.89750174
26.90435747
26.91515043
26.91624843
26.91641934
26.91643698
26.92449525
26.92995077
26.93141945
26.96656378
26.97251562
26.98212846
26.98582182
26.98603693
27.00315545
27.00648436
27.00932084
27.01207284
27.01470397
27.02269204
27.02415146
27.02766138
27.0424167
27.04453473
27.04863538
27.04927452
27.05365239
27.05826457
27.06179658
27.06909959
27.0767265
27.0828252
27.08808014
27.09062164
27.09400578
27.0956288
27.09617155
27.10053268
27.10134661
27.10210397
27.10508014
27.10606808
27.10710832
27.10818093
27.11026483
27.11030369
27.11535046
27.13140403
27.1326009
27.14865285
27.14911056
27.15116142
27.15998538
27.16159076
27.1872282
27.19711623
27.1994597
27.22783677
27.23708304
27.23924995
27.24766491
27.25373364
27.255435
27.26458947
27.27433181
27.29035669
27.30008597
27.30901814
27.31155708
27.31317116
27.31372793
27.3179125
27.32198928
27.32220619
27.3254209
27.32961444
27.33368994
27.33534897
27.33580911
27.33684386
27.33897716
27.34585147
27.34734861
27.3506296
27.3511056
27.35152643
27.35911627
27.37659643
27.38538997
27.39341554
27.39489579
27.39872329
27.40053601
27.41434987
27.41503453
27.41711238
27.42711692
27.43329405
27.44003279
27.45853567
27.45907759
27.46583649
27.46852989
27.4818649
27.48612983
27.50527651
27.51006055
27.5136304
27.51492243
27.52135365
27.52185591
27.53592929
27.53632932
27.5364547
27.53907547
27.53911354
27.54273211
27.54384835
27.54823036
27.5529736
27.55821802
27.55906475
27.56088634
27.56441788
27.57278064
27.57283516
27.57826922
27.57847581
27.58258929
27.58548913
27.59350075
27.59376845
27.60195453
27.60887393
27.61204997
27.62749466
27.62975458
27.63551259
27.63834933
27.6496114
27.65280218
27.65472156
27.66752761
27.67256197
27.68167318
27.68515114
27.69637763
27.69819273
27.70496805
27.7058373
27.71678273
27.71822477
27.71948962
27.72338349
27.72653142
27.73329078
27.74274761
27.74576987
27.754298
27.75518664
27.76317235
27.77076285
27.77363343
27.77799528
27.78031515
27.78912455
27.79161808
27.79797651
27.81005614
27.81132822
27.81251452
27.81326852
27.82054812
27.82424457
27.82592799
27.8262623
27.82684262
27.83487131
27.84026517
27.84492803
27.84767901
27.8640132
27.87317436
27.88352946
27.89636126
27.91095209
27.9122104
27.92004934
27.92063282
27.92374437
27.92678579
27.92765919
27.93034941
27.93114233
27.9348279
27.94293692
27.94972463
27.95639663
27.96235681
27.96236771
27.96583691
27.96799119
27.96872279
27.98392787
27.98780984
27.99611732
27.99627907
27.99901833
27.99990346
28.00316034
28.00937423
28.0106804
28.02952623
28.03306461
28.03380598
28.03644051
28.04799508
28.04849594
28.04943594
28.05153602
28.05380704
28.05457761
28.05484146
28.05912437
28.06642822
28.06903173
28.07219563
28.0764455
28.07802689
28.08166093
28.08657178
28.09269012
28.09568993
28.09577643
28.11321494
28.1218093
28.12787838
28.1279509
28.12971499
28.130115
28.14448546
28.14720892
28.14938935
28.17432665
28.17458662
28.17489437
28.18837136
28.19912143
28.20480805
28.20619412
28.20667264
28.22373428
28.22471276
28.22776705
28.23416057
28.234829
28.23494706
28.2620488
28.27265858
28.27298134
28.2753171
28.27804288
28.27973674
28.28222883
28.28511547
28.28905147
28.2974764
28.30041493
28.31193338
28.31886863
28.33333307
28.3340432
28.3471611
28.3575072
28.36291385
28.36319404
28.36363858
28.38503882
28.38686534
28.42062847
28.43430726
28.43572863
28.43647052
28.43683487
28.438097
28.44524991
28.47090661
28.47212559
28.47442276
28.48444906
28.49538735
28.49584395
28.50416396
28.50677929
28.52379742
28.52396666
28.53545677
28.5417236
28.546224
28.5474135
28.55852465
28.55980972
28.56149805
28.56212158
28.56800579
28.56840626
28.56973521
28.57006111
28.57819995
28.57828803
28.5854649
28.59052369
28.60901145
28.61409059
28.61475136
28.62911222
28.63005477
28.63618921
28.6362812
28.64555584
28.65003945
28.65456263
28.66024187
28.66086349
28.66725136
28.67208915
28.67408774
28.68275966
28.6899851
28.69164799
28.69180475
28.6956201
28.69708334
28.69818144
28.69841277
28.70012137
28.70562673
28.70595247
28.7275267
28.74013335
28.7420098
28.75273118
28.75751783
28.76488954
28.76794904
28.77653519
28.77833449
28.79728147
28.79929247
28.80311922
28.81460716
28.82629037
28.83214859
28.83600962
28.84079155
28.84270971
28.87667593
28.87726019
28.87862994
28.88078945
28.88302142
28.89409382
28.89578588
28.90245417
28.91105641
28.91842453
28.91862016
28.92705913
28.92952635
28.93270187
28.94099669
28.9470467
28.95172351
28.95451232
28.96017885
28.96318258
28.96361426
28.96586565
28.97318719
28.98039357
28.98333432
28.98545306
28.99319096
28.9973145
29.008124
29.01207743
29.01256899
29.02328049
29.02955344
29.03017561
29.03065024
29.03157242
29.03167341
29.05248036
29.05941162
29.06631494
29.06785065
29.07265321
29.07311132
29.07412717
29.08417927
29.09382275
29.09588297
29.09910406
29.10403455
29.10713092
29.10968327
29.11858526
29.12033769
29.12036889
29.12533739
29.12859129
29.12939524
29.1400919
29.14305008
29.14827211
29.16093424
29.16174608
29.16226551
29.17052093
29.17220859
29.1797902
29.18032562
29.19378695
29.19585548
29.20300896
29.20394909
29.2114218
29.21144871
29.21780035
29.22118628
29.23540524
29.2440638
29.24598976
29.24908541
29.25649321
29.25902906
29.26092798
29.26382931
29.27308605
29.2808618
29.28725038
29.3159075
29.32379604
29.33710543
29.33743412
29.34033587
29.34081108
29.34317422
29.34594634
29.3499706
29.36358721
29.36488409
29.36792366
29.36947679
29.37687468
29.37735586
29.38072512
29.38254012
29.38400259
29.38471637
29.38538562
29.39982732
29.40889385
29.42017919
29.43463808
29.44795403
29.45771748
29.46416042
29.47156259
29.47741671
29.48069921
29.48439992
29.48882958
29.49096726
29.49401389
29.50304807
29.50523036
29.50704598
29.51611558
29.52501367
29.5275305
29.53037621
29.54097171
29.55054817
29.55657523
29.56549169
29.57240298
29.57329479
29.57812712
29.58748357
29.5888162
29.58949031
29.60718808
29.61253065
29.62800691
29.6321052
29.65021184
29.65052947
29.65296893
29.66461594
29.66727337
29.67229086
29.67892453
29.68361658
29.68846716
29.69238699
29.69952329
29.70143197
29.70931288
29.72791119
29.73013036
29.73019662
29.73770045
29.75150773
29.75538903
29.77013109
29.77149434
29.78416743
29.78714005
29.79181107
29.80744318
29.80747243
29.81196601
29.82112112
29.82729394
29.83040388
29.84070774
29.84823072
29.8596912
29.86860065
29.86895762
29.8690834
29.87331077
29.8757015
29.87854588
29.87888063
29.8843055
29.89129144
29.89232778
29.89286629
29.90415889
29.90888522
29.9145443
29.91690582
29.93061247
29.93707596
29.93964907
29.94349168
29.94413861
29.97604322
29.98080499
29.98364695
29.98835437
29.99677232
30.01592643
30.01821337
30.02086169
30.02629908
30.0328403
30.04132304
30.06142622
30.07202564
30.08545364
30.10773379
30.11812084
30.11873003
30.17294105
30.20157245
30.25578031
30.27374995
30.28496619
30.30260453
30.32992227
30.33276599
30.33499674
30.33723921
30.38257873
30.39321309
30.41235793
30.41588462
30.42012134
30.43683729
30.47757686
30.49183837
30.50420876
30.50734778
30.53684308
30.55472573
30.55992394
30.573999
30.5753044
30.58139475
30.64095781
30.72119881
30.7280404
30.7645515
30.79375683
30.84835031
30.88482722
30.88883074
30.90225239
30.90607799
30.91219459
30.91471455
30.94908189
30.97758716
30.99256944
30.99694676
31.01274943
31.01963639
31.02215872
31.07508973
31.08368929
31.08564994
31.09154239
31.09779147
31.1006247
31.11047251
31.12896766
31.18298415
31.20478173
31.2119298
31.2123945
31.21629982
31.2192752
31.22790131
31.24021696
31.27180992
31.29986342
31.3115978
31.32863689
31.32995611
31.33170829
31.34920143
31.35730791
31.40948821
31.4345059
31.46417866
31.46511256
31.46846241
31.48451729
31.48469278
31.49338309
31.49398069
31.52104732
31.52675982
31.53243779
31.53356352
31.55846339
31.56213762
31.65333432
31.65531175
31.66524687
31.7018373
31.70447482
31.74105409
31.74379487
31.74592134
31.75048899
31.77681682
31.80130272
31.8520694
31.85744939
31.86641378
31.86847286
31.87859192
31.88342554
31.89356292
31.96987867
31.99490489
31.99928579
32.06097197
32.13409675
32.17752026
32.23797837
32.26935342
32.27652024
32.31944397
32.32362177
32.34744009
32.38697531
32.39523995
32.44577836
32.45465292
32.47648301
32.50037548
32.51247398
32.57720726
32.6112614
32.63918668
32.66160599
32.68067385
32.71748548
32.7477393
32.76795887
32.79766751
32.81705216
32.82141065
32.83963757
32.84213012
32.86316618
32.88733849
32.89300162
32.97030511
33.04687968
33.08706051
33.1056981
33.15122581
33.18184225
33.20258348
33.23453301
33.30711818
33.32315744
33.33024826
33.34214482
33.36140093
33.36984395
33.39438752
33.4126864
33.44619894
33.4641162
33.46873719
33.49077065
33.50876355
33.55695561
33.56150184
33.64769646
33.66855394
33.7462686
33.78372897
33.7960155
33.80020039
33.80398664
33.83508569
33.86351172
33.8642935
33.88004781
33.93679864
33.95309131
34.03619494
34.03679184
34.05296914
34.1262979
34.13072188
34.16438906
34.17719782
34.2804607
34.28879307
34.37329112
34.38922481
34.51423957
34.51465139
34.51934775
34.53823889
34.58561471
34.5917846
34.6008247
34.63880966
34.6455408
34.72413192
34.73823882
34.74004942
34.76086052
34.87248659
34.89226666
34.89814946
34.90665289
34.93174223
34.9466155
35.09357419
35.12158265
35.21462816
35.26824831
35.32876402
35.33294932
35.37775595
35.38598705
35.3915464
35.39986338
35.45790488
35.47478322
35.53845018
35.63627319
35.67667332
35.7877738
35.83089092
35.89307536
35.89855625
35.95176642
35.96054636
35.99009679
36.00415838
36.04353699
36.20970524
36.30049702
36.32268069
36.51268371
36.56769731
36.73126647
36.75087487
36.89163721
36.97794384
37.03551903
37.13165026
37.4620912
37.46566825
37.58899717
38.06099482
38.2016825
38.38231475
38.4191628
38.4418717
38.58954491
38.72382798
38.73218907
39.01793345
39.04071989
39.06555518
39.23342464
39.30050027
39.37102553
39.64851881
39.70772192
39.73149053
40.00439101
40.10207731
40.21199348
40.66012294
40.76998685
40.78881819
41.04224355
41.18664903
41.20733624
41.31330062
41.36106301
41.41968393
41.65602996
41.94865736
42.07213781
42.13473976
42.30495821
42.39413392
42.54744013
42.84609252
42.92325255
42.93368602
42.93605359
43.03714283
43.08022702
43.30204933
43.36051537
43.67549305

==================================================

=== humidity ===
Data type: float64
Total unique values: 2200

14.25803981
14.27327988
14.2804191
14.32313811
14.33847406
14.42457525
14.44008871
14.44228303
14.69765308
14.70085967
14.71070537
14.72115044
14.74071856
14.76014523
14.77959596
14.82633099
14.92241479
14.99451145
14.99927489
15.11279612
15.15405941
15.21618225
15.22538951
15.27824066
15.36143547
15.40312102
15.40589717
15.48083156
15.57324389
15.65809214
15.7559405
15.77458129
15.82069268
15.83500655
15.84572566
15.85622899
15.9362937
16.02542689
16.06240074
16.1074793
16.14565756
16.17772668
16.39055394
16.39535215
16.41998269
16.42891834
16.54314829
16.60820843
16.63294455
16.63805158
16.67921616
16.71826572
16.80472243
16.89574311
16.96070581
16.98861173
17.0662427
17.13159126
17.17260319
17.26184541
17.30457712
17.41333199
17.44534641
17.54024066
17.58406365
17.60756635
17.63879418
17.80852431
17.85057083
17.86754927
17.93253975
18.02235902
18.09224048
18.09665739
18.15302753
18.18325169
18.22590825
18.23490739
18.25142068
18.28173015
18.29318436
18.30968112
18.37477907
18.43475844
18.48522915
18.57086554
18.66725565
18.67170854
18.71483156
18.72479695
18.72831993
18.74926979
18.74943955
18.75626255
18.77621951
18.8251973
18.86880997
18.90426935
18.90705639
18.91295403
18.93146941
18.97267518
18.98030507
19.09172907
19.17651433
19.18197264
19.22008229
19.2303162
19.27907819
19.33470387
19.37703396
19.38602098
19.44225438
19.5161216
19.56381041
19.60379304
19.63438599
19.63719995
19.68538502
19.68751084
19.7520218
19.76182946
19.83643308
19.85388984
19.8601304
19.87070659
19.90790546
19.96978871
20.01730914
20.18238348
20.24768314
20.31564139
20.31871249
20.39659714
20.4555596
20.51346956
20.57940608
20.59541693
20.70099804
20.74619325
20.81527638
20.83398341
21.0278674
21.07643273
21.14544088
21.17919701
21.1893007
21.21092266
21.27833035
21.33953114
21.35793891
21.43780702
21.47324158
21.59396123
21.79992115
21.90539577
21.98879437
22.27512704
22.3104551
22.33195853
22.42610972
22.7182355
22.74378977
22.77255917
22.89464642
22.89845607
22.91244883
23.02251117
23.02410338
23.10538637
23.20591245
23.22197648
23.22323766
23.2353604
23.3334788
23.42829938
23.61670065
23.75560241
23.77201471
23.96362799
24.03553105
24.13995025
24.24045875
24.25386207
24.32991649
24.35679348
24.36314135
24.45202552
24.54038287
24.67385131
24.75485098
24.84207559
24.87304788
24.89487354
24.90814655
24.91506728
24.92607153
24.93896255
24.96881755
24.96969858
30.40046769
30.98685456
31.94550613
32.24914235
32.31528909
32.45974539
33.10695144
34.13307843
34.13737127
34.51086611
34.69776639
34.75591197
34.80541039
35.29006485
35.39454002
35.42910045
35.48885969
35.6395615
35.72032498
36.52780776
36.67847052
36.82639309
37.57792132
37.73992903
38.23184742
38.40975482
38.80023714
38.83786012
39.04468913
39.37252634
40.00933429
40.03262418
40.1242747
40.58227261
40.5926071
40.7192594
40.92604945
41.36561835
41.55934359
41.69617915
41.81420849
42.26206161
42.35249879
42.89833235
43.02151392
43.35365671
43.35795962
43.58788762
43.61444121
43.65305437
43.6672299
44.17085032
44.2252605
44.359648
44.82069159
44.82294584
44.8302551
44.93322042
45.01110015
45.02236377
45.03186173
45.16127859
45.20094476
45.3733757
45.38497051
45.41393636
45.41692012
45.53106268
45.53556603
45.5661059
45.58110023
45.61143594
45.70976142
45.88744691
45.89239456
45.90067655
45.93248374
45.96341933
46.01868196
46.12866113
46.16888595
46.24856523
46.42693735
46.48714759
46.68746847
46.69536813
46.73723302
46.78393776
46.82652785
47.02058367
47.16808054
47.18283631
47.19188279
47.19847683
47.2879691
47.36534833
47.40519056
47.41196659
47.45553843
47.52980027
47.54885174
47.59319575
47.67525434
47.70351758
47.71875722
47.74916499
47.90859131
47.93791463
47.94053996
47.97230503
48.13974548
48.17631461
48.20662669
48.23991436
48.27531965
48.41490082
48.50387598
48.5622488
48.56916221
48.69677802
48.75613373
48.77926304
48.8246387
48.88704844
48.93905624
48.97047762
49.00323081
49.02450149
49.08864345
49.21729127
49.30347234
49.32609633
49.40983294
49.4421345
49.45962621
49.47225353
49.48613279
49.60384796
49.66474269
49.84213387
49.92963856
49.94704718
49.95955487
49.9767522
50.04557009
50.0983181
50.12323801
50.19368841
50.22287593
50.34035336
50.40609436
50.44030129
50.50148528
50.52559148
50.54495302
50.54621094
50.56339727
50.62161586
50.66687215
50.69693751
50.70880979
50.7330069
50.77148138
50.84881347
50.96040505
51.0845903
51.08494181
51.11044023
51.25786185
51.27868781
51.29019509
51.29043632
51.29142534
51.33189406
51.39586505
51.41593238
51.42664176
51.4271781
51.59100753
51.59445462
51.66921088
51.77965917
51.79939437
51.93952357
51.94190321
51.98594645
52.10010827
52.12739421
52.13797867
52.13864034
52.19331595
52.22780489
52.23810152
52.24226285
52.25738495
52.26311691
52.26994674
52.3003173
52.31098539
52.34605806
52.48100602
52.48823147
52.50987966
52.5896771
52.60950014
52.61323969
52.62696801
52.62741529
52.66319725
52.72170281
52.79913039
52.88667115
52.89368299
52.94641947
52.95261751
52.97841162
53.00366334
53.05980465
53.06009323
53.19212381
53.2208266
53.2328243
53.33018851
53.50567601
53.53903102
53.56092806
53.57014709
53.57285558
53.63549533
53.72979826
53.74144743
53.76623369
53.83876189
53.96886679
54.01352682
54.1077461
54.15319242
54.16482251
54.25964196
54.28617819
54.30329632
54.32342534
54.36976075
54.39416048
54.41094079
54.43945147
54.49960506
54.61813464
54.65030015
54.80750249
54.82130787
54.82257868
54.9640534
55.18792166
55.196224
55.20522037
55.25435777
55.27564977
55.27755933
55.28220433
55.32222678
55.46985938
55.51673151
55.53128131
55.55164819
55.59160391
55.64709899
55.7497332
55.77264351
55.83288958
55.96805489
55.97732754
55.99375012
56.01334416
56.03021253
56.18107663
56.31006755
56.32938343
56.35606753
56.40226277
56.46829641
56.46868874
56.50768935
56.63636248
56.67369054
56.73426469
56.7685316
56.85420099
56.92831399
56.96640758
57.03184356
57.04151119
57.14218792
57.1621814
57.17377029
57.21025565
57.23265151
57.27927475
57.30636014
57.3414485
57.36469955
57.48775781
57.53161469
57.56695719
57.68272924
57.69622912
57.72920846
57.80840636
57.88370456
57.92887167
57.93250202
57.97429171
58.22686794
58.25204566
58.25799145
58.45742907
58.50650238
58.51663927
58.52534263
58.55363573
58.59986279
58.75082029
58.84015925
58.84880599
59.21235483
59.24537979
59.24580604
59.3189118
59.33157782
59.37147589
59.38967583
59.4375337
59.52193158
59.64024162
59.66263104
59.68849145
59.79023382
59.79236306
59.96664731
59.96669215
60.06534859
60.09116626
60.1159381
60.11680815
60.13263713
60.16299493
60.18122078
60.19461399
60.2001687
60.24218572
60.26854183
60.27766379
60.2816298
60.37332688
60.39523266
60.39647474
60.424786
60.44848407
60.47470519
60.47528931
60.49244602
60.4989659
60.50320928
60.5160021
60.53657684
60.54880693
60.61494304
60.63872613
60.71367427
60.76645256
60.85993533
60.97876599
60.9835384
61.02701476
61.03273481
61.09387478
61.09533545
61.10935084
61.14508627
61.14754363
61.18235808
61.18458224
61.18749126
61.18956161
61.24500053
61.25353851
61.26002598
61.28633405
61.3009051
61.32026065
61.33186249
61.33450447
61.34900107
61.36669662
61.37879671
61.38597868
61.39451307
61.43378674
61.53278622
61.55327249
61.5620517
61.57072498
61.58245338
61.61367264
61.62313345
61.66852372
61.69295127
61.74427165
61.77336343
61.78779413
61.88321072
61.88871127
61.89082199
61.89472002
61.91044947
62.0183627
62.04814951
62.10652364
62.13873825
62.1445102
62.26244581
62.26594559
62.28814857
62.35557553
62.35750641
62.40392519
62.44616219
62.45851612
62.4901206
62.49878458
62.50453062
62.50460464
62.51007687
62.5542482
62.56532471
62.57526895
62.60136323
62.65692638
62.67087838
62.69503871
62.70637578
62.73178224
62.73317204
62.74710773
62.84916863
62.85948245
62.88179198
62.89366992
62.90020977
62.93692886
62.96841833
62.99303471
63.04749127
63.0563645
63.10459626
63.11296779
63.13215259
63.14909763
63.1621551
63.18180319
63.18738532
63.18832976
63.19915325
63.20915034
63.22011726
63.24648023
63.27771461
63.29103387
63.31801994
63.36085585
63.37230676
63.37479229
63.38789228
63.39503184
63.41785982
63.46170674
63.46513414
63.4711755
63.47742011
63.49802189
63.53604453
63.54718862
63.55324262
63.56222995
63.56791363
63.58337146
63.59948557
63.64698302
63.65861483
63.68128841
63.69070564
63.73086065
63.73849998
63.83179889
63.90164154
63.91281869
63.93927841
63.95425534
64.00213929
64.07691942
64.10651528
64.1123333
64.14800537
64.14928485
64.2020154
64.2097765
64.23364112
64.23580251
64.24992106
64.25510719
64.28791388
64.34848735
64.45268309
64.47858698
64.49166566
64.50515776
64.51136845
64.57578034
64.59457409
64.70930606
64.72543073
64.94329356
64.95585424
64.98742947
65.06601664
65.1034354
65.14877461
65.21662467
65.26185135
65.26774011
65.33538112
65.34583901
65.35549924
65.44340921
65.44544859
65.47050802
65.47227704
65.57653373
65.61418761
65.62971858
65.64381357
65.67718163
65.71765781
65.73085206
65.7420046
65.76816093
65.77472881
65.8108757
65.84395319
65.8567539
65.91359954
65.92195844
66.02411187
66.10123083
66.14007674
66.15665137
66.17587668
66.20569924
66.29327012
66.31394098
66.32102048
66.34777265
66.35375127
66.4132686
66.43934593
66.45457122
66.50415474
66.55723677
66.60416867
66.61452812
66.6379724
66.65952796
66.68832981
66.6902901
66.70897237
66.74217464
66.76017239
66.76090123
66.770943
66.7729209
66.78627406
66.895409
66.92642362
66.99765375
67.02664337
67.06230539
67.07780816
67.09608099
67.10004577
67.10464369
67.10604388
67.21113844
67.22190688
67.22512329
67.31323084
67.37768353
67.38680755
67.40460704
67.55109024
67.5861883
67.62779652
67.66323804
67.7017527
67.72837887
67.76252583
67.77954584
67.816568
67.83563765
67.88521396
67.88811637
67.89815262
67.90577375
67.96910852
67.99257471
67.99803573
68.00096043
68.01232937
68.01965728
68.03209183
68.034493
68.05394959
68.10365387
68.13999721
68.17543102
68.27085245
68.30578978
68.32176769
68.3584573
68.4233391
68.44030686
68.48030408
68.49299897
68.49835977
68.51966729
68.53997144
68.59232289
68.63525428
68.6428593
68.65257685
68.66257977
68.68401492
68.70533022
68.74248334
68.75810535
68.77994074
68.79427388
68.93307305
68.93875631
68.98088448
69.00128641
69.01852894
69.02298571
69.0276233
69.0854554
69.09047809
69.12613376
69.15640149
69.29786244
69.3159965
69.3478631
69.34811988
69.35161206
69.36385721
69.4073209
69.48515056
69.55863145
69.63481219
69.6897615
69.69141302
69.69366426
69.71184111
69.76112921
69.84354028
69.92375891
69.94807345
69.96100028
70.04556743
70.4162444
70.74739256
70.88259632
70.89000744
70.95705996
71.09445342
71.14782585
71.23690851
71.31342851
71.4509053
71.50905983
71.516474
71.57476937
71.59351368
71.59722446
71.91711523
71.96246617
72.00460848
72.01364411
72.24850829
72.33125523
72.52054555
72.60512854
72.61024172
72.80086137
72.85462807
72.89187265
72.97198375
73.13112261
73.19897535
73.35763537
73.4541537
73.48655995
73.58868502
73.62548442
73.65346838
73.7459581
73.80435276
73.81994896
73.84186449
73.96164569
74.089114
74.09956958
74.27607475
74.36794079
74.4407048
74.52600826
74.63745355
74.68322732
74.82913698
74.89465426
74.99739774
75.00539324
75.03193255
75.14640198
75.26429821
75.37170612
75.39752705
75.40989245
75.53835214
75.62137159
75.6350708
75.66653335
75.68339729
75.77363772
75.77503808
75.88298598
75.94067692
75.98203329
75.99987588
76.04203958
76.05522115
76.11021529
76.11239849
76.16151562
76.17851932
76.2403666
76.24900101
76.25674874
76.30050373
76.43836957
76.44048625
76.47039772
76.48541655
76.50045221
76.52808057
76.53237965
76.57853189
76.59175937
76.63713353
76.66724969
76.67484233
76.72621429
76.7433897
76.75768356
76.8532006
76.85691248
76.97696717
76.98740841
77.01222585
77.0543546
77.07598065
77.17331847
77.21705554
77.25629897
77.32017166
77.34264002
77.38229006
77.3970629
77.43198948
77.48247073
77.51235009
77.52425987
77.62976013
77.7293114
77.79586769
77.79913575
77.85055621
77.90621048
77.91757121
77.95192527
78.00774772
78.02763149
78.04602887
78.06762846
78.1258666
78.17952126
78.20392774
78.20585613
78.21047693
78.22080815
78.3422098
78.34971537
78.45959697
78.4873835
78.51063754
78.51206972
78.51833782
78.52399914
78.53037059
78.54340987
78.58320116
78.62697699
78.63388824
78.71024836
78.71555832
78.76260938
78.8086068
78.89864446
78.90085998
79.04368718
79.1188943
79.12404171
79.15532398
79.19588629
79.19732001
79.26861738
79.28625709
79.28693687
79.29122198
79.29573149
79.35898915
79.39654531
79.46283115
79.47270984
79.47557931
79.49221962
79.59242542
79.68542782
79.78725152
79.79609448
79.95150917
79.9751579
80.01639435
80.02130636
80.02621335
80.03100049
80.03499648
80.04662756
80.04678201
80.06633966
80.09711412
80.11585705
80.1190228
80.12211649
80.12267476
80.13456404
80.14487166
80.14509262
80.15215777
80.15836264
80.18080728
80.18393287
80.18546798
80.18612085
80.1923008
80.22631717
80.22972777
80.2389895
80.261731
80.27525115
80.28038146
80.2827185
80.28297993
80.28597873
80.29868321
80.30025587
80.30351815
80.31964408
80.33127223
80.33502926
80.3477562
80.35005927
80.3509046
80.37979919
80.38266489
80.41198458
80.41363018
80.41817957
80.4513142
80.45744422
80.45846265
80.47152737
80.47476396
80.49172597
80.49979873
80.52389148
80.52586088
80.53965818
80.54372813
80.54498576
80.54942557
80.55557235
80.55625868
80.56887849
80.57226761
80.58931938
80.61750795
80.63399198
80.6430384
80.64416466
80.65968681
80.66385045
80.68700527
80.70695797
80.70960551
80.72886384
80.73112694
80.76238215
80.76838926
80.77275974
80.79783998
80.80343786
80.8084305
80.84806564
80.86325389
80.88684822
80.90127035
80.90424543
80.91934337
80.91934392
80.92254421
80.94023552
80.95628959
80.96093443
80.97384195
80.97598029
80.98004661
80.99313508
81.01009354
81.01783402
81.02453404
81.03544763
81.03569343
81.03886263
81.04554836
81.05635517
81.06003778
81.08183635
81.10523402
81.12109244
81.12122989
81.13449097
81.13668716
81.13903037
81.14149505
81.15595212
81.16314317
81.17712085
81.17734011
81.17931863
81.19666206
81.20876367
81.23966573
81.24995984
81.2514818
81.25353895
81.30681027
81.31677618
81.32235739
81.32563243
81.33265073
81.33506906
81.36028902
81.38103349
81.38204104
81.40297428
81.40633547
81.40740301
81.41753846
81.43321641
81.44030363
81.45061596
81.45139295
81.46033732
81.4654833
81.53480799
81.53977797
81.53996362
81.54156612
81.54185044
81.54448882
81.56641891
81.59200689
81.60487287
81.61051026
81.6212135
81.62497448
81.63895217
81.64075303
81.65769588
81.67085323
81.67215994
81.68688879
81.69105088
81.69801729
81.70476368
81.73049149
81.7358876
81.76904006
81.77527562
81.77713468
81.78596776
81.79475917
81.8009244
81.81365007
81.83896111
81.85872947
81.86171563
81.89918197
81.91411159
81.94268594
81.95580471
81.96664832
81.97904282
81.97927117
81.97952224
82.00274423
82.00335557
82.03812973
82.043255
82.05687182
82.0638878
82.06719137
82.09053379
82.09281674
82.11124033
82.11319791
82.1193047
82.1235421
82.14004101
82.1480873
82.1706881
82.1888998
82.20793613
82.20802629
82.21079946
82.21276599
82.22118237
82.22572988
82.24415809
82.24729637
82.26890793
82.286484
82.29335466
82.3207629
82.33098331
82.33733678
82.34429458
82.35916228
82.36208097
82.36698992
82.39053979
82.42614055
82.44777468
82.45432595
82.48336987
82.50257909
82.51034633
82.54195839
82.55138983
82.56407013
82.57813624
82.5993307
82.60629652
82.63941394
82.66396666
82.66850729
82.67639542
82.67839517
82.68593454
82.68738535
82.68752542
82.69285419
82.7015932
82.71775569
82.72828653
82.73366439
82.73685569
82.74835604
82.75241875
82.75411437
82.76020821
82.7883708
82.79092939
82.79782954
82.81088865
82.82904143
82.84022551
82.85284045
82.8597549
82.89166381
82.89408619
82.89753705
82.9042841
82.9116472
82.91481799
82.92903419
82.93262435
82.94164078
82.94270065
82.94573346
82.94682591
82.94703302
82.95221726
82.95958244
82.96221306
82.99556744
83.00320459
83.00471609
83.03322691
83.03687902
83.03878838
83.06310136
83.09194521
83.11713476
83.12053888
83.14796296
83.15250801
83.15393658
83.17093908
83.18392806
83.20630007
83.24855855
83.25447587
83.29114712
83.31110751
83.31172003
83.31240346
83.31883376
83.32560104
83.3293191
83.33983116
83.34010951
83.34688193
83.36094029
83.36307683
83.37011772
83.390039
83.44518113
83.44621709
83.46230461
83.4630147
83.46358271
83.46409075
83.47021081
83.47038318
83.47202566
83.4795292
83.48991368
83.50423735
83.51014178
83.51444973
83.51827127
83.52706038
83.52842314
83.5352163
83.54193816
83.55546146
83.55829874
83.56812483
83.58760316
83.59398734
83.59512273
83.63276077
83.63488952
83.63802195
83.64274107
83.67675197
83.6869203
83.69659318
83.6995044
83.71498986
83.72874389
83.7287574
83.74372787
83.74765639
83.77345559
83.78911515
83.8001509
83.83625819
83.85039964
83.85642678
83.86129998
83.86742974
83.88266234
83.88387074
83.88504863
83.891805
83.89241484
83.91902605
83.9195902
83.96754496
83.97586797
83.98351748
83.9862443
84.04403589
84.09229796
84.09985284
84.1341879
84.14668447
84.15403614
84.16390229
84.16855231
84.1726996
84.18406764
84.20576992
84.24340241
84.26830701
84.28187572
84.30533791
84.31756844
84.34262707
84.41007614
84.42379269
84.42478917
84.44932014
84.47321314
84.47601498
84.47963372
84.48235878
84.49774397
84.51194224
84.51591287
84.51602322
84.54625006
84.55794703
84.56919326
84.59201843
84.60808277
84.61431076
84.61527627
84.62978302
84.6378378
84.67353597
84.69546874
84.70189923
84.79352417
84.80084105
84.81360127
84.84422454
84.84494575
84.8593608
84.86275707
84.87668973
84.88394407
84.8845732
84.94375962
84.96089355
84.96771717
84.96907151
84.97323747
84.97849241
85.00802358
85.05318563
85.08640476
85.12912161
85.16906976
85.19098079
85.34866045
85.4017118
85.40695044
85.42058715
85.42912869
85.44815232
85.49938185
85.56033312
85.56083187
85.5667282
85.56967628
85.5701901
85.60472562
85.63608688
85.70786282
85.72530641
85.81675947
85.83618191
85.85384444
85.87059083
85.91625451
85.99127934
86.10782926
86.10874614
86.12194568
86.13316408
86.14290267
86.14585891
86.16063492
86.19740917
86.20613842
86.20681554
86.20899734
86.25426228
86.33904774
86.34233767
86.35590206
86.404241
86.45147631
86.45193297
86.49366929
86.52258079
86.5507939
86.5543196
86.63249555
86.67468041
86.69133979
86.70068316
86.7295205
86.73346018
86.79058496
86.79261344
86.84264005
86.8870535
86.88738076
86.89934108
86.94206817
86.97061481
86.97190046
86.99495766
87.06071115
87.09979549
87.11497805
87.1269128
87.16679147
87.17649
87.1775172
87.20772913
87.21986949
87.22815682
87.31290342
87.32761241
87.4024767
87.4512669
87.47409052
87.50436797
87.5267616
87.55055105
87.5931128
87.59629625
87.59810657
87.60890009
87.64081095
87.65694462
87.6883982
87.74938524
87.80507732
87.81661683
87.82430156
87.8274604
87.84034604
87.88255345
87.91332682
87.93598094
87.93724219
87.9392312
87.95158129
87.98329901
88.00989267
88.04541346
88.07112278
88.07505524
88.1508343
88.16513579
88.16779129
88.22874955
88.30866319
88.3313023
88.36668522
88.4393979
88.45577158
88.48312598
88.48567856
88.48587386
88.50229102
88.59143088
88.66663953
88.6984228
88.71691157
88.71782287
88.7285657
88.73100226
88.80391021
88.83768149
88.87651295
88.92944254
88.94568335
88.95692783
88.9570454
88.989272
89.00481725
89.01574455
89.02127045
89.05587886
89.07866095
89.08935702
89.1148059
89.12760359
89.13163965
89.1886954
89.20454622
89.24126808
89.28272716
89.30428305
89.31505137
89.3259486
89.38003827
89.39655519
89.39686219
89.4138489
89.4875022
89.61794165
89.61850203
89.63667876
89.64815231
89.64934166
89.68919664
89.71503316
89.73266695
89.73524177
89.75272999
89.77076659
89.7870345
89.80650642
89.80732335
89.81574032
89.86454053
89.89106506
89.89593328
89.90147027
89.9224883
89.92908171
89.93457597
89.93701023
89.98405233
89.9939693
89.99615558
90.00621688
90.01506395
90.01734526
90.02575116
90.02696201
90.03577124
90.03863107
90.03969587
90.06998135
90.07600528
90.09448142
90.09877774
90.10051615
90.10522549
90.12220323
90.14362622
90.14362642
90.14732171
90.15406807
90.17015833
90.18451645
90.19147747
90.20396783
90.21646909
90.22399223
90.22507299
90.23730166
90.26408017
90.26457428
90.27185592
90.27214288
90.29751796
90.31153735
90.31528693
90.33698678
90.3396556
90.34396882
90.34546355
90.35567642
90.36881284
90.37981478
90.38971208
90.42177379
90.44967809
90.45261746
90.45773041
90.4582865
90.4935574
90.49939035
90.50096668
90.50621806
90.51431779
90.53330091
90.54608254
90.55561637
90.56151463
90.56698742
90.59810302
90.60901895
90.60932469
90.61964344
90.64498715
90.65458473
90.6878768
90.69033986
90.69489172
90.69759008
90.70475565
90.70937262
90.71037456
90.71832938
90.72351622
90.72526502
90.73891887
90.73966792
90.74531921
90.75284363
90.75379971
90.77069618
90.78413842
90.78572467
90.78821158
90.78931681
90.79007335
90.79028064
90.79093862
90.79668055
90.80015308
90.80819418
90.81781439
90.83130708
90.83687246
90.84422164
90.84660317
90.85174383
90.87394933
90.88292835
90.88612388
90.90054697
90.90343769
90.91510525
90.92669463
90.93756231
90.93897939
90.9492967
90.95257927
90.95589386
90.97015715
90.97597665
90.97685539
90.97818277
90.97819712
90.98617591
91.06053924
91.06138506
91.07355541
91.07574233
91.07776977
91.08706822
91.10510371
91.11764246
91.11927248
91.12220596
91.12282162
91.12719303
91.13435689
91.13772765
91.14220381
91.14723422
91.14849627
91.1508798
91.15248149
91.15761594
91.1756748
91.19431555
91.19442671
91.20106019
91.21322065
91.22062116
91.22320999
91.22759742
91.25271223
91.25589286
91.28408653
91.30924833
91.3256535
91.33617236
91.34039616
91.34663797
91.34685096
91.35349216
91.35608208
91.37059792
91.37258067
91.38048469
91.3821731
91.38411917
91.39356832
91.40301608
91.40896307
91.4448027
91.45498527
91.45665004
91.4618874
91.46241065
91.47355778
91.47684705
91.48135786
91.48247612
91.48815629
91.48889469
91.49725058
91.49882979
91.50819306
91.51861705
91.52291141
91.52421214
91.52781832
91.53331177
91.53720922
91.5473145
91.55594211
91.57802915
91.58076549
91.59234006
91.60666594
91.61001707
91.61793636
91.63536236
91.64193051
91.64194826
91.64509299
91.66232213
91.66737633
91.68293851
91.68748063
91.69532178
91.69865887
91.69913296
91.70292746
91.70293849
91.70445386
91.71369387
91.72514851
91.72546257
91.72742702
91.74780462
91.78336933
91.79430166
91.79742953
91.81183218
91.81320717
91.81668769
91.81758779
91.82172592
91.89216849
91.90842992
91.90997228
91.91185319
91.91533173
91.92360477
91.94670335
91.95614918
91.95769858
91.97978938
91.98317355
91.99740365
92.00687531
92.00719952
92.03009222
92.03272799
92.04304496
92.04670813
92.05811721
92.09278584
92.09688432
92.11508608
92.12438519
92.12534736
92.12543021
92.12746225
92.12992101
92.13229786
92.15595143
92.15987039
92.17170353
92.17444796
92.18151927
92.19906776
92.21083961
92.21405224
92.22706805
92.25197542
92.25479855
92.27749066
92.30882391
92.36099489
92.38282957
92.39544055
92.39651663
92.40501423
92.43510994
92.43764169
92.45878335
92.48519606
92.48667725
92.48839665
92.48879468
92.50969311
92.51054946
92.51077745
92.51675903
92.54736032
92.54780429
92.56492864
92.58862544
92.61715632
92.62665309
92.65058936
92.68328358
92.70124029
92.70785115
92.72043743
92.73041222
92.73446667
92.74501561
92.74889453
92.76039164
92.76437927
92.78226196
92.79630809
92.80441624
92.82223419
92.83405443
92.83975602
92.84416234
92.85470152
92.86056895
92.86597437
92.86773675
92.86798698
92.87820148
92.88160462
92.90736493
92.90951393
92.91185695
92.91440379
92.91487288
92.91778307
92.92203105
92.92367701
92.93386903
92.9585411
92.96129462
92.9641969
92.97527546
92.98254537
92.99124545
93.00109012
93.00754254
93.02357765
93.02871078
93.03555162
93.0484859
93.04897191
93.0569505
93.06134398
93.10378595
93.10527686
93.10887229
93.12316972
93.12603235
93.12659793
93.12859895
93.13277
93.14554876
93.15642801
93.16343942
93.18240298
93.22642604
93.22980899
93.24688124
93.25103208
93.25638873
93.27189064
93.27392415
93.27565685
93.28415295
93.30641944
93.31410447
93.3204487
93.3210737
93.32657504
93.34236582
93.35191636
93.36348717
93.37488907
93.39676499
93.40548703
93.40819246
93.42402083
93.43949693
93.44006288
93.45042636
93.45067555
93.46806467
93.47888842
93.48447453
93.50574163
93.51978375
93.52211892
93.56161439
93.56585985
93.58065995
93.61055571
93.61082872
93.61870344
93.63739039
93.63812684
93.64761266
93.661643
93.67804556
93.68394562
93.69111672
93.69979946
93.71043692
93.72485075
93.74461474
93.75652041
93.76312893
93.79503425
93.7974061
93.82567435
93.84150618
93.84505029
93.87030088
93.88482153
93.90191078
93.90305729
93.90560147
93.90741192
93.91722423
93.92217834
93.96834049
93.97379963
94.01014388
94.01331956
94.02769434
94.0371147
94.11878202
94.14861001
94.16193416
94.16748386
94.17756725
94.18955816
94.19790371
94.22237826
94.22253035
94.25702672
94.25966183
94.26304717
94.26765349
94.27659596
94.2911951
94.29753295
94.30111601
94.30759855
94.3138837
94.31994776
94.32130209
94.33465411
94.33919546
94.34814995
94.35110201
94.35734702
94.35815354
94.36803516
94.38420565
94.39000473
94.42971362
94.43877142
94.45239715
94.46485312
94.47316879
94.47811755
94.48414544
94.50528753
94.50766912
94.5110662
94.51768464
94.54128292
94.5513539
94.55239717
94.55695552
94.57377401
94.57459443
94.5764581
94.58075845
94.58900601
94.59086121
94.59551226
94.60761797
94.63548176
94.63612858
94.63676767
94.6428898
94.65343534
94.65830608
94.65904123
94.67695747
94.71203306
94.72981338
94.73613484
94.73763514
94.73860514
94.76285385
94.76759975
94.78797376
94.78993038
94.79397419
94.79453182
94.79998418
94.81637388
94.86907886
94.87679041
94.88267728
94.8933184
94.89613443
94.90485697
94.92048112
94.94021378
94.94330457
94.94482086
94.95031368
94.96218673
94.96419851
94.99897537
95.01630593
95.02156793
95.11294697
95.11320315
95.16333673
95.21224392
95.23797989
95.41122824
95.48763389
95.59224018
95.64807631
95.65754365
95.66997327
95.67906668
95.71935435
95.78923137
95.8840407
95.89739958
95.94643831
96.30484325
96.38580769
96.46168931
96.65248672
96.66355213
96.7036223
96.92786777
96.93649473
96.96637916
96.97300803
97.00155491
97.00396405
97.48410555
97.61361544
97.76865458
98.08951196
98.09861043
98.29937782
98.3670985
98.38227669
98.62048026
98.80313612
99.18843684
99.34854917
99.64328526
99.64573002
99.65809151
99.7240104
99.84671638
99.96906006
99.98187601

==================================================

=== ph ===
Data type: float64
Total unique values: 2200

3.504752314
3.510404312
3.5253661
3.532008668
3.558822825
3.692863601
3.71105919
3.793575185
3.808429173
3.828031463
4.193189124
4.371745575
4.397698806
4.507523551
4.516154055
4.52363558
4.524171562
4.525722333
4.546466109
4.548202098
4.555688532
4.567446499
4.603563116
4.605700542
4.608695247
4.61136408
4.626212446
4.650536197
4.66910839
4.672437054
4.674941549
4.681576043
4.684079249
4.691396195
4.696518678
4.697750704
4.722222454
4.747352458
4.74910393
4.750929218
4.754435025
4.755273631
4.757114897
4.759490199
4.760038039
4.772385986
4.791146778
4.803564468
4.807776749
4.820788186
4.828936119
4.895927306
4.931890506
4.934964765
4.94295037
4.946263888
4.946369874
4.947683034
4.954739564
4.962661422
4.964887857
4.981816523
5.001038726
5.004074624
5.005306977
5.012139669
5.01450727
5.023115055
5.024124684
5.026003659
5.061081874
5.064613314
5.070175667
5.074272692
5.075504537
5.101206389
5.105588355
5.108681786
5.111488821
5.131779302
5.161148592
5.16516459
5.17782304
5.180271502
5.191265116
5.206373153
5.243634849
5.254532213
5.261285926
5.266227032
5.269084669
5.269504214
5.270749441
5.279388967
5.286203711
5.316875978
5.32307197
5.333322606
5.339556562
5.342866119
5.374358869
5.384762927
5.386167788
5.391560418
5.395275719
5.403908328
5.414492777
5.417340525
5.418475257
5.421265283
5.435840509
5.445008416
5.453592032
5.457871273
5.49091063
5.497946899
5.498340808
5.50158009
5.502999119
5.505393833
5.507641778
5.509295379
5.50947065
5.510924849
5.513697923
5.514234138
5.514253142
5.514927264
5.515615023
5.517208078
5.519088423
5.52078314
5.520880014
5.521466996
5.525904526
5.532100554
5.53456749
5.534878156
5.536645599
5.539980812
5.542169139
5.542690119
5.542873799
5.543360238
5.545219232
5.547594847
5.547933273
5.548584852
5.54990242
5.550832178
5.551963184
5.554823557
5.554831977
5.55771171
5.558807063
5.559363609
5.560224583
5.560521058
5.561398642
5.561510732
5.561851831
5.562201934
5.56222383
5.562790949
5.562911913
5.565028635
5.56503533
5.566522896
5.566704378
5.567805185
5.568365926
5.568456899
5.569230319
5.570020684
5.570290539
5.570745386
5.571401169
5.573241391
5.573286437
5.578095745
5.578410206
5.579845008
5.581021521
5.582178402
5.583370042
5.584171461
5.587905967
5.588650585
5.588655387
5.590236025
5.591560999
5.591704014
5.594240603
5.594819626
5.59503163
5.596449493
5.603413172
5.605934087
5.606620346
5.607808432
5.608165195
5.609255992
5.6093956
5.609435128
5.611510977
5.612122797
5.614471478
5.617008201
5.617122801
5.617227184
5.618094446
5.618844277
5.620733794
5.620745638
5.623490043
5.623615687
5.624203283
5.624690248
5.624731338
5.625096446
5.627186257
5.627860549
5.630619901
5.630664753
5.63127166
5.631333387
5.632353113
5.635231778
5.635993966
5.636687393
5.638328481
5.642813116
5.643710216
5.644486582
5.645435626
5.647202395
5.648243649
5.653437902
5.653776058
5.655726817
5.658169482
5.658473817
5.659254981
5.661826398
5.662140095
5.662699104
5.664587011
5.665785202
5.667419697
5.667507706
5.669236258
5.669489065
5.669560726
5.66999105
5.670062975
5.67130617
5.671419084
5.67154928
5.674403359
5.676032581
5.677282678
5.677719902
5.679224346
5.680361038
5.682343744
5.682395429
5.682751473
5.683548308
5.684995235
5.685062404
5.685102769
5.685889066
5.68597166
5.686972967
5.689858133
5.690065688
5.693287415
5.694243847
5.695267822
5.695422863
5.695792761
5.696205468
5.697945522
5.698371311
5.69945282
5.699586972
5.700088663
5.70080568
5.702484758
5.703381728
5.706198621
5.706943251
5.707488987
5.70836603
5.708409601
5.708418722
5.709380472
5.70951224
5.710819862
5.711439256
5.714799723
5.715208817
5.716222912
5.717143397
5.718120393
5.718627178
5.719014989
5.719889876
5.720726906
5.721667141
5.722579819
5.724242065
5.725418961
5.72742254
5.727469947
5.728233081
5.730557448
5.730617109
5.731535258
5.73171945
5.732453638
5.732757516
5.733539807
5.734317007
5.735364307
5.738678895
5.739175027
5.739652177
5.740054567
5.740338002
5.74055541
5.740764682
5.741367375
5.744117663
5.744361602
5.74644777
5.748190463
5.749914421
5.750254943
5.751707342
5.755049971
5.757009965
5.758054257
5.758506323
5.759237003
5.760457558
5.761702519
5.764615485
5.764812076
5.765015126
5.765308943
5.767372539
5.772179946
5.773454729
5.774755144
5.775600435
5.77597783
5.777271492
5.778594403
5.779032666
5.779090476
5.779427402
5.782435567
5.78270695
5.783425416
5.786058032
5.787268394
5.788386951
5.789214289
5.790768046
5.790770203
5.790993052
5.791649933
5.792744849
5.793260262
5.794158504
5.794289715
5.795985716
5.7983508
5.798423908
5.800242694
5.800448951
5.801047545
5.80428611
5.804799142
5.804965067
5.80766417
5.808497604
5.809419584
5.811314232
5.811975094
5.812781806
5.814434775
5.816622479
5.81717753
5.818219385
5.819403771
5.820978791
5.821106036
5.821194486
5.821347769
5.821649914
5.824090984
5.824151693
5.824208309
5.824709117
5.824778636
5.826381164
5.826426917
5.82738029
5.829898502
5.830892252
5.832525853
5.832608028
5.833010958
5.833031708
5.833302165
5.833940084
5.836075368
5.837258235
5.838508699
5.838748311
5.840256272
5.841138354
5.841367187
5.842317989
5.842763773
5.843005428
5.843163161
5.849076099
5.850439831
5.852038202
5.852046999
5.852607099
5.85393208
5.855119268
5.855442401
5.855457599
5.85648105
5.856575335
5.858617867
5.85971872
5.859813416
5.860740481
5.86390397
5.863996687
5.86442953
5.864623352
5.866744372
5.867420996
5.868255858
5.868285082
5.870116071
5.870600622
5.871647806
5.871702211
5.873171894
5.873242491
5.875333778
5.875345751
5.875718516
5.87707519
5.877347515
5.878568981
5.879119455
5.882155988
5.88509677
5.885638185
5.887263027
5.889480679
5.889614577
5.891195653
5.891413895
5.891458107
5.892913826
5.893093135
5.893332378
5.893490899
5.893492999
5.894027065
5.895319002
5.896343436
5.898293044
5.898944282
5.901100841
5.901495544
5.902033406
5.902103172
5.90402645
5.905494703
5.906596905
5.907930899
5.908724337
5.908770059
5.910634533
5.912289889
5.913664501
5.91505509
5.915546415
5.915568968
5.91645379
5.916779289
5.918263801
5.919045532
5.921666758
5.922935513
5.925391795
5.926676985
5.926824754
5.931101816
5.931538447
5.93202852
5.932323085
5.934136378
5.935336308
5.935344406
5.935745417
5.937649578
5.938528744
5.940546818
5.94239222
5.945465949
5.946999529
5.947448589
5.948164454
5.948342571
5.949949081
5.950647577
5.950660556
5.951177452
5.952367662
5.952384957
5.953933276
5.953966361
5.954626604
5.954665349
5.95561668
5.955742971
5.956027059
5.956401828
5.9565851
5.959493188
5.960370061
5.961934481
5.962001484
5.96537863
5.965551311
5.967533236
5.970458434
5.971332179
5.971813006
5.97229163
5.972714857
5.972850838
5.973853124
5.976312538
5.977413803
5.978634285
5.979973965
5.980598579
5.981169595
5.982854523
5.983075895
5.983952675
5.985792703
5.986442306
5.987262638
5.988992796
5.993513566
5.99616119
5.996932037
5.99812453
5.999969026
6.000248647
6.000573725
6.000975617
6.001936419
6.002481605
6.002524871
6.002927293
6.00299607
6.005242945
6.006085786
6.006784979
6.007508163
6.008386283
6.010095853
6.010391864
6.010739645
6.011302181
6.012480351
6.012632591
6.012696655
6.012719118
6.014572075
6.015672239
6.017370134
6.019372459
6.020445317
6.020947179
6.021439523
6.021902237
6.024248787
6.025028997
6.025789594
6.026287448
6.026999326
6.027314401
6.027707171
6.028321558
6.030447288
6.031424482
6.03160778
6.031665834
6.033485257
6.033550195
6.034612928
6.036079266
6.037430836
6.039584629
6.041027474
6.041053829
6.043304899
6.043330951
6.043485685
6.044167236
6.044556594
6.046673619
6.047044342
6.047906679
6.049609892
6.049801781
6.051091339
6.052026047
6.052184881
6.052318465
6.053662544
6.056529526
6.057697106
6.058306161
6.062356467
6.065898283
6.067302109
6.067665498
6.069171847
6.07071786
6.071255131
6.071897347
6.074190142
6.074209622
6.075144116
6.076459669
6.077886012
6.078724107
6.078807239
6.079178788
6.07938452
6.079497202
6.079998496
6.081172981
6.081568052
6.082571701
6.082973754
6.085444691
6.08551916
6.085682344
6.086922359
6.088064451
6.088885814
6.089443603
6.090060478
6.09186275
6.092241627
6.092725883
6.093814669
6.094016338
6.095261013
6.095689937
6.0967531
6.096838784
6.097294061
6.097869767
6.098369122
6.099478745
6.099662369
6.100429497
6.101198974
6.101241579
6.10539819
6.105909623
6.106190557
6.106500787
6.107054808
6.10729559
6.107741788
6.109478059
6.110142735
6.110218826
6.110844721
6.112305667
6.11275104
6.113935087
6.114128685
6.114525877
6.116982944
6.117530021
6.118430299
6.119216009
6.119432215
6.119495295
6.119892347
6.121005506
6.121168559
6.121294041
6.12166671
6.121745389
6.123796057
6.123802502
6.12476108
6.12532356
6.126019932
6.126436584
6.127939628
6.128167757
6.129533877
6.129812716
6.130136384
6.130160473
6.130310493
6.132570523
6.133220586
6.13428721
6.13465588
6.135025006
6.13526938
6.135996372
6.136131869
6.136286518
6.137102505
6.138243973
6.138958698
6.139215944
6.140099215
6.14132902
6.141502001
6.142010637
6.142803397
6.143662699
6.143874691
6.14410903
6.144631795
6.145104401
6.149410611
6.149934034
6.150090899
6.150686364
6.151029296
6.152906502
6.15526103
6.155915975
6.155939453
6.156259104
6.156373499
6.157135092
6.157724816
6.157782589
6.158164422
6.158376967
6.158689406
6.158830619
6.158860284
6.159020864
6.159050816
6.160267496
6.160414414
6.161123579
6.162034371
6.163921248
6.16496284
6.165001278
6.165084855
6.166173834
6.167013532
6.167855382
6.168757984
6.170520518
6.172090205
6.175492306
6.176618831
6.176644228
6.176716425
6.176860192
6.178056304
6.18042747
6.182232762
6.184400085
6.184922574
6.185053234
6.186770318
6.186814392
6.187455799
6.187746776
6.189213927
6.190015912
6.190757459
6.192360003
6.194090172
6.195142279
6.195152442
6.196907944
6.200111068
6.200671976
6.201797639
6.201911642
6.203376525
6.204090835
6.204747653
6.2048017
6.205263534
6.205931638
6.206053072
6.206077742
6.206247494
6.206582193
6.207459637
6.207495815
6.207600783
6.207652157
6.208196881
6.208843215
6.209888345
6.209928251
6.21084479
6.211748957
6.211833161
6.212302608
6.212369363
6.212567211
6.215109715
6.216814453
6.217300786
6.217974349
6.218571874
6.218923893
6.219469084
6.220643671
6.22094286
6.222390798
6.224066378
6.224535449
6.224542938
6.225225239
6.226289556
6.227134139
6.2286454
6.229498836
6.231049028
6.231662767
6.231950009
6.232836962
6.233269045
6.234330356
6.234458417
6.234904253
6.235357638
6.235461772
6.237861736
6.239011
6.242052013
6.242528278
6.243673725
6.244841491
6.245858905
6.246872394
6.247040422
6.248900919
6.249050656
6.250994223
6.251286661
6.251420275
6.251586885
6.252797548
6.253034534
6.253343655
6.253408852
6.254028451
6.254216611
6.25449571
6.257369799
6.259086583
6.25933595
6.260838965
6.261937875
6.264202804
6.265564338
6.266208727
6.267684328
6.269663963
6.271478838
6.271952833
6.272417541
6.27258822
6.27339822
6.273741983
6.273953676
6.274452811
6.275384607
6.275572298
6.27564088
6.276004336
6.276038961
6.276198595
6.276800323
6.277148771
6.277245254
6.277484043
6.279133738
6.28022267
6.280725549
6.281069505
6.28188384
6.281913858
6.28236237
6.282955073
6.283818329
6.285312759
6.286387658
6.286500176
6.286515359
6.287380117
6.28886807
6.289614016
6.29099842
6.291540278
6.293486295
6.293662363
6.294130313
6.294395676
6.29542477
6.296976913
6.297907579
6.300479414
6.305740522
6.306605528
6.307004923
6.307585854
6.310699968
6.313085601
6.313197204
6.313284268
6.313512999
6.315586313
6.317153205
6.318552973
6.320662012
6.320768488
6.321152192
6.322396027
6.32281728
6.323722572
6.323933647
6.32400451
6.324270089
6.325235159
6.325480034
6.327210469
6.327673765
6.327822962
6.329499832
6.330554389
6.331051715
6.334610249
6.334771461
6.334837865
6.336234624
6.336253525
6.336426667
6.338720873
6.341400922
6.342463714
6.342573112
6.343942518
6.344751947
6.345806011
6.346715209
6.347379185
6.347929353
6.348316257
6.348337519
6.348441469
6.349606327
6.349875906
6.350623739
6.35118177
6.351823783
6.352076783
6.352471866
6.352771037
6.353107393
6.354006744
6.354022554
6.35544263
6.356090905
6.356295568
6.357389366
6.358186848
6.358740355
6.360812227
6.361141107
6.36137446
6.361671475
6.362544111
6.362607851
6.363406102
6.363472208
6.364134968
6.364729934
6.364967184
6.365513634
6.365956658
6.365972688
6.366219551
6.366355781
6.367800632
6.368560522
6.372576327
6.372959542
6.37466756
6.375923383
6.37620108
6.376651091
6.376756633
6.377427122
6.377568542
6.379690748
6.379881442
6.381201909
6.381975465
6.383180271
6.38488418
6.385684214
6.386021424
6.386259978
6.387067562
6.387431383
6.388617138
6.389783283
6.389882166
6.390741836
6.391173589
6.391858432
6.392048018
6.392313973
6.392791654
6.39474303
6.395258356
6.39637861
6.397636709
6.397995609
6.399433771
6.399669044
6.399891457
6.400321212
6.400719746
6.40077205
6.401455706
6.402926221
6.403683619
6.403982316
6.405054243
6.406818518
6.407715561
6.407872061
6.408437886
6.410441476
6.410992833
6.413184638
6.413543781
6.41354791
6.413927319
6.414526606
6.415459592
6.415555956
6.417011754
6.417500829
6.417820493
6.418062652
6.41874299
6.419052193
6.419083092
6.419536555
6.420018717
6.420457311
6.421271178
6.421748487
6.422710539
6.42321105
6.423216506
6.423898762
6.424670614
6.425419926
6.425930938
6.427726565
6.428054409
6.42937879
6.429788073
6.430010215
6.430139436
6.430163481
6.430616465
6.431265737
6.431689506
6.431899748
6.431970877
6.432051512
6.434197756
6.434610995
6.435785799
6.435917308
6.436160044
6.436314406
6.436691764
6.438008153
6.438137279
6.438668989
6.439071996
6.440584681
6.441328044
6.442289294
6.442335593
6.442393461
6.442475375
6.442810053
6.443168642
6.443382913
6.443785385
6.444373116
6.446091759
6.447662945
6.448061578
6.448792689
6.450640306
6.451499764
6.452006451
6.454045329
6.455116637
6.455592696
6.456079585
6.456148474
6.457216535
6.458714879
6.459252023
6.460044778
6.460542749
6.461225827
6.461618577
6.462391607
6.463271076
6.463538707
6.465906333
6.465913274
6.467095849
6.469370954
6.469983276
6.470135478
6.470465614
6.471862118
6.472523287
6.472756256
6.472774648
6.4740245
6.47444292
6.474476516
6.475275337
6.47544932
6.476757723
6.477768039
6.478557136
6.481783043
6.4841522
6.484323189
6.484799661
6.485761419
6.486068274
6.487124217
6.487369687
6.48754639
6.488221135
6.489040367
6.489259136
6.489389282
6.490074429
6.491506245
6.492546046
6.493036868
6.494251024
6.496934492
6.497366677
6.498052108
6.49889585
6.499226821
6.499604931
6.499936446
6.500144962
6.500343222
6.501157208
6.501521192
6.501697816
6.501869314
6.502289473
6.502675132
6.502985292
6.504906979
6.505203696
6.506120752
6.507110986
6.508342839
6.509174789
6.51075991
6.510840928
6.511624841
6.512196212
6.513620918
6.515499549
6.516312148
6.516317561
6.519779583
6.520403794
6.520663422
6.521217963
6.524114355
6.524459342
6.524478032
6.526654345
6.52669158
6.52711001
6.527541661
6.528354932
6.528404378
6.528631266
6.5304707
6.535244251
6.536676653
6.537042717
6.537914958
6.538006356
6.5408208
6.541150335
6.54277684
6.543191814
6.544029776
6.54450214
6.545888558
6.547041903
6.547361618
6.54803469
6.550563823
6.550814117
6.551130445
6.551577598
6.551750306
6.551892638
6.553509673
6.556372966
6.558902588
6.559236744
6.559681838
6.559763394
6.559817161
6.560443519
6.560743093
6.562594972
6.562832807
6.563134737
6.565312653
6.566759102
6.568795404
6.56893406
6.57256106
6.573531614
6.57398033
6.574209678
6.574677594
6.576261427
6.576415562
6.576418207
6.577192175
6.578714843
6.579441304
6.581313137
6.581351374
6.581587932
6.581693772
6.583381939
6.583411671
6.583528529
6.583760499
6.585020303
6.585346229
6.585872508
6.586107335
6.586244581
6.586777189
6.587791262
6.587918708
6.588017308
6.590571088
6.591302797
6.593798387
6.593961761
6.594037135
6.594739424
6.596060648
6.596719015
6.598860305
6.599147298
6.600827017
6.600948788
6.601395755
6.602888249
6.604993475
6.605733068
6.606033244
6.606984086
6.608023872
6.608667684
6.609696734
6.610251186
6.612429546
6.612847999
6.613072145
6.613341343
6.61448588
6.617066674
6.617703178
6.619891498
6.620729882
6.620900869
6.621323612
6.621623545
6.623167177
6.623438282
6.624966131
6.625404348
6.625538653
6.626503893
6.626629798
6.628264883
6.628722836
6.63016515
6.630301421
6.630646083
6.631005298
6.633864582
6.635968698
6.636803223
6.637677489
6.640470863
6.641098708
6.641906353
6.644205485
6.646962425
6.647765997
6.647965508
6.648687274
6.648725327
6.649086972
6.64919573
6.65149129
6.652143699
6.652642579
6.653867608
6.65398725
6.654425315
6.655426355
6.655918078
6.656458831
6.656730008
6.657964753
6.658402594
6.658605362
6.658769991
6.660954816
6.661870999
6.661957897
6.662244646
6.662875839
6.663559451
6.664187809
6.665024508
6.666380512
6.667633355
6.668238556
6.668382766
6.669529416
6.671085817
6.676407337
6.676578778
6.677262562
6.678449318
6.678695788
6.678805092
6.679127482
6.681606702
6.684381357
6.685346424
6.685553129
6.687088098
6.68727523
6.689825155
6.690655045
6.691074249
6.691202286
6.691268104
6.691541233
6.691690476
6.69215564
6.698468621
6.698574085
6.699164936
6.700337732
6.702424548
6.702772465
6.703270635
6.704104127
6.704204398
6.704273839
6.704688865
6.705008504
6.706053225
6.706505915
6.708446922
6.708743843
6.708889665
6.709668804
6.710143266
6.711341147
6.712772333
6.713410626
6.715276663
6.715587232
6.718725189
6.720041791
6.720449769
6.720744449
6.721130543
6.721835879
6.724688503
6.725551062
6.725600855
6.726469088
6.726528895
6.727303282
6.727468157
6.728599215
6.730757538
6.732049075
6.73210948
6.732826127
6.732834334
6.734005648
6.73410539
6.734447425
6.738016221
6.738030547
6.738652179
6.738993954
6.739170045
6.740000688
6.740947635
6.740983646
6.742490027
6.742688094
6.74274935
6.743417121
6.74398035
6.74441168
6.744966312
6.745104394
6.74669542
6.747537642
6.747975732
6.749260456
6.750145572
6.75020529
6.751298936
6.751452932
6.751747609
6.753978061
6.755192025
6.757457943
6.757470637
6.758479569
6.758792552
6.759211911
6.760694228
6.761599706
6.761953186
6.762030215
6.762471629
6.762522087
6.764213299
6.765091462
6.765094964
6.766184468
6.766240045
6.76660668
6.768001309
6.7693455
6.769415888
6.769855664
6.7698938
6.770278088
6.770384816
6.770434148
6.770955317
6.776533055
6.776987974
6.777417989
6.777788126
6.779230041
6.779832611
6.779984384
6.78006386
6.78073637
6.781050373
6.781841984
6.78415271
6.784460602
6.785723961
6.787658922
6.790736339
6.792035575
6.793245417
6.79385576
6.797779227
6.800321319
6.80163854
6.803094965
6.803931519
6.804253866
6.804437106
6.804781106
6.805277038
6.807487794
6.808041722
6.809593554
6.810186079
6.811291098
6.813383387
6.814301033
6.814341946
6.814410928
6.814630246
6.81712422
6.818261383
6.818681086
6.8198271
6.821747052
6.821774589
6.822282114
6.822586546
6.825256236
6.825371185
6.825664782
6.827305908
6.827354668
6.827812549
6.828187499
6.828522375
6.828982708
6.829199275
6.831706773
6.832979509
6.833768535
6.834808348
6.835268184
6.839443833
6.840802254
6.840927967
6.842744374
6.842966479
6.8444019
6.847382891
6.849471704
6.850663232
6.852884643
6.854011265
6.854558957
6.855362875
6.856833064
6.859409487
6.859840821
6.860602782
6.86106911
6.861235184
6.861640036
6.862157042
6.86308576
6.864143752
6.864793607
6.86483915
6.867554147
6.868881708
6.869720196
6.872594461
6.873283991
6.874142175
6.87606733
6.876572503
6.877799264
6.877869005
6.878498176
6.880204617
6.880245789
6.880431223
6.881425746
6.883308033
6.887005997
6.887130053
6.890156495
6.890760124
6.89077995
6.890784045
6.893509446
6.89655198
6.897368477
6.898905799
6.902751061
6.903020221
6.903985986
6.904241707
6.904587016
6.906124587
6.908671379
6.910374919
6.910823945
6.911066044
6.912033409
6.912299695
6.913678684
6.91380932
6.915717008
6.919243702
6.919342407
6.92009048
6.920251378
6.921847888
6.921993878
6.923509371
6.924042372
6.924490731
6.925412377
6.927803911
6.92791761
6.928898659
6.929216014
6.93172108
6.931756558
6.931924963
6.93221485
6.932400225
6.932537231
6.932739726
6.933809743
6.935804256
6.936997681
6.937352845
6.938313356
6.939083505
6.940236218
6.941496806
6.942520105
6.944640222
6.945562889
6.946209881
6.946354724
6.946636369
6.94801983
6.949838549
6.950300686
6.953246506
6.953439161
6.955787351
6.956508826
6.956682743
6.958054839
6.959404135
6.960358276
6.962386495
6.964955435
6.965156738
6.967057762
6.967417766
6.9677596
6.967843048
6.969249676
6.969883483
6.970859754
6.971963169
6.97297656
6.973839707
6.974978386
6.976997772
6.977700268
6.978361689
6.978400282
6.979102243
6.979540061
6.979590627
6.980400905
6.981758362
6.983130466
6.983395573
6.983732393
6.98435366
6.98571967
6.985804083
6.986228647
6.987332927
6.988035315
6.98992719
6.990095452
6.99104104
6.991242362
6.991626158
6.99223441
6.993236001
6.993473247
6.995843776
6.998787171
6.999014379
7.002216044
7.005410734
7.007037515
7.00733163
7.009180374
7.010570541
7.011030515
7.011121216
7.012740397
7.01285529
7.013481515
7.014063944
7.016482298
7.023936392
7.025607706
7.026795359
7.027585559
7.02777956
7.028746406
7.033012777
7.034214276
7.038096361
7.040056094
7.041065585
7.04174124
7.042089492
7.042299069
7.042474679
7.043160241
7.045543056
7.046607434
7.051654924
7.05181629
7.051822472
7.054313823
7.057693366
7.058222596
7.062779015
7.063022095
7.064782138
7.064790365
7.064973419
7.065264073
7.066087261
7.069172227
7.069747814
7.070959995
7.072655622
7.072923306
7.073048264
7.073453503
7.075886472
7.077170002
7.079850922
7.079973241
7.080506001
7.085982325
7.086947687
7.091992365
7.093328631
7.095413294
7.097586415
7.098227926
7.101661011
7.103798069
7.104094929
7.104224797
7.105904818
7.106650373
7.108450121
7.10959773
7.114405288
7.115994051
7.116538883
7.120032489
7.120272972
7.121254928
7.121571293
7.121933579
7.124050134
7.124333547
7.124571593
7.127064207
7.12851089
7.129136941
7.130278657
7.130837931
7.131435858
7.13147457
7.132389299
7.13411409
7.135251532
7.137004749
7.137136973
7.140437859
7.142611056
7.143942758
7.150681303
7.152272256
7.152811172
7.155685016
7.156563094
7.159520979
7.161797643
7.161865733
7.16214284
7.162357641
7.162802357
7.16300467
7.163043872
7.163245982
7.165121109
7.165696848
7.167092586
7.167435834
7.168096055
7.171054239
7.175170657
7.175344328
7.175934962
7.17620823
7.181907673
7.183189922
7.184398832
7.184801627
7.18530147
7.187721818
7.18915558
7.189259647
7.191522601
7.1917274
7.196774236
7.198076286
7.199106204
7.199495368
7.199504273
7.205078785
7.207457208
7.207991261
7.208795456
7.21270048
7.214078621
7.217018459
7.22405917
7.224193642
7.224285503
7.227745516
7.228268228
7.228963452
7.231166546
7.231324765
7.234258375
7.235070264
7.236705436
7.238109556
7.238566893
7.239455147
7.240988401
7.241148507
7.241151936
7.251000789
7.251847296
7.256877571
7.260416405
7.261313694
7.26154329
7.26158085
7.261791753
7.26311855
7.272316209
7.272427638
7.277422738
7.27905689
7.283736617
7.286049978
7.287318723
7.28805662
7.288211994
7.288377241
7.291405641
7.2942193
7.296972161
7.299076163
7.299304715
7.299360767
7.300410836
7.303033217
7.306918817
7.311077075
7.313122235
7.313517308
7.318802162
7.319735475
7.319952206
7.320514721
7.321619041
7.322097972
7.322555223
7.324863481
7.325451279
7.326980454
7.32710972
7.332375138
7.333143205
7.335158382
7.336117221
7.338929556
7.339320929
7.342409555
7.350869792
7.352401887
7.353876754
7.354286985
7.354973451
7.358099622
7.358974541
7.36008498
7.36220835
7.365338111
7.36549204
7.366542647
7.368258226
7.368318809
7.375482851
7.380396262
7.382762603
7.388007483
7.388265888
7.393210848
7.393441155
7.393631868
7.393825704
7.39389918
7.397190844
7.397546271
7.399749291
7.401121811
7.402891666
7.403623355
7.405176138
7.408939392
7.416245107
7.418650668
7.418761774
7.42160832
7.422318499
7.423530351
7.425041316
7.428523634
7.432043735
7.432322234
7.432768147
7.433313409
7.434118807
7.437078236
7.437373666
7.441976825
7.442217061
7.445444883
7.4526709
7.453106264
7.453975408
7.454532137
7.455991072
7.456460375
7.456971816
7.460174812
7.466900683
7.473134377
7.474710503
7.475926645
7.476800943
7.477935216
7.479248124
7.482414225
7.485996067
7.487266991
7.488014404
7.489545074
7.491217102
7.493191968
7.496645259
7.497469256
7.50283396
7.504608385
7.504930973
7.505283615
7.511755068
7.513151076
7.517097
7.52178027
7.524080076
7.524707577
7.528599957
7.53350946
7.534811833
7.538631462
7.543804223
7.545258424
7.549873681
7.550090941
7.550808267
7.551364319
7.55606399
7.561108006
7.561143224
7.566165721
7.569454601
7.57125447
7.574561547
7.580527339
7.581442888
7.586642101
7.592490617
7.596802025
7.59781958
7.598729065
7.599033472
7.599279991
7.601189843
7.604110177
7.609348255
7.621494566
7.628472891
7.629910253
7.630424083
7.633437412
7.63737841
7.639788459
7.641024177
7.641116569
7.64867466
7.651225301
7.656978112
7.661537348
7.670178119
7.684420446
7.685959305
7.690962338
7.692013657
7.699200949
7.69950698
7.701446446
7.702287236
7.70650895
7.707332484
7.707595055
7.714153038
7.722335992
7.723240151
7.728832424
7.728998197
7.730367824
7.732194788
7.733149554
7.741418772
7.74672376
7.747775263
7.76061831
7.762647875
7.764040111
7.766259769
7.775306272
7.778591618
7.778915154
7.781988584
7.782051313
7.785039076
7.786366322
7.786725333
7.792508068
7.796034006
7.802212437
7.806747656
7.810865753
7.811997977
7.813916603
7.815210661
7.817846496
7.825531916
7.827877818
7.829211144
7.829507245
7.836719564
7.839849298
7.840207144
7.840339389
7.841496029
7.8546243
7.861128148
7.863113671
7.868474653
7.871063004
7.88118645
7.884550475
7.887658711
7.903528673
7.907956251
7.947011366
7.954629324
7.966605025
7.976607593
7.976889498
7.977651226
7.978996755
7.979090365
7.985417393
7.991902443
7.992041984
7.994465371
7.994679507
7.995848977
8.016210782
8.0344125
8.050304395
8.055908858
8.081095263
8.104396058
8.135900726
8.140825437
8.153022903
8.165359297
8.183844843
8.18422855
8.202706015
8.204862075
8.255450758
8.292875734
8.340398059
8.35495812
8.380185271
8.399135958
8.423873703
8.490127142
8.519975748
8.532078733
8.620107545
8.621514073
8.621662982
8.634929739
8.639586199
8.66077954
8.709291688
8.718192847
8.719960893
8.736337905
8.753795334
8.766128654
8.829273328
8.840656256
8.861479668
8.868741443
8.869532817
8.86979671
8.914074888
8.923095695
8.985348193
9.072011412
9.112771682
9.160691747
9.254089438
9.392694614
9.406887533
9.416003106
9.45949344
9.679240873
9.926212291
9.93509073

==================================================

=== rainfall ===
Data type: float64
Total unique values: 2200

20.21126747
20.36001144
20.39020503
20.49035619
20.66127836
20.76212031
20.76223014
20.76582087
20.88620369
21.0000988
21.01796432
21.08484101
21.13545688
21.17924769
21.19014526
21.26034986
21.30290472
21.44532907
21.58992507
21.61893763
21.7508774
21.84869328
21.90440445
21.9653077
22.06207161
22.06994464
22.21807088
22.25838137
22.52497327
22.68766503
22.81863447
22.84203589
23.0362503
23.20076686
23.28207838
23.28618248
23.44398467
23.49535234
23.56130173
23.65747461
23.66620626
23.69586761
24.05207925
24.15591199
24.20007242
24.34814338
24.44267592
24.4514648
24.52020164
24.69720481
24.7458198
24.84266123
24.93861254
25.08146686
25.09484511
25.1290048
25.16359891
25.21609113
25.32159689
25.33014238
25.37828397
25.93496537
26.01909355
26.0365768
26.23838511
26.26243014
26.30820876
26.32405487
26.47844429
26.48240255
26.51924782
26.52364146
26.70581328
26.83924845
26.85422624
26.88372572
27.14509034
27.21244021
27.26588346
27.27899847
27.56918621
27.5987178
27.8659442
27.95602304
28.08253201
28.16057247
28.22908103
28.36535596
28.69113835
28.70627683
28.75226067
28.78654515
28.83568362
28.94766949
28.98574189
29.1102594
29.11187663
29.1194739
29.44008034
29.86681385
30.92014047
31.83192392
31.87416982
32.05025323
32.55919573
32.67891866
32.71129281
32.76742894
32.81296548
33.48919022
33.84110759
33.95825723
34.03335472
34.7426459
34.96933295
35.03404425
35.03484812
35.1051197
35.15426171
35.36831423
35.37493212
35.69674138
35.73403813
35.75107592
36.01203025
36.10211371
36.12042927
36.18678721
36.35720652
36.45012824
36.46946971
36.5011366
36.5037914
36.68284038
36.91852635
36.92629678
36.94255012
36.94616965
36.99362831
37.01110438
37.11395801
37.15824966
37.2464655
37.31236904
37.44800463
37.45680611
37.46160727
37.54602719
37.81123974
38.07659414
38.14476781
38.21370568
38.30411077
38.31597852
38.34303462
38.48678973
38.53254678
38.71834464
38.7976407
39.00992137
39.18374505
39.23831035
39.26137642
40.12044158
40.12650421
40.16545979
40.228644
40.32161859
40.35153141
40.37113729
40.53173216
40.71210074
40.74536757
40.77872823
40.794305
40.8106299
40.82840673
40.85534718
40.89732789
41.013132
41.02682925
41.0550915
41.16554802
41.39081525
41.45486619
41.53218699
41.53749535
41.5856585
41.61080544
41.7704893
41.78219834
41.82490236
41.87540028
42.00660251
42.02483277
42.10681516
42.19740397
42.24783476
42.44054315
42.72374404
42.83053902
42.87274897
42.89509057
42.91292205
42.96018627
42.99498978
43.05130077
43.08961827
43.12063289
43.1386631
43.15411472
43.25095608
43.25726752
43.35795377
43.4826194
43.52897517
43.78420984
43.80041104
43.87712348
43.87801983
43.95183726
43.97193745
44.01206619
44.07819743
44.07843475
44.08562546
44.11622138
44.13827124
44.17580911
44.20656987
44.2068997
44.20899581
44.22066914
44.23629285
44.23913012
44.30070517
44.3993381
44.43177543
44.47427436
44.56598352
44.63907691
44.64407105
44.75215854
44.86052932
44.93261911
44.94317432
44.95654782
45.04467075
45.20841071
45.24690619
45.36521251
45.40277297
45.42616802
45.43669946
45.48591922
45.49683991
45.78172762
45.91011391
46.0203959
46.05122728
46.05333124
46.06193778
46.06382209
46.10585191
46.13833007
46.19374559
46.44279118
46.48280681
46.59207341
46.62370222
46.6352865
46.75690086
46.76837499
46.80452595
46.83130119
46.85176955
46.87420883
46.90725077
47.01510708
47.26052494
47.271547
47.46447019
47.72078245
47.81847573
47.89645224
47.9271552
47.95406479
48.01138482
48.06491307
48.11248366
48.25207759
48.28137482
48.30159325
48.31219031
48.32113628
48.32428609
48.33941188
48.45978627
48.46797044
48.47833278
48.48319335
48.54598575
48.56690235
48.58241822
48.60449438
48.75859458
48.77790371
48.80253285
48.83810592
48.9366954
48.99390828
49.02366803
49.04015558
49.08553937
49.11618732
49.11964582
49.14337177
49.29456609
49.37369982
49.39111479
49.43050977
49.47371773
49.48575692
49.4897245
49.50812624
49.52320689
49.55213308
49.61865305
49.73922097
49.78102578
49.94043064
50.01534317
50.17067771
50.1978269
50.28438729
50.43306085
50.46746116
50.47333854
50.49913241
50.55710813
50.6128521
50.66487502
50.78669728
50.89110726
50.89732989
50.90994463
50.91511275
50.9246554
51.02372773
51.07048113
51.09802625
51.19470197
51.26046418
51.51033554
51.52617423
51.53848218
51.54922825
51.56461082
51.70497792
51.70699144
51.75212401
51.92057267
52.0810886
52.13580529
52.39881209
52.50812701
52.55469976
52.55730112
52.60285259
52.84626009
52.92929636
52.93031105
52.95477913
53.01899249
53.04669416
53.10207889
53.1205277
53.12442925
53.13946695
53.14531023
53.14626213
53.15223123
53.31508572
53.33484977
53.35486977
53.39249517
53.40906048
53.43228915
53.46622584
53.56783314
53.65742581
53.78769958
53.78929956
53.79732545
54.01872359
54.22722466
54.30660782
54.37814199
54.38748495
54.49044154
54.49960057
54.60159289
54.62243308
54.65423596
54.73367631
54.7657624
54.77830202
54.7960127
54.82963379
54.9393771
54.96121262
55.03723979
55.053805
55.21606732
55.29563514
55.296354
55.49541453
55.50429227
55.51932414
55.60523179
55.74073582
56.01913159
56.04995423
56.09542002
56.12443206
56.31866159
56.34144589
56.39962921
56.45229202
56.47941847
56.48265193
56.51103293
56.52558045
56.68833819
56.72496677
56.76278363
57.02891698
57.04147057
57.04826619
57.05709413
57.23028471
57.26773002
57.40847165
57.44942094
57.51549686
57.57343233
57.65901369
57.72799157
57.74091817
57.79652846
57.79863368
57.95826144
57.99524359
58.18713162
58.27600682
58.28697664
58.29933073
58.37249772
58.41394143
58.48160844
58.52974279
58.54876687
58.79889057
58.86687093
58.97878791
58.99536268
59.03629954
59.18953429
59.26519444
59.46338556
59.49373381
59.65590798
59.67927244
59.75980023
59.84499208
59.87065439
59.87232071
60.27552528
60.41790253
60.4693835
60.65171481
60.65381719
60.74583498
60.79645852
60.91974792
60.95197486
61.13872036
61.16350463
61.19250859
61.32935611
61.46892873
61.71111448
61.82980133
61.83876146
61.86633917
61.91208707
61.94626051
62.20279647
62.21292186
62.26242533
62.2737345
62.30278274
62.3061735
62.31842057
62.49190812
62.50351892
62.50689682
62.5138867
62.62377075
62.64174227
62.68710535
62.7089169
62.74803826
62.78730907
62.83469851
62.91359494
63.02169909
63.02473185
63.03843397
63.1830529
63.29900785
63.35298768
63.37784443
63.38208822
63.46546487
63.49726331
63.51822045
63.57445989
63.59276673
63.62250788
63.68794608
63.72358154
63.77192383
63.85668948
63.87020584
63.88079866
63.9187654
64.02640797
64.02949379
64.11411069
64.16167699
64.19497947
64.23026638
64.23845455
64.25520357
64.32887142
64.40866039
64.42177127
64.4478499
64.53027638
64.55882254
64.56807592
64.58559639
64.61444234
64.72797143
64.77651469
64.77791424
64.89517488
65.01095312
65.0247867
65.06962486
65.07981523
65.11365631
65.23811143
65.24194361
65.27798457
65.2982112
65.34440794
65.35747011
65.3973168
65.43835393
65.45328463
65.49730729
65.50861389
65.52279323
65.54475812
65.62859526
65.66436565
65.67591794
65.70148216
65.70430027
65.78042032
65.80006004
65.81655892
65.820457
65.84748763
65.88951188
65.90227462
66.00817551
66.02765219
66.05911698
66.13442813
66.1761456
66.19426787
66.26555904
66.29390357
66.34234944
66.35634104
66.37171179
66.38448261
66.47264636
66.48339303
66.48490371
66.53946559
66.57462809
66.5964488
66.63830637
66.69096751
66.70016285
66.71995467
66.76285469
66.77844567
66.83113717
66.83872293
66.85510868
66.93065667
66.96980581
66.97053257
67.03840888
67.05961949
67.06459777
67.08022574
67.10225139
67.10439401
67.12534492
67.1367443
67.15094741
67.15096376
67.235765
67.2739864
67.32520551
67.3917379
67.43488235
67.47677295
67.53021213
67.61013737
67.71768947
67.72777298
67.83345933
67.92204319
67.9545435
67.96704792
68.02199825
68.04039813
68.06417307
68.23963161
68.38135469
68.42802444
68.4951189
68.51253427
68.54877876
68.54932919
68.56507978
68.64685069
68.66813363
68.68895899
68.69420397
68.73932528
68.80141783
68.81405149
68.83924882
68.8503047
68.91754359
68.97097538
68.97806542
69.08056728
69.09512477
69.14681022
69.15759062
69.17281221
69.21803098
69.24464096
69.27779761
69.28607828
69.30772897
69.30927185
69.31153566
69.39630398
69.40619137
69.40878198
69.43895491
69.44115171
69.44951585
69.45072055
69.46020927
69.5274407
69.63122027
69.63833855
69.64449182
69.66256816
69.66289997
69.68862306
69.706113
69.71518491
69.75555541
69.75734306
69.81855775
69.85112265
69.8671263
69.91563467
69.92092839
69.92107482
69.93293255
70.08200379
70.0866434
70.10472076
70.1415139
70.18185181
70.23207557
70.23401597
70.25496749
70.27184748
70.31782647
70.39906054
70.40557612
70.40795007
70.42508897
70.43473609
70.4713043
70.52056697
70.65644296
70.68098614
70.75633584
70.79934452
70.86340755
70.87150577
70.88787207
70.95666003
70.97358303
71.03001556
71.06611222
71.07562236
71.1271039
71.16331975
71.18289431
71.21006868
71.29581071
71.29813872
71.31007253
71.3195307
71.36947525
71.40043037
71.4065452
71.43001582
71.48327008
71.50569456
71.55665483
71.58010169
71.60102999
71.6266696
71.63437433
71.64631281
71.67870701
71.72980375
71.73759526
71.78615328
71.84080724
71.85436078
71.89090748
71.90018566
71.94608134
72.12375573
72.17818157
72.19245835
72.24230804
72.32667516
72.37127689
72.43169115
72.49507741
72.49800885
72.50669768
72.66666443
72.78624223
72.82902109
72.85017344
72.9446671
72.94940441
72.98016599
73.01026829
73.02882766
73.06862952
73.0926704
73.23573601
73.23901752
73.28712806
73.33636055
73.34232097
73.36386477
73.37686831
73.40452716
73.44678678
73.44775287
73.50734019
73.55807954
73.58663968
73.64476535
73.67166182
73.67984885
73.69529586
73.77063744
73.84949872
73.88467027
74.01229707
74.03030056
74.05474936
74.08101744
74.10225057
74.10919422
74.14169043
74.16699119
74.19664838
74.22238583
74.24459122
74.32635105
74.40198861
74.44330654
74.46411148
74.51490791
74.52082026
74.53557341
74.58565097
74.61649888
74.62068748
74.62834921
74.63872762
74.6631118
74.82144653
74.86960831
74.87445574
74.876786
74.8984994
74.91506217
74.91559514
74.94136567
75.03247667
75.13617229
75.24521981
75.45328039
75.49101167
75.57790384
75.6317566
75.82270467
75.95295
76.13090645
76.14153904
76.32470713
76.32565249
76.41312437
76.57580954
76.63669195
76.64128258
76.68456006
76.72860067
76.77888672
76.88582484
77.03421249
77.33795356
77.5429424
77.55176318
77.71566883
77.81891424
77.92798682
78.06639649
78.06910795
78.16077693
78.26039559
78.34604471
78.44910564
78.58488484
78.58494391
78.59595817
78.69707199
78.8099639
78.82199603
78.85085502
78.92060234
78.96159541
78.96514709
79.20509212
79.26357665
79.27201575
79.45758333
79.56866268
79.74078719
79.7532896
79.81328183
79.84925393
79.92698081
80.03995829
80.1113384
80.11272117
80.15293435
80.25064637
80.36146974
80.4986291
80.6405403
80.7108745
80.72515943
80.96157332
80.97573281
81.05902285
81.15072105
81.20176515
81.49543437
81.5284269
81.60211243
81.70769297
81.78710463
81.83420522
81.84997529
81.98568791
82.2545577
82.34162918
82.52339655
82.61734721
82.68554379
82.69766829
82.83061083
83.20711308
83.21030571
83.46532547
83.73280082
83.74606679
83.74879344
83.75937135
84.06354115
84.12536744
84.22969177
84.23613484
84.62419032
84.63148859
84.64143632
84.78344008
85.24819851
85.24963302
85.37378769
85.52950164
85.57925437
85.74904898
85.75692395
86.00758678
86.05078037
86.06411872
86.21917578
86.55517751
86.76287924
86.84998693
87.0513289
87.27444866
87.51312796
87.53393983
87.54004943
87.66898664
87.75953857
87.85092352
87.87869161
87.9298085
87.99669731
88.06638775
88.07753741
88.10234397
88.1300769
88.17251033
88.43618918
88.45361858
88.4585692
88.46607497
88.51048983
88.54479121
88.55123143
88.57395505
88.6810311
88.68168643
88.88796102
88.94245493
89.1188212
89.29147581
89.31050665
89.59371481
89.60982451
89.61857826
89.73119396
89.74409017
89.76050416
89.78216168
89.799462
89.85646496
89.9622014
89.98024312
90.05422663
90.07326633
90.09586854
90.10978128
90.14047759
90.21633216
90.24211529
90.28624348
90.29643888
90.38503469
90.40260445
90.40332704
90.41694635
90.42224164
90.43495443
90.45142867
90.4547185
90.46228334
90.64770699
90.65022183
90.66727868
90.75616738
90.7760707
90.8022356
90.81250457
90.82097601
90.82549241
90.89173106
90.94342484
90.94554618
90.988051
91.01152997
91.06493353
91.09745581
91.10190759
91.22881052
91.26056654
91.31256412
91.34276507
91.39578861
91.40508414
91.405983
91.46442491
91.46664318
91.49697481
91.54560427
91.55845821
91.63074547
91.6389565
91.67241761
91.72084869
91.73358569
91.76071648
91.76337172
91.77522598
91.82271568
91.87312479
91.88766069
91.9223468
91.94595352
91.95792434
91.99964712
92.06630306
92.07835761
92.09609766
92.11877372
92.15524332
92.19721736
92.21318555
92.23645249
92.26439205
92.37238878
92.68373702
92.78133617
92.82840911
92.84991507
92.91915074
92.99739415
93.10247183
93.12330644
93.17221967
93.30247448
93.35034262
93.36718816
93.46595573
93.50153555
93.51042684
93.53197359
93.55280105
93.62039175
93.75441586
93.7942847
93.92375879
94.00287214
94.03659867
94.11213345
94.26249353
94.29712821
94.31102057
94.32961456
94.37987496
94.42850522
94.46748008
94.49161372
94.62954663
94.67344737
94.68180316
94.70992037
94.76189431
94.76322976
94.78189594
94.9533526
95.0191318
95.04871605
95.12322062
95.17028129
95.23444287
95.257992
95.3713484
95.4262599
95.70525913
95.71388473
95.74606104
95.83016448
95.84253438
95.8445641
95.85118326
95.8946444
95.89898581
95.94035356
95.99487068
96.08745082
96.23520043
96.27792547
96.32600992
96.36222901
96.38808001
96.45042585
96.46380213
96.47800391
96.51524028
96.59195302
96.59816497
96.63721027
96.65888933
96.74706956
96.77285817
97.01331604
97.10087029
97.26336657
97.31258083
97.32531705
97.38741498
97.41054011
97.41586402
97.45373619
97.4611918
97.51952041
97.55155537
97.55986676
97.59081274
97.72843182
97.76600619
97.76832322
97.79072474
98.00403016
98.00644238
98.00687989
98.05089394
98.12565829
98.16752001
98.21747528
98.28583013
98.33351125
98.46768642
98.54047745
98.57025046
98.60457373
98.63333684
98.66679427
98.67527561
98.73771338
98.75084366
98.77794225
98.81596545
99.20961514
99.34482238
99.35408185
99.36898373
99.39557151
99.46950465
99.57981207
99.61465679
99.642454
99.72430835
99.75336197
99.93100821
99.9834242
100.0075679
100.0497183
100.1173443
100.118612
100.1692639
100.1737964
100.1961762
100.1967854
100.2160615
100.2585673
100.3060719
100.4673278
100.5123341
100.546816
100.5978728
100.6192543
100.6619171
100.6711761
100.7586226
100.7689246
100.7720705
100.7791633
100.7896871
100.8124659
100.825956
100.9343903
101.0494791
101.139435
101.1456947
101.2847738
101.4705704
101.4819888
101.5164589
101.5952794
101.6073988
101.7004306
101.8474768
102.0861694
102.1906333
102.2099836
102.2648546
102.2662445
102.2708231
102.4550786
102.4633775
102.4852929
102.5184759
102.5538035
102.5565807
102.6488846
102.6958703
102.7230739
102.7867717
102.8013275
102.8017203
102.8045658
102.8186358
102.8301942
102.835632
102.8593382
102.860084
102.944161
103.0295938
103.0548094
103.1969341
103.2005992
103.2234212
103.2926407
103.3183074
103.3301803
103.5045395
103.5684926
103.5771468
103.6012114
103.651438
103.6838922
103.7040783
103.7084055
103.8235658
103.8799347
103.923226
104.0277061
104.1626147
104.2298028
104.2321615
104.2570723
104.3739878
104.4218596
104.4224145
104.4267991
104.4407083
104.4812858
104.5086618
104.5375109
104.5412275
104.617522
104.6252153
104.6472986
104.6735454
104.6843243
104.7052254
104.7693804
104.7783947
104.7847006
104.8216333
104.88189
104.8955643
104.9116663
104.9378
104.991282
105.0083144
105.0241329
105.0380275
105.0508234
105.0776992
105.1834976
105.2132259
105.2240743
105.3437825
105.3558408
105.4004751
105.4120514
105.4220251
105.4654703
105.4766591
105.529185
105.5473627
105.6209954
105.6499907
105.6917856
105.6941544
105.7595811
105.8554351
105.8841531
106.0380805
106.060149
106.0711985
106.128338
106.1417017
106.158201
106.1606833
106.2696156
106.2784673
106.2817706
106.2944879
106.3598183
106.3602023
106.362551
106.61905
106.6213157
106.6955204
106.8118019
106.8685636
106.8704803
106.9216033
106.9659201
106.977723
107.0050976
107.0289866
107.0862095
107.1728191
107.1843273
107.1951707
107.2361366
107.2681929
107.3198135
107.3416913
107.3850593
107.3944717
107.4137246
107.4142681
107.4287664
107.4721605
107.4931917
107.5660804
107.6103211
107.6435771
107.6836871
107.6907964
107.7315386
107.7697413
107.855225
107.8737015
107.9124111
107.9868949
107.9873218
108.0054343
108.0230792
108.0423555
108.0458926
108.0638166
108.065579
108.0756727
108.183792
108.2166601
108.2287276
108.3121789
108.3168858
108.3405879
108.3441414
108.3684316
108.3690513
108.3957179
108.4103158
108.4161706
108.4758509
108.5054416
108.5090168
108.5468633
108.5501443
108.6211833
108.6333046
108.6434544
108.66464
108.6793978
108.7603001
108.8289171
108.8303762
108.8547508
108.8616474
109.0193712
109.022564
109.024141
109.0357597
109.0658471
109.0921631
109.0946323
109.1013261
109.1549823
109.1821183
109.2162279
109.225556
109.2486647
109.2537734
109.2768851
109.2853418
109.3383552
109.3905998
109.3930157
109.4169192
109.4429934
109.4711098
109.5408614
109.575944
109.5852253
109.5966791
109.6623974
109.6894658
109.7513927
109.7515385
109.7571416
109.8076178
109.8585753
109.8695196
109.8852597
109.9130984
109.9455062
109.9825551
110.0447896
110.0932899
110.10323
110.1331182
110.2223123
110.2316633
110.2437841
110.2511102
110.3262123
110.3332655
110.4317855
110.4408803
110.4432293
110.4606459
110.562229
110.5764023
110.6823944
110.6857506
110.6956184
110.712841
110.9633894
110.9653137
110.9804014
111.0162259
111.0196744
111.0217929
111.0843029
111.1382096
111.1727497
111.2232716
111.2266885
111.2787584
111.2800516
111.2818551
111.2948115
111.3779693
111.6631582
111.7162016
111.7763395
111.7793889
111.7803734
111.8391951
111.9684622
112.0700033
112.0777152
112.1355384
112.1926517
112.3126628
112.337046
112.3982055
112.4349689
112.459697
112.4750941
112.5090516
112.5424199
112.6616435
112.6676589
112.6738296
112.7194284
112.7715925
112.8954016
112.9203223
112.9794804
112.9834361
113.0381382
113.0688155
113.1161095
113.1169398
113.2297373
113.25373
113.328978
113.3302105
113.334026
113.7759219
113.8729798
113.9760462
113.9995146
114.0512495
114.1339416
114.2005455
114.2821387
114.3117197
114.4161786
114.5357503
114.6659511
114.7399101
114.7412734
114.778071
114.8407725
115.1564012
115.1781396
115.1989301
115.199245
115.2325531
115.3560318
115.3611268
115.3830068
115.4789148
115.5650287
115.5683776
115.7659902
115.8163936
115.8586081
115.9787989
116.0396587
116.0777931
116.1616839
116.3019555
116.3796525
116.450422
116.5084074
116.5206923
116.5531455
116.6912176
116.7036582
116.7173125
116.7324324
116.7366261
116.7431319
116.7555937
116.8020848
116.8130969
116.9106908
116.9256766
117.0761277
117.1311498
117.229079
117.2878912
117.3113562
117.3688104
117.3695296
117.5293447
117.5314026
117.536781
117.6102915
117.6236473
117.6602827
117.7296726
117.8201907
117.9389993
117.9733424
118.0069295
118.2583441
118.2761894
118.3271968
118.3606557
118.3979065
118.4901697
118.6044645
118.6730366
118.6832725
118.6858263
118.9923573
119.035002
119.0856171
119.1025189
119.1709113
119.218154
119.2653877
119.3916718
119.3936976
119.3941064
119.4765557
119.6324109
119.6335548
119.6404412
119.6946577
119.695765
119.84797
120.0586671
120.1593771
120.4359949
120.4509288
120.6310784
120.6494434
120.6913038
120.7435664
120.9512466
121.1349176
121.4977331
121.5586297
121.5639121
121.6622761
121.6961761
121.8961665
121.9401369
122.0146733
122.1449949
122.1952483
122.2103248
122.233323
122.3886015
122.4073418
122.4564203
122.5391946
122.6539694
122.6847408
122.7418744
122.7628653
122.8392822
123.5900822
123.5977843
123.6495149
124.2179699
124.2261737
124.3915101
124.4135035
124.4683112
124.6028153
124.6118471
124.9831618
125.084915
125.0972687
126.1752206
126.6738117
126.7265372
126.8069869
126.8073984
127.1752928
127.2509777
127.7767134
127.92461
128.256862
129.0064612
129.2028653
129.3449326
129.5481144
129.5650601
129.8765443
130.0608093
130.3797119
130.3900798
130.6377143
131.0900076
131.2116167
131.2451414
131.3387935
132.1491176
132.7748215
132.7923586
132.9801054
133.1120232
133.1914419
134.1279669
134.1811718
134.3649948
134.6803969
134.8370348
134.8419069
134.8596466
135.0119649
135.1272491
135.1386537
135.1694525
135.3315583
135.3378033
135.4186222
136.0456753
136.3027766
136.7325092
136.8274312
136.8277041
137.1948633
137.2279662
137.7044047
138.2362122
138.414764
139.0302034
139.2921004
139.3670753
139.5013171
139.6483317
139.6702541
139.7521543
139.8619431
139.8710041
140.3717815
140.6305213
140.9370415
141.1250722
141.1736926
141.3220576
141.3381168
141.4831644
141.6056722
142.1430003
142.3303677
142.8610793
142.9403233
143.0984171
143.533473
143.7630894
143.8584938
143.9955548
144.1567454
144.1571109
144.3331315
144.6261698
144.6576424
144.6656444
144.6861336
144.7902323
145.0583117
145.105065
145.3728801
145.4172387
145.5414413
145.9298935
146.4548645
146.4727237
147.0361442
147.0414824
147.1682459
147.2757818
147.8035305
147.8888994
148.2502786
148.3003692
148.3771202
148.6977358
148.8398374
148.9812525
149.063196
149.1199989
149.2220255
149.2433497
149.299952
149.7441028
149.8488208
149.9107557
150.0500312
150.2012138
150.2355238
150.2498675
150.3166152
150.6326874
150.8712202
150.9502632
151.0761899
151.4935635
151.8869972
151.9035477
152.0616227
152.4238712
152.6194403
152.9801697
153.1201644
153.2504506
153.477776
153.6390212
153.7447398
153.8990984
153.9199807
154.0621221
154.6608736
154.8238864
154.8390847
155.3705624
155.3851533
156.1457255
156.1543898
156.3616174
156.6732553
156.6810374
156.7650823
157.0858232
157.1215052
157.2388553
157.7592626
157.8548562
157.9171537
158.8608887
159.2649827
159.3223075
159.5718087
159.6577388
159.689339
159.8938645
159.9210934
160.0889553
160.3337447
160.389421
160.6217342
160.7306991
161.2469997
161.3432535
161.4812963
161.5279095
161.6892093
161.7820226
161.8944624
162.2847429
162.5769606
162.5927723
162.5931264
162.8432736
163.2708732
163.2747473
163.3488091
163.6269496
163.7266551
163.9069365
164.2697011
164.4970373
164.4971875
164.9182225
165.405354
165.4113371
165.6872119
165.7412972
165.8092179
165.8248732
166.1365886
166.2160846
166.2549307
166.5712879
166.6415254
167.0470997
167.0576456
167.4358075
167.7230632
168.0432282
168.2644287
168.5948318
168.7848886
168.8383605
169.1168028
169.3388465
169.4168014
169.8391177
169.9288234
170.9919828
171.3764462
171.4716375
171.4892533
171.6262299
171.6516396
171.6976946
171.7575545
171.8839938
171.9457959
172.0540491
172.3458448
172.40168
172.4788062
172.4813641
172.6442654
173.1017097
173.1106982
173.1686574
173.3228386
174.4012337
174.5071843
174.5723999
174.6256481
174.7876411
174.796583
175.1742112
175.3723314
175.572958
175.6086697
175.7260273
175.9303271
176.103677
176.1516409
176.4134092
176.5268267
176.6165894
176.8604109
176.9020924
177.2233048
177.3176161
177.3377996
177.5147313
177.5764304
177.7745075
177.816092
178.7297725
178.8116076
178.8998611
178.9635457
179.1630865
179.2155874
179.2720807
179.8248944
180.1237765
180.2513601
180.382234
180.5059257
180.6465282
180.716828
180.9009998
181.2783964
181.2915605
181.4170812
181.527598
181.6368274
181.6942283
182.026807
182.2582277
182.2685447
182.2688175
182.4482352
182.5616319
182.6549356
182.9043504
183.4065252
183.468585
183.49095
183.6222657
183.6793207
183.8270791
184.4103931
184.4633281
184.6226709
184.7624496
184.7674863
184.9800516
185.1568059
185.2039114
185.25947
185.2773389
185.4974732
185.7446728
185.9461429
186.1728203
186.2337571
186.5008581
186.6762324
186.6898282
186.7536773
186.9226052
187.1735424
187.3096148
187.8961851
188.413665
188.4928637
188.5181422
188.5506536
188.6372826
188.9252083
189.0944824
189.4263485
189.5208915
189.6711349
189.9711184
190.2257843
190.2440566
190.312216
190.4242157
190.5577618
190.7886386
190.9684885
191.006688
191.0658531
191.0895109
191.2996157
191.3980675
191.4508931
191.6549412
191.7723087
191.7760562
191.9535738
191.9649389
192.2316221
192.3023991
192.3197536
192.4280381
192.4288139
192.4372194
192.4931257
192.7121236
192.7678575
192.8736822
192.9036306
193.1007598
193.2418382
193.3473987
193.5866233
193.7141828
193.7461968
193.8778713
194.1755471
194.2651719
194.3100272
194.5766559
194.5921148
194.8773479
194.9022136
195.0948311
195.3574542
195.4115025
195.5697875
195.7571622
195.7733251
195.787103
195.8645552
196.2408242
196.2736367
196.469984
196.6249511
196.6492664
196.6587013
196.9560008
197.1144011
197.1220049
197.2101782
197.3752649
197.402901
197.5282582
197.6439711
197.9791215
198.1403003
198.6730942
198.8234862
198.8298806
199.3096432
199.3355744
199.4735636
199.4766779
199.7936345
199.8362913
199.8778403
200.0882787
200.834898
200.9133156
201.8258633
202.0572747
202.3838319
202.9355362
203.4044028
203.9283708
204.7206567
204.8001847
204.9603677
205.5463111
205.5720367
206.2611855
206.3999208
207.0735119
208.1181381
208.3357976
208.5810155
209.4083305
209.540094
209.5869708
209.8453993
209.8678411
209.9001977
210.2735346
210.8142087
211.2506267
211.8529059
212.867626
213.3560921
213.9011021
214.4103848
214.4128874
215.1968037
215.9195049
217.3788583
218.0055713
218.080385
218.0908814
218.142147
218.2299187
218.5241851
218.9163567
219.9048349
220.1156708
221.2091958
221.2258168
222.803013
223.3671883
224.0581164
224.3206759
224.4016682
224.5550169
224.5903664
224.6757231
224.7006953
224.8315729
225.6323656
226.6555374
227.3637009
230.2242223
230.4462359
231.0863347
231.3843163
231.5153161
231.7364957
232.7046126
233.0453455
233.1075816
233.1321372
233.7034975
234.496633
234.8466111
235.6133585
238.5008779
239.7427554
240.0810647
240.4795923
240.6863901
241.2013513
241.8202079
241.9741949
242.3170629
242.8640342
243.0745066
243.5120414
245.1511304
245.6626799
246.3613268
248.2256491
248.7183228
248.8592986
250.0832336
251.0549998
253.7202781
256.9964761
257.0038865
257.0343554
257.4914906
260.2634026
260.8875056
262.7173405
263.1103304
263.6372176
263.9642476
264.6148697
265.5355937
267.9761948
269.5039162
270.4417274
271.3248604
271.3586137
272.2017204
272.2999056
276.6552459
277.9626192
278.0791793
279.5451717
280.4044392
283.9338466
284.4364567
285.2493645
286.5083725
287.5766935
290.6793783
291.2986618
295.6094492
295.9248796
298.4018471
298.5601175

==================================================

=== label ===
Data type: object
Total unique values: 22

apple
banana
blackgram
chickpea
coconut
coffee
cotton
grapes
jute
kidneybeans
lentil
maize
mango
mothbeans
mungbean
muskmelon
orange
papaya
pigeonpeas
pomegranate
rice
watermelon

==================================================

=== soil_moisture ===
Data type: float64
Total unique values: 2200

10.02426042785048
10.044198588370408
10.048511242971324
10.052477463262903
10.070927185903988
10.07925126717412
10.08056813437508
10.0829206182682
10.092302479295224
10.111576199163585
10.113773482446792
10.118846759257703
10.12783374743764
10.139559488060785
10.17966022997495
10.18326718307308
10.18596245452054
10.188538529844916
10.190471188400569
10.198437805362424
10.219504284814157
10.224701079795066
10.236418935932338
10.236719226201531
10.246730022434704
10.265691516507482
10.27365136861986
10.27446969830681
10.308661233612549
10.31015108426444
10.322210948495435
10.327596406110278
10.33026980115875
10.33275297624524
10.333280500159196
10.355936537780083
10.38199087623738
10.384722746040309
10.419889465405207
10.423127337590763
10.424958203965502
10.429540377920024
10.437046480821191
10.448250249599369
10.46651067931968
10.466711501339235
10.470323050276075
10.50661295510137
10.53147663917586
10.536952344835465
10.557327891943224
10.562518996422764
10.56729998261652
10.585878969377427
10.607368638078407
10.617323465665304
10.634014274492008
10.664596611430836
10.667365708154236
10.668559319782968
10.684028294412435
10.691681153943303
10.697756538547267
10.700504071186604
10.701686070933352
10.755513474047405
10.77252582021304
10.783959311288562
10.785040291831235
10.792855126483271
10.796257502339472
10.805769979411888
10.806164626739998
10.806668033177386
10.813331473912516
10.818319611405244
10.823293035205078
10.824013233168412
10.825667707107044
10.829340209454172
10.839354431342027
10.861290327140908
10.88876336302598
10.893473198635954
10.898518512426204
10.904882585409904
10.907756040294556
10.924939769484348
10.925763227969831
10.926084651987418
10.936884055517533
10.950341192921014
10.971919704895674
10.9771659955865
10.984919948676248
10.987355311073593
10.992659009788897
10.99905404126643
11.002961984706907
11.006101701812238
11.009555763380677
11.015540427381996
11.050504794004382
11.05272560848151
11.05834190341838
11.074538017793024
11.088520793789092
11.099956508299684
11.107117322247351
11.107673771458952
11.108241239335278
11.114582318756035
11.134390991338917
11.137747225723729
11.137798914431894
11.14442455105382
11.165825145074
11.170926213548938
11.195846847011126
11.21451611986409
11.229387089027805
11.24208903278504
11.248818123109782
11.259541097797426
11.265376754776792
11.284287837910371
11.295995627972912
11.299444545646748
11.309831371911493
11.31636673750176
11.318500163338104
11.32035076596589
11.327962406700324
11.329050465502029
11.349458943073508
11.368837456120149
11.388349185657002
11.402539356998794
11.402795765612453
11.409634274015048
11.411661021388436
11.417388819274958
11.442336684911844
11.44437823312961
11.44540723379362
11.45359823331303
11.474456310853924
11.480270533958736
11.506309430984572
11.521976739715187
11.523065573544692
11.531019543181118
11.544266452178189
11.55177333359918
11.561910846849637
11.56234004875522
11.56419431173771
11.56502365464743
11.57327106741946
11.573780353481702
11.578841258002315
11.615198698087507
11.619596564199044
11.652755460649235
11.653781873535564
11.656547185356438
11.661358078018417
11.667579744366584
11.705669623554444
11.707138610625297
11.714645667151553
11.720043870140849
11.7319678187691
11.737787437312106
11.74140623049048
11.74268614956109
11.75158593268405
11.754106736230822
11.758750963342976
11.766911669745031
11.768006354308664
11.78666410407552
11.787229925774788
11.796683603416325
11.813093986606347
11.81700806960412
11.8285937485254
11.829330126916313
11.836692557738576
11.838777321520135
11.84767260897906
11.85753074361109
11.861813428727714
11.86449934520388
11.875026900296128
11.875862812343083
11.879864319508734
11.895561105974524
11.895978475898856
11.908288521970295
11.911879522102389
11.922048094408044
11.92328660471102
11.924927051281731
11.925177213490825
11.928400658221928
11.93748914705946
11.945961317375025
11.968096013573623
11.97656288098738
11.983118511669431
11.984999511463448
11.99450787833964
11.994661224514807
12.000506154949411
12.024365136909855
12.025555160607496
12.028981062864595
12.045818537223123
12.053316118446787
12.067107354463678
12.078995269273094
12.080064187509754
12.082360233995129
12.08634046970216
12.098465709033963
12.108626796795903
12.116268860828583
12.140492059410413
12.141741565541352
12.15128734277424
12.154437978074892
12.155894355983186
12.158081008876223
12.173006937040183
12.174878731885316
12.177924300529003
12.198011201576117
12.198484002327143
12.203829682038808
12.210252656801796
12.229344875900477
12.250950933904624
12.251031402864813
12.282475807709458
12.287843010348428
12.29387392612072
12.300796996218914
12.306331603805344
12.30894752723027
12.320207864219697
12.322833033084803
12.35207772263321
12.356822407038637
12.358802990493396
12.364684035734651
12.392641104323507
12.396979879056625
12.398640117408124
12.41872292580177
12.42564520814211
12.431389871478997
12.45355553664742
12.461034644235166
12.462926012823116
12.466760932567718
12.471833841614878
12.472760939716386
12.474496428881569
12.48595862613647
12.48625697800941
12.4965744125287
12.50657530419173
12.517358028129866
12.524361694819396
12.531124637144435
12.53884387484913
12.558982611490364
12.565318535077452
12.574152069211795
12.58014397703456
12.60652257355764
12.612552024800824
12.614882619493192
12.621666672039906
12.625081303372337
12.641802593529976
12.642971277836256
12.644838590168144
12.65252837641646
12.655452806967292
12.661393448287384
12.673266312138056
12.67830209075946
12.691603799052496
12.692405256703813
12.70042217067424
12.722751429431252
12.730847055470504
12.737816445976945
12.740281803182636
12.749978307351926
12.77954673106138
12.797878443899853
12.798551225078883
12.808849928179969
12.809403007775856
12.825285071494225
12.834479681896692
12.836443377920071
12.851182636936995
12.866965731468312
12.880182784384491
12.88791272173219
12.892683752551337
12.90586964418318
12.9119164961058
12.913834094108532
12.920400303176496
12.926622977414898
12.951263015127374
12.970253989218888
12.970284474954587
12.972852034216771
13.009933763252793
13.01299691329733
13.022598702062304
13.037254641214304
13.076911809501064
13.083566603279367
13.087241229945963
13.101788392720406
13.104249501878993
13.104822277411008
13.104904061824998
13.1171819705369
13.125280180931997
13.12547369390908
13.140268766996403
13.140437181572864
13.17561760067285
13.18098721687652
13.19095469253482
13.212868150613586
13.225138142555844
13.2269111054086
13.227263136868348
13.23421114798425
13.2375226078302
13.24948353816419
13.250136856946924
13.26077622047605
13.26369870476028
13.269824653078503
13.281507973530902
13.283022799234775
13.284375220342358
13.320788058022774
13.32250068553737
13.337424516681004
13.351745529739055
13.357367325075874
13.357899296620008
13.366998531307289
13.372461857545964
13.380221053457213
13.42515034311952
13.43354524879422
13.45110052752798
13.452076748075058
13.46017893156329
13.462866142379823
13.467257051310288
13.46856493102478
13.498886949366664
13.503443492069124
13.508814256108518
13.515716639695825
13.525332836338746
13.53062773626413
13.532386053203108
13.534667485478328
13.538539648190984
13.56465894595029
13.574201538317467
13.580952195016112
13.581078241216552
13.602948701916556
13.610894518514336
13.61459930168156
13.617083412408157
13.620887594116882
13.627410365181795
13.642304736922634
13.646635296163916
13.65159806700084
13.658592603368296
13.663389299811406
13.665492297792216
13.716790171536932
13.724500461809814
13.741746858175928
13.75048118487548
13.751786166706776
13.764079363863924
13.788061540765955
13.79313101036887
13.799752224936125
13.800710213243498
13.803873596397116
13.805697759104326
13.813650400922198
13.825855174688847
13.838533161313348
13.85272937259489
13.856105173905371
13.858547155976744
13.866481527972097
13.881553404963675
13.89054977407974
13.8955730379791
13.91157577786971
13.912195781612864
13.921565654332609
13.9285897742515
13.933111449479496
13.938658325440157
13.942680096299735
13.942790975596775
13.94424908706781
13.945082022622453
13.96817341455851
13.999825750530306
14.00298223280621
14.004584887409244
14.012818343701646
14.05782656290738
14.060726060721125
14.07087343441151
14.073355684063886
14.0764188625773
14.077493384495256
14.077575939367344
14.094775208355
14.113912935636186
14.151682493405776
14.17633378507037
14.183409491732808
14.204733068318305
14.208862521680636
14.210942109074615
14.229025841834249
14.23907603538938
14.239136974517791
14.239629393797188
14.254746874307283
14.257501799405537
14.26583797542585
14.28098187089007
14.299331698195829
14.31311338573272
14.322326690337254
14.32349780465393
14.345952234830875
14.351445771487692
14.361587083063084
14.374812486344188
14.378057037948288
14.383905838249806
14.387860606427491
14.431461476970997
14.433044818296704
14.434298232988604
14.442414784704404
14.446748288731564
14.455353203603693
14.45817986156172
14.47862064779948
14.482681972169132
14.48966526248931
14.490836811297964
14.497889151035778
14.510480330649036
14.519284558567708
14.568782426502285
14.583181562911136
14.58953920099858
14.592365270038036
14.617376998249076
14.62008457354159
14.622800795816357
14.633805874356844
14.63885547774006
14.641443659577863
14.644122612068678
14.65936235062398
14.66127783457232
14.667143323270045
14.675872562535844
14.677124413861492
14.69504496019837
14.696973511495068
14.701166856771303
14.713067683521118
14.717822426835928
14.736332609330848
14.741278343993498
14.745659861885434
14.7774823617743
14.784101974786136
14.823679511169106
14.824138686204268
14.831856249968643
14.83400005660129
14.839741894819548
14.841228761081371
14.855370604313354
14.870988392069222
14.876704045611946
14.878731823205325
14.897121614712535
14.90137643538507
14.924898117590468
14.924920535153532
14.933378149473928
14.94566795676447
14.947970460124813
14.95942230328832
14.960071918085776
14.9647460866055
14.965284817188142
14.977243556855884
14.993177552546504
14.99349287714806
14.998251504511178
14.99847935562
15.01205584314594
15.044791862789888
15.054079970805905
15.056620653688066
15.067755794891626
15.08057143272421
15.118545496371134
15.119546282543409
15.125943929784174
15.13176545749669
15.141719267175484
15.153237764318618
15.167263794397696
15.17605479052179
15.18124692778565
15.20174118005942
15.221686107949465
15.28334201903384
15.30228532605343
15.304269463163257
15.314463414163033
15.314945120564763
15.32162745552968
15.333693105308976
15.346038548397892
15.353073018423906
15.356110722789817
15.35845327102689
15.359092106395895
15.361999194858749
15.369051103041096
15.374348473394676
15.390627022479428
15.393957784044227
15.404600446017936
15.408636668176758
15.443780035055942
15.44449160051871
15.453491204089453
15.463638590216256
15.475575411009304
15.481196021626536
15.482003868699303
15.487296064798892
15.499224597901106
15.504278100088827
15.507253104127388
15.5097196119876
15.509799224738156
15.520950459783
15.530924907457653
15.532948055771902
15.53648439502464
15.540157561344648
15.55441258248264
15.573493072138046
15.577928881206464
15.581675035547706
15.584397075121004
15.595314711780246
15.60212742502812
15.634928991882044
15.639245965487603
15.649079354772612
15.657421669721185
15.669133663247177
15.66952298386388
15.672019150218633
15.672750919557645
15.677192302870695
15.691226228148736
15.69649075752503
15.708845879449388
15.720683747476397
15.73426619316704
15.737639960939829
15.741550620497598
15.74570393886939
15.748256057965616
15.7807815033009
15.79416857957826
15.794511260178512
15.801002180552723
15.812551079924324
15.817099084796723
15.827244022290168
15.83044909575043
15.851283719089109
15.869740923889342
15.86987574961903
15.886645977396885
15.89334840525219
15.895201313092835
15.897071974750856
15.90121818968138
15.92219423365558
15.927120810494973
15.937523119314164
15.94913001881664
15.963386244910325
15.968682046160998
15.989417171902998
15.998537217446074
16.004622811291533
16.017119950826903
16.020352572280615
16.03414939021262
16.034651062413694
16.04396540629365
16.046434214997014
16.062880963574187
16.07083494731713
16.071083939229037
16.086148154120384
16.09776051154894
16.098333654928673
16.11860233000442
16.12102292698541
16.15189052261151
16.154835652418242
16.176486379938588
16.18147559658525
16.194472911082855
16.200104463510527
16.20937179133302
16.20968329584451
16.224592754313896
16.226574044304257
16.244048200372607
16.247215558153485
16.247993900123042
16.28911808895467
16.30111470104408
16.33277227942275
16.34199929243283
16.352388261341748
16.377314990448518
16.398181219278232
16.400390779250376
16.404267961783816
16.426411491519072
16.42780693223697
16.42877792270614
16.434935959029833
16.436343351656625
16.446264715540345
16.45921434868169
16.461293179091783
16.471461498623782
16.475552973043193
16.482409020425827
16.483831774064306
16.496335589793823
16.499630482975018
16.501703945706403
16.512010148068555
16.512402224199015
16.51250342830847
16.51598934276396
16.532717945506896
16.534598306057312
16.541197372535187
16.548476182735968
16.552014653998782
16.55843681624998
16.6099940590011
16.61647633429648
16.616754025087637
16.634203658287515
16.63685599608202
16.64570674406493
16.66349434113963
16.67152868568296
16.694120968506276
16.705183656458175
16.70909070992215
16.71903240081658
16.73073733205308
16.741834928011453
16.7470551416293
16.766984283148666
16.775126349262365
16.780189640221295
16.788202945031202
16.80893605080174
16.82892056563115
16.830723829140045
16.833088612854667
16.837691677132028
16.843666120790946
16.847427570162445
16.849234899690444
16.854470545846816
16.855989834990762
16.86115814260713
16.861238686994373
16.865705857598286
16.876425328309097
16.884037140910706
16.88963551289274
16.89041734173178
16.894401696679736
16.9004052999644
16.915447591455198
16.916115717602835
16.916588897200498
16.92544358289537
16.93443790337816
16.93858398518732
16.94238300403439
16.945426191100967
16.952351417059347
16.96396246781107
16.968321508148083
16.968561324686164
16.989144158084784
16.993429954823718
16.997505665694476
16.997986847340627
17.012374321392628
17.039146933469503
17.042527658699484
17.048585962513297
17.067900874513
17.099713366928857
17.108719469787573
17.11827360971662
17.12070475802118
17.122876153973998
17.12723207972995
17.156634719000138
17.16695726308303
17.175231257937416
17.177087805545685
17.186455084550587
17.188346404755414
17.225275574266917
17.241898182189612
17.245111131009196
17.24999906685082
17.270074219558595
17.276004022599764
17.29969334991618
17.306128817610425
17.313184729706432
17.31523561761122
17.316644609244523
17.320335490978174
17.349656767443335
17.350890535659858
17.363971184414066
17.39105459619854
17.398324281444683
17.407843898955466
17.411591381515123
17.412679457142016
17.416790208175474
17.420923946520322
17.437142014543618
17.446672583396285
17.474198570513803
17.48389157563706
17.498770371575933
17.506104900338258
17.51148645603562
17.54654752624201
17.547595379350277
17.550465980619173
17.55277740851953
17.573282397210757
17.575165149551303
17.59047228537555
17.5931236747446
17.605865260017964
17.61211365012349
17.618101316413828
17.618195055144753
17.626428704420114
17.63277578044524
17.6698208866501
17.689887685589287
17.69191629213744
17.69495169682302
17.695310570992287
17.703594353008477
17.71277351180151
17.7157768054615
17.717882107211548
17.722522156618602
17.731656666551252
17.74077642660384
17.74959335643334
17.767683965423615
17.770429913323206
17.773925549896163
17.777308012949078
17.777651691177912
17.787394502864416
17.79403942451213
17.802350182908363
17.8144256944369
17.819731660719924
17.84149031862414
17.847875103559108
17.84930633635421
17.850955791197684
17.852454053949444
17.858398944634363
17.87408834951183
17.883769647178593
17.8886838179578
17.892974836777494
17.894337990722356
17.906917426643606
17.927525764518553
17.931702557056486
17.946604234832
17.946714843631362
17.951842175818115
17.95969252858681
17.976434107611972
17.977476906476454
17.990423375580363
17.990852893646625
17.99205611461348
17.999723092851553
18.00302441264779
18.011115897496307
18.03068164167901
18.039768848277355
18.067476026225933
18.077447710991343
18.080024986404176
18.081055205437472
18.08431334081383
18.08944050167041
18.09387348442908
18.102299560975805
18.104902150279425
18.113655543784688
18.117574438098707
18.118653454203823
18.125823639529287
18.13409503937096
18.13417431721645
18.14693937063096
18.149825091205173
18.163780013724548
18.16567313749778
18.16695378725479
18.17458205825503
18.178618713912197
18.19548533667535
18.19586032923393
18.209124155162264
18.216295729891232
18.217609908990507
18.225796698593392
18.23010693960116
18.246309706544192
18.250433434583204
18.25119166815632
18.26070172110823
18.269990490067197
18.27169062729123
18.27194337646806
18.27494295425739
18.2935657813962
18.296256557764067
18.296730221674448
18.299666264549607
18.305105619287808
18.31880842937396
18.32824789062465
18.329149855486456
18.330854935563828
18.34078535944638
18.35536638092298
18.355384003808155
18.36933270131416
18.384330070476658
18.391528472838345
18.39284468693581
18.3977846729176
18.41980355150965
18.425932510115626
18.43342367784564
18.436854100084386
18.437517983027025
18.438227419464383
18.438362596834462
18.46564171808544
18.46843246408917
18.49230232182243
18.496974931381
18.500345321383342
18.503828246385154
18.513644209442305
18.51719879757228
18.531786438595475
18.54841639924345
18.555143687744447
18.55664335060832
18.557868625019392
18.562032154156064
18.5749422761332
18.58080280678941
18.59303977657086
18.59403333362835
18.5999558383134
18.612922244354976
18.649005552034158
18.698452007810552
18.730584097929267
18.736511205272382
18.75329668639308
18.77062109893473
18.77264635408146
18.778872334351057
18.788352745099555
18.810809946739603
18.82594598228736
18.83368125391216
18.835335118011184
18.841556958957675
18.843079670742284
18.85747657066364
18.86515605418325
18.87115170465069
18.8732305939474
18.880685233418696
18.906002562998392
18.922578028891927
18.922862175409264
18.9444281390502
18.957775711030543
18.96694772570151
18.97288164416697
18.977267616760244
18.989186141616887
18.995601685542827
19.01764886400929
19.018076572832356
19.02099378803077
19.021829020021308
19.0286584127108
19.03718406369557
19.052286849157877
19.058790654673643
19.06123846092757
19.062385610598604
19.078530082322477
19.08616281257064
19.10396294030041
19.114633279682558
19.1248653473817
19.13251841260769
19.13500094602272
19.13805170446003
19.16214327775684
19.163308249971102
19.163848127334347
19.18308618248396
19.183170637023395
19.18716957882736
19.20084965700184
19.20594693836033
19.209226074995136
19.221817751887183
19.227672453883155
19.246636812408035
19.26752852271388
19.27678302496176
19.277553432727444
19.28135004488415
19.288614241246933
19.292906949041857
19.303856543481743
19.320533704879917
19.331725558633
19.3473544047614
19.356322071679983
19.36511424713501
19.393259064605587
19.393894373236
19.39425294377949
19.412205965510825
19.413015581216605
19.442630222088752
19.44391426198989
19.444760785788063
19.445991850298363
19.46664456625801
19.468467810458545
19.47215996496614
19.47400022303122
19.484099304103143
19.490939662428342
19.50173649981193
19.50739193707802
19.52105779434329
19.537341490138356
19.56912273836052
19.57807918709891
19.58769535643117
19.58991367356124
19.60395265222304
19.605703128350104
19.62375841771384
19.62846268566769
19.64843562238713
19.65705878605352
19.674002504009135
19.679920824644235
19.68149449674748
19.69151395508908
19.69262826236996
19.71000774484648
19.72179833331019
19.724745791936545
19.729388147239103
19.73592291960547
19.73852998653529
19.742522826826036
19.74268426244155
19.77070664765405
19.771778480633905
19.77662735497598
19.777561369107943
19.783968908523512
19.80094187136245
19.80368362939287
19.804419449448886
19.804437899305963
19.8048853159575
19.81781935120666
19.8253219033782
19.82711147429742
19.839832895229613
19.86297771132577
19.872746998326967
19.88370803016982
19.895010310467995
19.89646830056421
19.90072248328306
19.909008468490686
19.94660520390211
19.947621318367467
19.94864011567039
19.95606803253845
19.957376005563702
19.96078418278641
20.00090771188006
20.017110778545348
20.02109254320799
20.02249345533638
20.02658110656892
20.03952444600173
20.040852237917964
20.05074631056686
20.072348046242126
20.077735685013888
20.078951481109264
20.08117304427345
20.09578928612813
20.10713785979723
20.113293079539623
20.130745125682004
20.14844764267223
20.16162587696318
20.16287908097148
20.171119633832078
20.17302945406609
20.17573526040703
20.18986891815401
20.206656248325164
20.220159164922585
20.22125963985225
20.24539848487205
20.256072078972384
20.27335682184806
20.27668828856517
20.285976168436644
20.287319496496032
20.29288616518152
20.29456309019759
20.301319031545216
20.33728970498565
20.34366154221962
20.347876568579043
20.359243797782497
20.360542273772705
20.375739681026285
20.392678220973345
20.394642863959994
20.412640997085227
20.416138917943663
20.422314869535917
20.43053659143354
20.43591067668373
20.44935177539218
20.459145741082907
20.463412227529027
20.47243451773837
20.50207888167642
20.505529046999705
20.51109414201811
20.519347500263585
20.526831018972626
20.5287131393018
20.533254436551665
20.545202213880582
20.54809814425508
20.57670167577803
20.57806871041672
20.5781345707444
20.57995716136375
20.59763893573932
20.602902571116918
20.60356975186675
20.60363103984137
20.60551995945477
20.606943190508154
20.609035288675575
20.61753669055696
20.619743664679493
20.63192670949056
20.64717442786585
20.65470123376477
20.659253035003697
20.662950993546588
20.70705997669649
20.70903958586095
20.709097635329297
20.715076606168907
20.718189891761558
20.72493921446361
20.7434885365372
20.748192638913565
20.75032364103968
20.7554159609588
20.76540487878467
20.76764583191936
20.80520694710316
20.805396719280253
20.81634125783072
20.8171208872756
20.81748305905524
20.835640482532128
20.85026943377464
20.85250953487601
20.860039409441107
20.862010923388805
20.869700420788323
20.87396807319682
20.888830393151355
20.91114093424476
20.921706614577328
20.95036774058351
20.95082841874664
20.951075117301148
20.957280266813378
20.96619935137176
20.976618138030744
21.01508297367535
21.02573587462075
21.05992581809401
21.07517038249238
21.080100035680427
21.08846327859752
21.10292381552731
21.105961905060312
21.13809726435067
21.139083686717008
21.161898388489256
21.162223655975843
21.172513216459222
21.17401651116081
21.17633235202116
21.18148251517712
21.184210718597853
21.199323146876043
21.20284577988588
21.213342045202147
21.21379205595914
21.22619485890013
21.22727358628693
21.259516464292563
21.26041449846777
21.272419181042864
21.279364223543475
21.29377485094609
21.294322434435745
21.294355699453444
21.30397886962401
21.33762498122857
21.341096377656136
21.354007052882903
21.35430384488906
21.357883024408736
21.37637203655423
21.39328988700335
21.400903958536936
21.418969534149536
21.42811371676072
21.43328587577617
21.47110399349033
21.47270928827209
21.47557123265734
21.490728974630017
21.5002212703505
21.523216255559326
21.525716715643995
21.53987789309604
21.541871460057635
21.559579416776657
21.56151770394948
21.56306756467927
21.594300295136016
21.60005269676551
21.602344170023034
21.60431480630391
21.628617930752583
21.64441452211161
21.665501586766386
21.670056742486587
21.683632285849384
21.690469967780327
21.69539746606964
21.722580321044305
21.730712007454187
21.737838617637927
21.73801419770495
21.74293462232248
21.75351818873004
21.757814358798004
21.77758052261684
21.78762944612024
21.80007413783345
21.81278116743666
21.81901608255864
21.829635938189416
21.830246552536494
21.83194359588598
21.86333969000896
21.884680624706466
21.90240447327957
21.905366371713423
21.913312119485408
21.925453917561956
21.925867768493475
21.93074253051045
21.933087138686584
21.96322763179176
21.98104519816333
21.98237866520371
21.98743157620418
21.989640068600732
22.00201918394045
22.007679841140423
22.03001272495083
22.03301080540591
22.03348979894905
22.03614471986157
22.03811390384275
22.05467331894432
22.060361526689416
22.065704318970912
22.07938122392231
22.08148010791099
22.0821728906488
22.106012685551185
22.109309180516867
22.12598950239208
22.13431433463313
22.16050304824517
22.168864617679898
22.169247906066875
22.172512053007235
22.17965115410852
22.18492472302985
22.212875054130173
22.22145513378657
22.22238670819713
22.223867837770705
22.223938666202645
22.228344391082477
22.234432314251368
22.266488664004527
22.27373568600596
22.276990477441192
22.31779011810577
22.320775102816395
22.32911133423478
22.32960683970993
22.330633948436315
22.332135681504607
22.34487535165203
22.35165870933058
22.36151771380224
22.368035030771573
22.392835420014197
22.399836623372344
22.404137971812943
22.423386416477808
22.4253864099393
22.44272000830292
22.44296685810167
22.44502242500509
22.45000076480462
22.457282140177888
22.469894116469312
22.47252299621921
22.484433924046137
22.495507240741382
22.4997111867399
22.49987358583689
22.513203908267013
22.52220633019757
22.52266270001292
22.54409971384877
22.546024199984057
22.554211948709074
22.56220609393484
22.575228491367987
22.5801603262697
22.58134340424461
22.59439814917546
22.5984525465593
22.618112514277907
22.6375026764087
22.643901148041618
22.6514815456319
22.668378327418573
22.675344541677383
22.67600640577453
22.681703927230465
22.685406022692995
22.691620214136808
22.6919053080773
22.70373097856308
22.7039820593924
22.71343868769598
22.752303725576123
22.755856239388827
22.76091181290154
22.78968891335932
22.790242154768656
22.79244210343155
22.81780915004636
22.82054916657342
22.84477059004342
22.85402795020538
22.86168392964897
22.86476639253589
22.86506219543244
22.869532887274897
22.87051321085243
22.873426498240647
22.880546308604025
22.904246694002484
22.91270387755548
22.913729556605283
22.92781897921299
22.937653086720488
22.94051785690319
22.94600596496226
22.964571499729807
22.96719134004259
22.98077834388595
22.997797768847203
22.9996416547392
23.02240762427472
23.02564795658849
23.026259523357037
23.035940691958224
23.06373632739978
23.109576281045197
23.119344861006976
23.12713714191193
23.133311760793937
23.13943859421852
23.16205187173825
23.165716293534224
23.18270053667158
23.187377578327315
23.200537277837302
23.20239972173093
23.206261667690804
23.21829705289648
23.257199051088868
23.263032045833988
23.291332348908178
23.292722904671827
23.293865898642444
23.30698594151348
23.320519483369495
23.33402741040184
23.33584732483188
23.34511451117176
23.34752238847974
23.35090475621889
23.3640544495284
23.365152996616825
23.36781729024092
23.37443777472351
23.388197721763337
23.39466615387142
23.39587454955139
23.41065976745307
23.42219641313224
23.430910355174166
23.440529568659336
23.44738660801529
23.4678268698822
23.469396541671507
23.471283449453573
23.488739391031093
23.49247275808871
23.4975844784642
23.505031095110127
23.532235559361865
23.550068739343324
23.568710994370687
23.56947337146422
23.57746130613952
23.59628261450777
23.597865975941374
23.599825691650366
23.60289859959217
23.609538094119905
23.61077070207454
23.61311519614218
23.61436403669359
23.621614234869263
23.62934942267834
23.64088673750455
23.64276517827145
23.679371355101424
23.69212809400546
23.69962341014208
23.707311279600493
23.71006867594174
23.720900193686727
23.74527134815115
23.7481119491935
23.75173574115237
23.75561074964405
23.761118388351555
23.78700520580369
23.788590159525025
23.801940601085143
23.81684773602596
23.83029627976708
23.830453659792354
23.838467121601667
23.844591844386525
23.85391520298036
23.856300168189968
23.877505842772575
23.88330695629805
23.899279293392844
23.90900735942316
23.911727578408552
23.93873377525639
23.94513129849401
23.950618925887262
23.955364277581367
23.95993124570132
23.961921889132327
23.96198764939306
23.978503476769937
23.978828255346407
23.98906903439705
24.026217182541146
24.037268835277036
24.03853195047953
24.039681761619494
24.05184914662287
24.064683454107023
24.068975135530803
24.07107657655872
24.095735927477847
24.105264289258383
24.11837034334575
24.11949009499051
24.12416135291685
24.125689888251497
24.142284407863755
24.150433597295176
24.16718845143553
24.179420794925647
24.18920529781756
24.19127296156037
24.21622413859022
24.22334231610793
24.226219456379617
24.22831197302924
24.23069465499101
24.231881594151652
24.24630233128739
24.25224762503133
24.26292542082533
24.271407784450503
24.289082081608385
24.29132104227174
24.30597923707028
24.30883058797581
24.32228426860545
24.337247163015935
24.35983833596474
24.362217189717786
24.368852917432807
24.374317867416305
24.38779630113764
24.3952801312897
24.403204180156607
24.404918822352524
24.407663527890158
24.409597837236525
24.415408129749835
24.416039912164425
24.418857520447084
24.427121599577383
24.430866480639864
24.439522388269975
24.475654701845396
24.47669178874236
24.49355731481664
24.5049106355084
24.52818341734456
24.53864273647204
24.53922115912867
24.540671714294103
24.542975289438644
24.55603787299254
24.558808594651648
24.559204486515533
24.56033083321641
24.56715739284488
24.574820971757987
24.583990699880477
24.5955387307174
24.61074581078945
24.612350370749787
24.623966249910847
24.630705355725333
24.63273222117275
24.70216545099768
24.72318470716917
24.7255773805313
24.7320869147292
24.736942539024028
24.740204926385942
24.74209401355201
24.77096279268085
24.775945985932008
24.77973159794391
24.791169815355325
24.796835911314528
24.79759330670052
24.81120905960601
24.8121987674652
24.817854958358325
24.822017865932946
24.82448390506296
24.825085623972114
24.83407740527442
24.83904661075843
24.857790589963248
24.864879055825213
24.86856130849398
24.89054517424656
24.90522693546585
24.9099394622734
24.93024936779359
24.93190490364716
24.934578042843963
24.9346794268132
24.9368934113116
24.93733577739084
24.94473910818272
24.96345299589259
24.964031578852484
24.96711936033529
24.98409356773446
24.990104035192857
24.993083810404304
25.00861027953608
25.01219432511382
25.013074832082783
25.04034799814584
25.06094807513915
25.065182462428773
25.068816466184494
25.073403819008497
25.08406622790464
25.085537537321954
25.12719040421041
25.13860270697137
25.145010558349448
25.14922916131482
25.15093129504912
25.152751993732775
25.1540447810393
25.173891411542463
25.180208907319944
25.18414908131166
25.203148573763222
25.22784621035301
25.228928159218903
25.23095719185271
25.240901136770265
25.25480283780734
25.256174771256287
25.260337171727148
25.303038280668773
25.314460823671297
25.316237537597253
25.338599941106796
25.352515979929677
25.354738784996258
25.366454882396543
25.389506442999338
25.392462588985584
25.40115617331712
25.40139350951928
25.405561379933715
25.40648231124742
25.40678677362972
25.42831833497957
25.43151559963759
25.43969221505493
25.44367907664966
25.451043959019973
25.451892160205688
25.459885233714264
25.460091273127905
25.49440692183775
25.50314942222848
25.52446343734061
25.52548813642485
25.52928577439126
25.53461711457743
25.53862575487019
25.539072244651912
25.5540921371553
25.58405607247876
25.60212102651036
25.602886753243176
25.60735510337522
25.619096306119157
25.62278487311488
25.623572519850256
25.62410154531993
25.629737763625258
25.6333268407937
25.638660365926764
25.649589032234665
25.651885974975315
25.658079513064248
25.65831556186053
25.66663034078251
25.686458540505363
25.696439102543717
25.703843421335844
25.708471739896822
25.714360682572632
25.720469344916552
25.75100657263861
25.75189006255298
25.762900270322305
25.766288275380237
25.769266961700097
25.781208025339247
25.78484558924632
25.787244489943117
25.79774742042684
25.808793266961025
25.836797345128105
25.840350215857782
25.848772595105103
25.878187165783373
25.887347343767445
25.891091923669727
25.892655539610168
25.91864489014054
25.920081711119483
25.928223604828037
25.93487060842017
25.940271838540543
25.945411146318563
25.94992794053368
25.961731636860627
25.96472700919952
25.97531776991413
25.985397521550126
25.994381319405548
25.994938800495667
25.99834271950722
25.999899765748083
26.01405623923391
26.01864083720235
26.025871410582305
26.02707291464112
26.033191890241227
26.033503023353923
26.038360544951527
26.077866311517653
26.08926270459005
26.092338856094248
26.113409078104365
26.14085037429558
26.156173665281365
26.15873615091607
26.16962610505743
26.183722397131493
26.188213083498283
26.191276152311584
26.19833580529604
26.199649350380096
26.202623566777863
26.20773239299878
26.22282843549394
26.23058513231141
26.23268612268895
26.23302146648161
26.249124348998212
26.256420146185043
26.26395315703626
26.2709344099806
26.280214762278696
26.287518898382206
26.294648510147127
26.29904135698009
26.30656244046749
26.31443477323952
26.32108432531481
26.331670808980757
26.339483590651508
26.378982381060094
26.38601641316534
26.3920655232502
26.39936213598953
26.40740953331289
26.40756000379458
26.41942634413939
26.42388036618837
26.43013321598364
26.44792305494764
26.45161255672348
26.451794927584427
26.454242212497533
26.46537120009733
26.467277437375525
26.472415085220625
26.478581969419828
26.47893498336275
26.504125760169867
26.51320154509817
26.550300867005102
26.552156408079167
26.56135993667578
26.566190855190783
26.567203951506727
26.56929895755497
26.570913509730723
26.59149417677811
26.59739862161026
26.61634477390673
26.621022154819595
26.635816089859564
26.640420031657005
26.640503241818
26.64065576840069
26.64690297120908
26.6498226819409
26.664930509052184
26.67336072523073
26.67850111240156
26.689688838112808
26.693873208227995
26.716653238873768
26.74203318602375
26.748256387300582
26.759698719054494
26.760166422245693
26.772502737496232
26.774617745085003
26.779319044777264
26.786372404317703
26.79830410905741
26.81682366852201
26.830585221895117
26.835018838945256
26.838771128325185
26.861193728314632
26.8667605830191
26.868761849494668
26.871985878654197
26.886004500313
26.9054708327141
26.9059327282734
26.906733431816317
26.908255648224603
26.909881697175123
26.91403297348575
26.91636743348764
26.92493135810683
26.940246492019146
26.94225128596082
26.958458153643253
26.962441006957377
26.96349884726317
26.972461723523185
26.975793549868214
27.00848098599995
27.017716233737296
27.017947967752875
27.019000199708117
27.02378663600873
27.03065827167512
27.039414754591323
27.05509317878045
27.06012525449916
27.072188394799525
27.073735859090377
27.082363240405464
27.08999571578561
27.093874300113924
27.096972090022707
27.11813855530109
27.128445818141675
27.146712359936515
27.14673244031797
27.152322635424103
27.154031934792112
27.16869072995614
27.198144361077667
27.20553611295348
27.211679894626176
27.213230446197805
27.219011180701177
27.222030667553973
27.22840461276248
27.239878784955625
27.24057149159221
27.24438637881604
27.24570257396686
27.25517702793857
27.268251662364392
27.280009662050613
27.295604427348373
27.2985938720396
27.30344959382624
27.32199653303682
27.332540299795355
27.361352207263565
27.36776018446006
27.37628313135259
27.38565575983308
27.38774484090488
27.393446589245823
27.402756808604323
27.40851176067615
27.421001812255
27.44235691881905
27.442749078151824
27.443328277090263
27.452257018012133
27.45962737569484
27.51246858186608
27.51495608001963
27.51680782535772
27.518603511688376
27.53323428378236
27.553654543993705
27.55411739335504
27.55667555080722
27.565137396918484
27.566634062193124
27.57426251263818
27.58410011038416
27.595820067402823
27.59924349991253
27.59950501573593
27.60914462931225
27.627078170920317
27.631991593462327
27.672479056191204
27.67820147200708
27.681269146344203
27.713555970828143
27.732078309628573
27.740009084178773
27.74253815910057
27.75300330968965
27.762002719534
27.779577050348035
27.7827388314278
27.798513633552275
27.806659233164098
27.81550260634695
27.821200046958005
27.82512177638609
27.837638914081943
27.84067676259624
27.843123662888544
27.85663558691468
27.860009940953976
27.86323769357574
27.880726849596336
27.88877649247166
27.90183973869437
27.901971035126262
27.904626369169414
27.915403777453815
27.92743382889407
27.92906065152072
27.95432901713772
27.96234012788828
27.96460644982269
27.98666961602581
27.998149316613365
27.999164189782423
28.00339268681403
28.006202417960747
28.0150103591898
28.029991510909177
28.032778544167662
28.041730230148183
28.05750322081822
28.060707035450054
28.095512411051537
28.124263002625373
28.12604180725749
28.133405808609727
28.133786676387416
28.13724493810058
28.138703794532923
28.149057634325928
28.151764283507717
28.15611423752392
28.161800463685136
28.177092280000103
28.180092196465523
28.194534550199293
28.194653190695508
28.194907437768567
28.19737052955172
28.200468303177807
28.22935251163461
28.236236135835615
28.24014920359668
28.250741125292
28.25670425292909
28.25910002250434
28.26949181978873
28.28785501593033
28.29449724086291
28.298454436135017
28.325902456647423
28.33684740894858
28.33827875897421
28.342690862912963
28.348238943330266
28.352043418526467
28.361883052679257
28.371856639154164
28.37652553525773
28.38369942515904
28.391716965545516
28.392120563130813
28.39294463671515
28.399772046687875
28.399852346490743
28.400944581202737
28.427872693199404
28.43589067014948
28.4397675573041
28.443769919769352
28.459380508253687
28.46600544807017
28.466059968889667
28.47364418491349
28.477930555278643
28.479208747976088
28.481007218753096
28.483221209014367
28.495770395351386
28.51272102702705
28.52796280991322
28.531181252908315
28.543974679479614
28.56188591654544
28.57864596383116
28.5806924590807
28.58072392236164
28.583340186150693
28.584563960000423
28.633048466965107
28.64394564828418
28.64486522684999
28.651471114102804
28.65626092875943
28.66033763504648
28.66508856327472
28.66993925620913
28.69534537930209
28.69797587119391
28.698326575942925
28.703481602002075
28.71880532328536
28.726548183184818
28.736961880967943
28.74957900448052
28.75197472595325
28.75985289802956
28.761611146685205
28.76635936673021
28.76925310088035
28.77414580138868
28.77461744817684
28.784592006394572
28.796271812581608
28.81810743413301
28.832605636216627
28.83400218978235
28.859922890212687
28.86541681736765
28.87473793881936
28.892264485924574
28.899088824927887
28.901180479380105
28.910970975883966
28.914272623918485
28.919170091841963
28.927231809538224
28.93421486775686
28.944356438977977
28.945067869860168
28.95136222774316
28.95513187638016
28.95694615481085
28.957814237953468
28.960571249626923
28.963953824655277
28.968310478447773
28.97651413578902
28.982135482995226
28.987565067884525
28.98917552954813
29.00728658906845
29.01729669854916
29.020144582765425
29.0241727125213
29.033398635116285
29.04095459324176
29.04553646469292
29.04661627663448
29.050821528983043
29.052629196736945
29.05599984484948
29.068625112908336
29.080227525230203
29.11433231879194
29.119181021801737
29.12903895406313
29.146041129266138
29.146111076779214
29.169742921783516
29.17208879732577
29.172405963292835
29.175327495168705
29.177952179205207
29.191682533654507
29.195912464852537
29.19763352450463
29.20458172984761
29.205015410113376
29.206922038473262
29.209071571315924
29.22898708750293
29.24766608564906
29.26467351986148
29.2824667028517
29.30871124087917
29.31039012136707
29.312188107723514
29.320803383265737
29.34023694955561
29.354737294445616
29.363912891054824
29.38131835722012
29.390817717049742
29.417382729870795
29.44606392482905
29.45623917366988
29.45772492848779
29.463761862908957
29.47173475249072
29.48187169979946
29.525719559895617
29.529001844156213
29.540618719300586
29.54751947015624
29.5591348015403
29.564065781027196
29.564409215525536
29.57022162944702
29.57541025793995
29.57944517574392
29.59891522667612
29.60982808655724
29.610669156605724
29.614070801998576
29.615404320651862
29.61732802823861
29.618378360382103
29.618639154480583
29.620836117410114
29.622119391729196
29.62550698044328
29.64027199573485
29.66750757185857
29.66921265657852
29.67466452862166
29.676942328809936
29.69277638902345
29.69958033164991
29.703517930278306
29.707505847967465
29.71032072499192
29.718802662604123
29.738825614820385
29.75237262700032
29.77048860504933
29.774124577850348
29.777288344130767
29.78439711820344
29.784502645239744
29.79614445339352
29.813522103232984
29.81568963025456
29.81979590855853
29.82073358067431
29.82678851172236
29.851948868154214
29.868738998853317
29.87351889473596
29.874288781108586
29.88301411162114
29.88728024002992
29.92192257445849
29.934365822330737
29.943211443255056
29.94912784213244
29.96510053555073
29.96830156148778
29.968617484794752
29.978702331721447
29.97996598336817
29.99492905819812
29.997859652841264

==================================================

=== soil_type ===
Data type: int64
Total unique values: 3

1
2
3

==================================================

=== sunlight_exposure ===
Data type: float64
Total unique values: 2200

5.000710080682302
5.000725850236799
5.002760418077519
5.018772898195607
5.020614937208482
5.025547869988459
5.029698818479235
5.033483697603383
5.033648254900967
5.034601212324363
5.037598914860304
5.038039970731716
5.0406616673263125
5.042195988491201
5.045936530403499
5.046102745823626
5.046765418593381
5.047153245226385
5.051497384979205
5.054747724762896
5.063887239785832
5.064500727080514
5.06580304569626
5.0714170037735
5.072280482284679
5.078649659286884
5.080092933657373
5.0805159091736085
5.081437222586004
5.0865336027157
5.094887532590085
5.097418919103131
5.099860624713038
5.100458492857327
5.1028052778845225
5.103020707188653
5.104412430937042
5.104906777333026
5.105040889933038
5.106841959686991
5.116130450561281
5.118375024424661
5.121638277919372
5.122433172035966
5.127257454972142
5.130420458515761
5.132527921778863
5.13312265498206
5.134806685277974
5.142872354139186
5.151235616995752
5.152436642254749
5.154807859453156
5.156131899329995
5.159691775102584
5.161529270817132
5.1626474783856535
5.163131303483213
5.163682757185528
5.166187890567446
5.168262963127516
5.170492337908399
5.174529735836245
5.17609379355275
5.178290862765839
5.179628807913219
5.187140972272441
5.188812393683553
5.195165947753184
5.198721371433642
5.198944351061827
5.200766039757856
5.203966330062462
5.206002585320413
5.207475486756047
5.207686992138332
5.212174170651337
5.212209318188972
5.213924341872948
5.2166001960276125
5.219498400600568
5.22703179719752
5.2273008772391805
5.229433445769335
5.230110114746603
5.230294451819854
5.2380290717357765
5.24069234004205
5.245321767685116
5.250812780274657
5.252002524747828
5.253313913059135
5.256058673700498
5.25695217713196
5.257881240712631
5.263525883776876
5.2637964663816765
5.264431242061461
5.265638783236493
5.267650819517367
5.279736296523776
5.280586264089705
5.285055627683736
5.297057520782795
5.303627120250579
5.3058959378719965
5.305920704380046
5.306418161939492
5.311372444842171
5.31334104987321
5.316290311731468
5.318890246281764
5.319241146575369
5.321100794191025
5.322739366425422
5.325111925681399
5.329953219128357
5.3371336555318605
5.341972385235391
5.343629340775273
5.354143026222712
5.354606925462043
5.356433858095645
5.35860840343292
5.358735290398668
5.36518580284117
5.365232708100329
5.374747741644067
5.3769081564223535
5.377435729155208
5.378872392919558
5.381503852817495
5.381545148145534
5.384690510961596
5.396148610190196
5.40072177442714
5.4039778673392345
5.409148034004714
5.413115962476269
5.415000927988154
5.421545702504631
5.421761267587175
5.424222642810601
5.42506449360833
5.428770197081969
5.42947414856075
5.430485821136482
5.4308831263030815
5.438513947236451
5.440460682571888
5.444153275031569
5.449703854999377
5.450609756798874
5.453685934157896
5.45517488697134
5.456600314634341
5.457210684558276
5.4670364657330985
5.472438994375602
5.473169555710194
5.4761975243938
5.481214317637382
5.486677104030552
5.489952429084051
5.494881706440911
5.511941232022479
5.513668358304629
5.519090137193511
5.523702989529167
5.528111671444128
5.530338685780148
5.531733445891389
5.532054683888051
5.535032968970341
5.547351615501868
5.552101442312158
5.55416258140868
5.55954068390443
5.561572493298895
5.569152367667043
5.56924058366493
5.5748843117412274
5.576141179640385
5.577480723941079
5.58106823009286
5.58174605264778
5.582737093186684
5.583184597681395
5.585151224634395
5.585591473874215
5.590402251665099
5.592013854303504
5.596198992370247
5.596897115103051
5.597789328109737
5.59983721105651
5.599985356972839
5.60519369766758
5.606756913903757
5.609673138826256
5.614893516890749
5.617939168016613
5.6186189868997465
5.619849328226572
5.62112730643268
5.621583404334913
5.626831309488358
5.626856966411912
5.629478435234409
5.632876165931489
5.635475174501436
5.6354975044578
5.640233975690396
5.643907629623579
5.645978957694785
5.653256833364102
5.654151819909976
5.655148991198279
5.668087676421662
5.669890526083501
5.673489469340444
5.675524728754592
5.678524831557894
5.682681685666704
5.686624894851892
5.690374644978047
5.693955811265353
5.694865036669737
5.69655648384773
5.6967943680021165
5.701971325520555
5.704090026213438
5.709020799271084
5.712298604428518
5.733073394910208
5.736067602335522
5.7372457146868925
5.739923237503676
5.749932659220722
5.754287955222303
5.772596623130273
5.773551576938972
5.7746495699956455
5.787683954209762
5.788779725272575
5.790408853180449
5.806257740065444
5.807752675700151
5.811108729394996
5.814658409334124
5.814740524688752
5.815439838678499
5.817462300480618
5.8303837928129045
5.832292298220323
5.832731402971343
5.833881648624252
5.837217962483831
5.837542488732717
5.839071196449529
5.853525152135354
5.854913008923347
5.857405506695924
5.86017438648281
5.860185696224211
5.864720192248127
5.875797263042631
5.892382831145507
5.89279330798145
5.899465873826669
5.904797107223221
5.930180890564917
5.9338743984225255
5.934902047903253
5.939698785620681
5.945760731909819
5.94943080378396
5.949850465387486
5.95191968486971
5.958550887107908
5.960007143100009
5.962473079366161
5.968727018086067
5.975012823243761
5.993289027099072
5.995550680786487
5.995560155416908
5.997592758159894
6.0010352531995945
6.009661553881768
6.026434694085877
6.0274706818872446
6.030596401140092
6.036377526282939
6.041058440305131
6.042544369567898
6.051017292204926
6.05546406838709
6.055778348566757
6.061166628155409
6.061224857756229
6.062233006437458
6.063556432511746
6.067945755608558
6.069536072630834
6.070558371589788
6.0764845949667485
6.077312315215153
6.085519692208339
6.085685308283894
6.08755579213822
6.088326787733639
6.090710998443355
6.101170766980701
6.112574760750782
6.115956850773732
6.1295810327624825
6.1332952013513085
6.134352317376838
6.137018525462221
6.142220009582688
6.143599104231096
6.155411350559199
6.158158582843827
6.163348097011641
6.164542047138376
6.171385077639604
6.174129143559844
6.183840318458334
6.184451405558974
6.185410746960464
6.193539461714605
6.194122276807066
6.202810781836392
6.2076552045069615
6.211927667006483
6.212717363147618
6.214647539275902
6.22900597212474
6.231957785769042
6.23364843631577
6.240834048179343
6.241785974632963
6.245597846771007
6.256440245190361
6.259547853655869
6.259675705099257
6.261862244192833
6.264368752680308
6.272751682423989
6.27764189651712
6.279108826428956
6.279204436884408
6.284040826899938
6.288513600129082
6.292275716190937
6.304728401782241
6.307752498523949
6.308866921643073
6.30997468245723
6.310621094426313
6.314859914012473
6.316263759235625
6.319216226751879
6.322785560610438
6.3233267358718965
6.323453695039426
6.323744634948048
6.32506460728552
6.329312056580471
6.331846341198947
6.33286251838077
6.335672726847935
6.339511862572754
6.341198491117228
6.341708908050131
6.344720978162365
6.3497644443697165
6.3518987252534975
6.356475642247812
6.358876678063082
6.358961617572832
6.374898764779577
6.377857918574554
6.378760462518726
6.3803952441017
6.391909834526754
6.405853888337862
6.406945447321342
6.407590703985772
6.413153902771772
6.416110806846817
6.416953204079634
6.42389127289027
6.425579999300101
6.428406067678784
6.429873161269791
6.43288482293385
6.433505948475184
6.435084233850315
6.443115865208169
6.444050705537716
6.447218546966658
6.44745130183923
6.448743837863282
6.449944713407401
6.450266954796312
6.450882076451939
6.462053281841766
6.462734607821044
6.468970771820089
6.474150788233125
6.476821898514528
6.4850700400982495
6.485153277466552
6.485303235512436
6.486787135067582
6.487111245714061
6.49299939240038
6.495707284772177
6.500656669541299
6.502625260398327
6.503033105305132
6.507387069401224
6.508541298638852
6.511672498757356
6.512361567994478
6.522948074585463
6.524711838644853
6.525308812483548
6.526118384957407
6.528084248073613
6.531625356232604
6.533611710247795
6.536459743956851
6.53822273874278
6.548405730132392
6.55384272637031
6.5574348766597605
6.557478499022682
6.561525148614008
6.564028474815308
6.565148259904972
6.5681385624156485
6.568366898894003
6.570016163496534
6.579925721150853
6.58572281301667
6.591885012250675
6.5941879720830725
6.598225468953286
6.598409695714603
6.60503715579402
6.605099881988845
6.610441686188105
6.611569616474132
6.613956303206415
6.620135706584731
6.6216509286468215
6.628777207590542
6.644275926980583
6.647306472633382
6.658189512274884
6.662520579307481
6.665055808453818
6.666063585709995
6.669653225795148
6.671864132446136
6.6737503932801445
6.675978604610906
6.680321177299812
6.683881117699223
6.684201672713111
6.685100446153818
6.690508617925482
6.691179995148137
6.692229384622463
6.69379390586635
6.698883076662428
6.699745250130075
6.7016076185346805
6.704144652357225
6.705466281529003
6.708153128475681
6.709050051320754
6.710552695898029
6.710702041729311
6.712088787345264
6.712534135317046
6.712965179303653
6.714192007809455
6.714515918607777
6.714562149101411
6.716068709719799
6.717720909784783
6.719868002891305
6.7232256902208425
6.725833302874016
6.732131540042072
6.732214959570486
6.733361719861563
6.7380793492675375
6.738603884521762
6.741904344963057
6.742360603458354
6.743617593126242
6.745046811389404
6.74855112668991
6.755166592863305
6.7599504219788695
6.762180113710674
6.768425907113386
6.76856305182862
6.769630559847569
6.773495330284018
6.777285228228739
6.781280908845157
6.784577985131199
6.787804831538917
6.789587059964622
6.797145617548467
6.803161315606813
6.803256378557872
6.806429734997205
6.809877242010023
6.816272993056142
6.819156019852653
6.833847467393654
6.840531290274212
6.848778050243904
6.854594622738157
6.854979293600513
6.860736818152619
6.861763476260014
6.863102874634539
6.865101788809612
6.87062451863867
6.871373522409962
6.874258310635085
6.876731762122566
6.881596136998308
6.882398075708998
6.883082739087616
6.883608512588595
6.884132627238562
6.888997965955616
6.889631896279932
6.891373786623266
6.892845591645347
6.901399450119246
6.905693774451232
6.911885653476768
6.91387497730444
6.918300610057977
6.923475312199255
6.923654041807552
6.926161579754062
6.926496409845076
6.936039666888001
6.937846510971145
6.942108449147423
6.942578069837338
6.945164306014915
6.946458734128365
6.946792724968129
6.950997185612286
6.952318185060211
6.961355247745702
6.965756858001104
6.967093237374402
6.9699264699318935
6.971033442504762
6.9757150372072125
6.982162159023001
6.984510379676158
6.985668316688893
6.986280007841963
6.989636769606996
6.990586093261763
6.992055418883276
6.99683917257488
6.999671299674223
7.00398495931532
7.005498522421753
7.008055952107394
7.008864400801875
7.011213930015463
7.011374838983805
7.0116316854513805
7.012549120672988
7.019064616380854
7.020558825761817
7.0227758283696
7.02492089451006
7.025473918542891
7.029931524736568
7.0327914305877
7.037216999939602
7.04475007710191
7.048998021004702
7.049113752307047
7.051620689415581
7.054745566339386
7.059986014422503
7.069340577545434
7.070355788341972
7.070961032190277
7.07358176142308
7.077418010925226
7.084233589184421
7.091492010589074
7.097979566016889
7.100583657424489
7.102052572222014
7.11329500181969
7.115118395999351
7.118495163740955
7.121041597292145
7.124887638232765
7.125434251653664
7.12754520742984
7.130601915609544
7.1343653346836655
7.139734066592972
7.14360928854546
7.146288319698157
7.148028603347068
7.151245689840065
7.156592165400795
7.156714110942934
7.158422122566827
7.160445134450459
7.165073062005311
7.166337739065072
7.1699310899608175
7.174165988779304
7.181924260227771
7.187574479802873
7.188123807435622
7.191549350538006
7.193711117792186
7.194031324863888
7.196692431707119
7.199617397932129
7.202522250308457
7.202590149079941
7.203048917853369
7.210015507968928
7.225482495858943
7.22876068290824
7.228892156071948
7.231303593125018
7.231309663750425
7.231411225977618
7.237639560452281
7.240012660812663
7.240389374499693
7.2423125107732
7.243667984919472
7.245895374782523
7.246797566094891
7.2470653756572
7.247727998529076
7.252080915746541
7.258072697703888
7.2582638801874495
7.25953424692906
7.264297393191812
7.266250392248363
7.270578820475427
7.273847794633417
7.274274653398306
7.276931187299709
7.278447655319965
7.280528551190927
7.29836308144607
7.311129495677685
7.312838473724796
7.3166649415101475
7.317082090491175
7.319758147818643
7.323366715199722
7.324768177641001
7.325446429469261
7.3296592598999855
7.334661089219814
7.344281639266306
7.348115112245079
7.350324999196648
7.351589844112478
7.352670480122367
7.355747703474254
7.356054698209346
7.3562304741102436
7.357999257745636
7.360179707114042
7.377153245928853
7.378597506846579
7.381552115301711
7.385095763010439
7.386374826438994
7.395417364492115
7.399729392584067
7.4082874944495325
7.408692340048937
7.411662488078816
7.415010139677875
7.415097265202078
7.415531516033113
7.41990657347036
7.42341351260527
7.423576255500406
7.423851103442288
7.429194036074655
7.429618504094105
7.430437093872976
7.431161152925293
7.431273146946202
7.437795594195423
7.442243451515088
7.443793519035861
7.449663623939765
7.451686902975808
7.453287233131013
7.455691856518834
7.458857033604382
7.46173487080748
7.478626433876013
7.4821032292117025
7.48385675944597
7.485103077973636
7.487120703864998
7.49781843907736
7.498385966808504
7.50171975498957
7.502184619010908
7.511500458718205
7.511533173691788
7.511546293823313
7.521657810214986
7.52662385848792
7.528402266140802
7.529945537998149
7.532076310431481
7.53242229993586
7.537815906152752
7.540677613010809
7.542125427616829
7.543042980960142
7.551936808345527
7.555508947956852
7.565290591076894
7.565801683677528
7.570002919107106
7.572945985229856
7.578688814992074
7.579268771166818
7.582908792029447
7.583181167762778
7.590671245732807
7.591362959540126
7.594171588144832
7.597466618249813
7.599815801414351
7.607656468366766
7.609507154217084
7.613462956316367
7.616996239200082
7.6195920897077
7.621747158783365
7.622637870245186
7.622832633130679
7.62611267881841
7.62774362566026
7.633594637451805
7.635273212664643
7.635890092464875
7.638445276990009
7.639288518986463
7.640145692674437
7.649346895739051
7.65146830848793
7.659623155515862
7.663928217899676
7.664980302032863
7.665334151977271
7.672901302405044
7.677021777254691
7.6771030033571055
7.679533826019791
7.681525712895155
7.687168112600203
7.689288279713577
7.690638875975539
7.693171089062004
7.694074293233861
7.699290418161665
7.702836020860988
7.703079497809844
7.706410327644193
7.707057416892088
7.713445487347235
7.719460462143672
7.721136906644496
7.72310561741066
7.724918699066491
7.729509764612611
7.730261399553752
7.732339428681231
7.7345059863568
7.734796919962665
7.738664534793937
7.744262254749348
7.747470079091838
7.748139292188885
7.748566972417489
7.749101906311659
7.754896103396362
7.756742701577019
7.761420487723624
7.761819565680114
7.761889469687644
7.763281390362714
7.766460938619801
7.766478696570674
7.7683814421636175
7.770554294053623
7.77694540534142
7.780727629804778
7.789179650193862
7.790229825246227
7.795197220412568
7.796798422648668
7.799059646503258
7.810870397388827
7.820464503866872
7.823688077135046
7.824448877768872
7.824450744898426
7.827264304211853
7.827432567657639
7.827531975185479
7.827600064598506
7.830123596933335
7.838039082366695
7.841199551983227
7.84347332562691
7.844285145399443
7.844482610827926
7.845182417496389
7.848375167905652
7.849243177135962
7.850181282368382
7.8509425494344125
7.852294674719821
7.858049598547611
7.862714597591053
7.863965833011269
7.869854686964746
7.873224439403135
7.873385160358042
7.886227116144518
7.888856825737378
7.892048333285752
7.897613057558718
7.902764878274361
7.907547340160317
7.911919253711135
7.912803561907983
7.914023130622338
7.916642599503468
7.921977942093024
7.926870967930492
7.928251969651355
7.928709300776811
7.929225231230511
7.931491404456913
7.931817148431566
7.933340132247877
7.935584277796011
7.941116070376768
7.949219313735513
7.949673367535174
7.949974595168191
7.951066458267496
7.9533027633440465
7.953328621750047
7.955322528467683
7.958415540105081
7.963601147559772
7.963666543720995
7.968238869826388
7.971147115660766
7.974367761373823
7.976017540364233
7.980615549339858
7.98570892490657
7.985858574754115
7.987059038012418
7.987065028235585
7.9911382124626655
7.996035175997341
7.996244143718383
8.00074455750525
8.001007690797934
8.018334118522745
8.022550311769695
8.023684684293785
8.026831395105756
8.027283110067453
8.032324723844882
8.033255774009048
8.03649054811858
8.038033585965547
8.041045784160316
8.044799744625099
8.045813170613412
8.048709457538177
8.051484276634657
8.055430218961114
8.064456103666004
8.064716971424067
8.068528842901864
8.069194135841734
8.072236813128825
8.081127863370025
8.081814024118177
8.091486437429555
8.093444382471684
8.094210582447051
8.094505143791043
8.094934602230964
8.095487396564256
8.097337065880122
8.101776362903312
8.10181375136421
8.102046048722038
8.10385608287084
8.108059038188838
8.109775352355642
8.115663155614389
8.116303555856828
8.12051188272924
8.122379230430038
8.123899715709292
8.125371069066718
8.128524498155933
8.128670502444741
8.12970400936235
8.131240889369506
8.139861891424822
8.142420579924092
8.145861163325478
8.149083032265233
8.151742374359522
8.157212304809194
8.159323380818503
8.160651296465543
8.163641409624773
8.165665517651437
8.167869320141943
8.168906404433727
8.169594935563422
8.17095365937584
8.179810521372492
8.181205351753285
8.188188959517042
8.191548540718255
8.194500831556658
8.19651499448606
8.200849142363136
8.20556958897901
8.208097998451727
8.211086305922594
8.212500387824258
8.214284695587256
8.220099559076845
8.226536460412332
8.229272115930936
8.232858165322387
8.233225800182886
8.233334952892696
8.233735730247563
8.234082262241294
8.236420020585403
8.236676203856277
8.239420615667893
8.254107466109113
8.258927778693504
8.263482514111107
8.2678961751759
8.270083920039438
8.27430762483107
8.27509103137341
8.282612709579704
8.285456976683873
8.28679838193019
8.290499811772033
8.290872703009377
8.294363761536525
8.29443769788704
8.30278609110212
8.317899432902026
8.319959880895988
8.321081846213994
8.322250326195732
8.322449518587476
8.323090798171133
8.323945459513116
8.326114116889578
8.326355753647563
8.331382035209916
8.334571782263083
8.338879033346226
8.345169287671482
8.34975507621451
8.3511594270818
8.353557032325424
8.353858331438325
8.359809256671983
8.359980431894265
8.360162510605644
8.362777405376711
8.363752566912844
8.364997214765754
8.370201790706803
8.371245021323062
8.371574695234713
8.372122167960576
8.374898673496014
8.375584900252374
8.378705176732355
8.387144258994542
8.389691867117223
8.39253098365192
8.392958698758978
8.395177722367302
8.396095163056769
8.39664937244213
8.401741241240257
8.402865778594041
8.403345806940486
8.403351292704773
8.40502494360062
8.41422431039912
8.416456178994569
8.430523937575625
8.434107945156772
8.436000761536494
8.44226665788819
8.443883260881767
8.449936908327008
8.454868693367024
8.456038632738139
8.46397942792327
8.46482226627843
8.4689973210167
8.474102929447048
8.480217336443202
8.482151947927859
8.48963089262138
8.493220515439155
8.493290316580499
8.497703567129708
8.499269232356653
8.500433767004509
8.508133170032366
8.513747305566397
8.515349483132098
8.521516084785803
8.523533077749091
8.52445084631722
8.538126184601378
8.541762329278692
8.547045891536722
8.554866438403772
8.555142534523862
8.560609316815263
8.56087782448124
8.562131836120892
8.572153555461853
8.574941324379031
8.57706875090549
8.578819745337046
8.579862214019014
8.582610836664788
8.584143607039973
8.587313261994838
8.588136130677029
8.590445796367279
8.591762668504018
8.592736669086673
8.594881333466711
8.596122918340084
8.598033003701104
8.603667156833987
8.60428261016723
8.604601630588135
8.609614686742923
8.609898406463024
8.610037248469956
8.61189739966737
8.613266387278342
8.61680805634689
8.617777166746158
8.617874563563923
8.620858210010176
8.62107815709467
8.630778875689666
8.639741540157758
8.642128093237076
8.646476508198953
8.64698442766475
8.647468397564543
8.648098801104226
8.648658942336464
8.648771053138201
8.656703397912683
8.659614756162684
8.662425238583827
8.666381051328106
8.669736494107692
8.671086425745088
8.671470953871694
8.67149886720926
8.672953659538402
8.673997495443304
8.677039258369108
8.67735526697563
8.677477727721634
8.678865601523844
8.685607542022456
8.68766313523803
8.691696276342428
8.692602329140563
8.694694923671923
8.69791843703997
8.699757899631175
8.700239373898267
8.700724638793965
8.706022169270602
8.706770211778142
8.707117330592318
8.708023125843345
8.708390763414553
8.708804364311758
8.711074061499891
8.713087617708426
8.714014557173432
8.716148169141324
8.719907736566812
8.726609010417487
8.726839860577611
8.72817466692484
8.733748359262439
8.735461617204365
8.73626150546118
8.73759285456476
8.744513600914036
8.745028257890997
8.748483826688483
8.749067327161278
8.759641046749937
8.759670980455972
8.759752820381056
8.765863699907554
8.76691037407468
8.783325774824105
8.784610860931343
8.786358178221835
8.790221039706333
8.791710334527412
8.79932911515087
8.801889520430612
8.809491754778822
8.816027960722252
8.816594487390685
8.819669834648794
8.822029979770353
8.822223113474395
8.837008119081315
8.837854311390593
8.838726255734736
8.841332956391252
8.842752481861451
8.842771318745514
8.843296433572885
8.847541762684756
8.85214723602008
8.858378115096784
8.859667956493599
8.863933726865742
8.870745425614995
8.870927057371205
8.871298508138285
8.87551048853432
8.876881648355596
8.888531866010904
8.890457606870449
8.89286478561668
8.906908007224743
8.914357978526676
8.918789970563157
8.919073520175008
8.920955547529887
8.921316309333184
8.921713861193423
8.922137133747439
8.922195595344332
8.928022244467222
8.928584142699053
8.928754651783434
8.931478823284344
8.932815593544875
8.945755218612078
8.947332632249584
8.9506654612049
8.951445002897177
8.95437910855697
8.954606384703032
8.95465588980817
8.956100256436343
8.956207885682948
8.95693572801621
8.960905953506693
8.96264038095052
8.962662837776401
8.963345323362665
8.96623863596472
8.966390791268909
8.966821066317959
8.968669023837858
8.972845595590751
8.983284085491416
8.98387529345675
8.984180250929612
8.993371822317629
9.00089293536961
9.00643611748248
9.012164867989878
9.024384973721482
9.024742549931304
9.02671098190191
9.028249261393054
9.033133507510382
9.037526174777032
9.041096449529492
9.042823844892308
9.046328778507364
9.048272961709976
9.056126892858863
9.062038550207928
9.062056008036237
9.065676466358717
9.075074750605662
9.077472656154496
9.08177787769231
9.08596974341158
9.09063160623016
9.097579365623632
9.098483094141416
9.107896447562602
9.10811222510089
9.11360221362467
9.11380447290488
9.114565337533463
9.114820452651497
9.115713463016297
9.119783473363457
9.123124856143942
9.12947889086137
9.134143278405844
9.137806338165984
9.138024139989016
9.139950658853223
9.142173471891418
9.142501828732785
9.143337537960416
9.143613979505744
9.144012168297472
9.14462692927476
9.148677995984755
9.151017234400271
9.153951848687026
9.155012521456666
9.157163231052252
9.161602080461757
9.163123097571123
9.16521886885483
9.168872999954155
9.17961839567448
9.181847866561109
9.18836543832641
9.191656129359494
9.192250122893032
9.194175525919777
9.19425107938234
9.20013880802732
9.20042010966154
9.201795373500994
9.201812197219205
9.208614193036311
9.210787081190144
9.222825937177042
9.227475552676326
9.23367905065711
9.236200125773456
9.2377316989105
9.24173875175236
9.245744833616143
9.24746776742683
9.247626207408471
9.250816834225386
9.25351685429045
9.253882618460915
9.267047843993495
9.269441149821509
9.270579755233388
9.27555930354837
9.2803712536085
9.282074793155324
9.28376084257263
9.285023044041834
9.291660158272716
9.293249155490695
9.293838829229468
9.298277618138188
9.300566906802162
9.303116707579065
9.304473950112495
9.31215859929856
9.313099372779435
9.313509896804556
9.318153222448208
9.322978023907536
9.328639984893313
9.333151503509018
9.338218913966742
9.33971844064042
9.340071976673787
9.340298445388672
9.344367129292078
9.34925222271637
9.352468944495424
9.354336506825092
9.35492288249931
9.356738405047029
9.35757378942182
9.361535531115964
9.361882068000092
9.36311331410015
9.36382328513665
9.364610876016208
9.366870371875624
9.371350580902709
9.373111386124847
9.374930674358437
9.375478185503688
9.375731170843435
9.375924752895653
9.379188921868618
9.381572324379013
9.381699483527832
9.396610679011395
9.396827899714566
9.400339333220805
9.417667784971666
9.419083757405009
9.42837343370543
9.42978416041818
9.430529081424169
9.434376180303488
9.436186763520624
9.441318144058988
9.445503943479054
9.448349325321049
9.448771812000276
9.452678285421902
9.452703344933475
9.457576993628766
9.463407442063788
9.46828544850203
9.47085517222036
9.47102263300408
9.471675369785345
9.472242736053078
9.48364054176714
9.483979908430223
9.489963537005456
9.496189645224485
9.49797946975448
9.498764379065737
9.500470579224508
9.505243056648847
9.505779897911111
9.506083980727048
9.509737446104545
9.510164739539354
9.513756849931628
9.515198722166836
9.51763865893584
9.518815468591033
9.519423243741883
9.52112513153054
9.527135134219913
9.527850976326082
9.530569812064543
9.53382864057151
9.53448807748208
9.536327630198851
9.538533959149104
9.541492150387434
9.54255101337206
9.554330258679352
9.560845686007283
9.571397394060488
9.578071246714504
9.580872817965432
9.58564940116704
9.586080669881008
9.591871830187705
9.596316490921488
9.5993931578653
9.601293077974397
9.602328608798254
9.604758001573376
9.612596751880464
9.61421688801782
9.615613982055766
9.617037122852144
9.61970248848016
9.619756849717362
9.620154653125123
9.625613039190146
9.626370641021136
9.627592649295243
9.633042533123344
9.636014556966886
9.637369140486763
9.640734746097454
9.640746221825342
9.65186092426331
9.65907455744158
9.659394559081736
9.659630983448285
9.660157539001244
9.674221139746836
9.679904877439435
9.682660248294887
9.683031892389703
9.684546547948212
9.685712911894925
9.68956205082103
9.69337756637413
9.694557135285129
9.69490834725315
9.695310869541387
9.696834018376462
9.700013822286143
9.710584101582256
9.71381894340086
9.717147211681972
9.719712245085152
9.720050882247104
9.720801085793632
9.72952489364852
9.734811612028617
9.735432027750162
9.735640518588152
9.737051827834474
9.73780575553948
9.738087070163392
9.738809435603242
9.742414481339951
9.744000018907236
9.748895290710369
9.752134275893944
9.75783462713622
9.760573082298034
9.764585715432307
9.767113769969187
9.769855539005494
9.771058773683473
9.774312500937183
9.77899953280404
9.78106760211675
9.79578208333223
9.798498651724604
9.799509196981468
9.801117924182222
9.812013773967552
9.81295467959671
9.8176727910344
9.820474927772086
9.824138501120643
9.827287079356791
9.83705306002928
9.838624617032435
9.84026577450224
9.846418472622364
9.846962210939342
9.852503337545429
9.862899428897524
9.864223862655276
9.866232992109666
9.87012106919969
9.8740792915098
9.875230096038331
9.875342098314055
9.880709175279916
9.880710218674665
9.88171110867916
9.884225554204342
9.884864880985257
9.888220059166663
9.89029672035699
9.891744119864368
9.894367062593885
9.895989418026428
9.900521595873464
9.905853590291304
9.908640214566317
9.9096545383974
9.915135131088793
9.916116978825904
9.928580901950046
9.931031915769513
9.932451794794478
9.932868173350284
9.932916505559009
9.933301211672209
9.933686503383129
9.937594279335745
9.938918604408634
9.939970884906234
9.9410212288764
9.944284454255342
9.945290075837775
9.954512637879551
9.95690591265646
9.958328659406366
9.964893812816792
9.96686366052047
9.9711388186511
9.974753841432836
9.974807388350705
9.975782300155924
9.977978519061551
9.97886116575005
9.982401859212954
9.983741398127764
9.988099591802976
9.991371069784996
9.992272922742142
9.99751534602387
10.00045667767194
10.00073013800571
10.001646028101856
10.00278861587699
10.004633732433332
10.010991701609614
10.01602388609432
10.017654314100827
10.018050387435224
10.018629748924496
10.019672661321096
10.021245422120971
10.022925324337129
10.02309930107644
10.023150441252197
10.026817744631089
10.02693325768997
10.027443505191568
10.027869635696282
10.030074710130776
10.03037958625439
10.030710261274812
10.032106494956846
10.033740227501823
10.035565017218836
10.036085975127882
10.040287015448866
10.04335523058245
10.044658469828777
10.047253504017728
10.063063870844449
10.06869948232751
10.075854149612365
10.079705165529358
10.08220063485057
10.08373113797298
10.08396838839369
10.0860109211849
10.086239746582743
10.08944135593795
10.090547545606888
10.093531912900424
10.098279992897664
10.098612476063089
10.099539527536088
10.101718272355503
10.103222279475569
10.105891297208965
10.106009914388904
10.10608178157582
10.106772690724112
10.107060232501809
10.107386654563172
10.11195673530127
10.114437607355836
10.121272660655007
10.123506146431708
10.129147866317142
10.13112763951517
10.138153276039969
10.138441159300394
10.141647777709782
10.142010747452062
10.14681184399114
10.147254544800164
10.147753883442158
10.151309655748838
10.15340488219801
10.155982672641445
10.162597273699843
10.166162207907812
10.16746638856756
10.167946684827523
10.168697865057386
10.17051940229179
10.171859964204776
10.173810986216726
10.175526795219522
10.17991533648586
10.183317757799433
10.183756187835456
10.185544937294978
10.18595844508863
10.186602971811064
10.19123093058968
10.19609968097122
10.196607975259784
10.197450527635374
10.20069756507834
10.20137176731399
10.204616717910426
10.212025418448317
10.213355052607668
10.214782987424837
10.219375584757374
10.223447364698938
10.225356610738617
10.226271704852971
10.232746252125846
10.236894497591765
10.25567147508117
10.255972786240116
10.262345909301697
10.262731519378825
10.263876923889867
10.26858505833592
10.274899268364786
10.277683329522995
10.28000278529727
10.281803884113703
10.28226541678447
10.289859638018283
10.291790920882905
10.293850266691656
10.29776739900633
10.301020177317902
10.305065825138264
10.30512371925064
10.309420771716686
10.319647646111868
10.33057406192339
10.330875167890731
10.335042866881452
10.339150689269
10.342484070593438
10.34634338527339
10.347051184277149
10.3484262869818
10.355202962513577
10.356894887745415
10.363996173786898
10.364054606247024
10.376097395224686
10.377411334696063
10.3789979060236
10.380958989041844
10.387338933188126
10.389157922342278
10.397123987862376
10.407197816131974
10.410089478318362
10.421650684226345
10.431872591375136
10.432567898016591
10.436229739205055
10.437493087241696
10.440015464412266
10.455379519800749
10.45746623924096
10.4576601616066
10.467041548754
10.473805003358208
10.481355952176196
10.482074099653111
10.4822757686118
10.483413883500084
10.484388433306886
10.4862989144302
10.509164776834664
10.509278509472324
10.511776176755053
10.516192328761576
10.516704489781905
10.51790295984596
10.51943841792308
10.537050799574882
10.538869813624853
10.543174492945898
10.543237515375498
10.550047413011114
10.550730709631337
10.551891892896808
10.554765223975345
10.555048085917589
10.559544927778472
10.562753713053196
10.56658423712734
10.568648970003215
10.568684008478677
10.569577736800545
10.572155435224596
10.576337451363688
10.586124760950325
10.588695965157465
10.599974027086876
10.600961754558448
10.60103736978654
10.608561658907384
10.614046595086132
10.616487657847614
10.617535843134
10.619209385938056
10.62770979144067
10.630830430978955
10.63767362609802
10.642414376528968
10.644924615799097
10.651890766766137
10.653238823796048
10.653899759801124
10.656090212883411
10.660257780277464
10.660509236615365
10.665139917708814
10.665537972205671
10.67045691408478
10.670729021099335
10.671771298160095
10.679585790922411
10.681520821111908
10.681930603549745
10.682835114312631
10.690606846019747
10.692051704546593
10.695138267239702
10.697693358897611
10.698454693740754
10.705365928232103
10.709548863952524
10.712694067392874
10.7171751189352
10.719887142177978
10.722260489285857
10.729333831577774
10.729707978944305
10.729712021368185
10.731730065116317
10.734956288926846
10.736385791433529
10.736894523574655
10.73964675235138
10.740460823444456
10.748001538790213
10.7480932106707
10.74922772371636
10.750109900367274
10.752462916382324
10.754512309632853
10.755912510707798
10.760095519982189
10.764748606168569
10.770374927879171
10.772228518270596
10.77387706506159
10.77974296358557
10.786094478493714
10.786744207932111
10.793036903829783
10.796293780301172
10.802391219180112
10.803973301795464
10.804023470209728
10.805946367333611
10.81159905558441
10.81188343557905
10.81370162055756
10.81564759099324
10.830059424442556
10.831767020718932
10.83192583282395
10.836791280365704
10.837918687585873
10.838772958420416
10.841926539136791
10.850690165679472
10.853306693383168
10.853760783085717
10.856886340709185
10.85840698912399
10.8598614900021
10.862606230986676
10.867076022950576
10.868039920191867
10.872042143082613
10.872232836095066
10.873767569219408
10.874354105994058
10.874366965850182
10.888459274360963
10.895625782799511
10.898630488599764
10.899322802178885
10.900613027177164
10.90337389622462
10.90657507425542
10.907205820924217
10.90993435886678
10.910253684547104
10.912255011011943
10.912798116359667
10.9134946919068
10.91420755325355
10.914421376849694
10.916537773149614
10.919327056095264
10.919997622339244
10.923211331694134
10.929224976254496
10.938622747814469
10.939865092557294
10.941249180418676
10.942878186363426
10.944399559588474
10.946292106549755
10.94813743848434
10.949254216586194
10.95310827300801
10.954285012613456
10.955960365197551
10.958720364359795
10.968102409782272
10.980043622142704
10.980414962783447
10.983093574913802
10.983112036109588
10.984976791896049
10.992233592727008
10.99382106534437
10.994239280777904
11.012704844717478
11.014997565466466
11.016505233110502
11.020217163366166
11.023257661847213
11.02561183816479
11.031240437529217
11.03529617894829
11.03634322695537
11.040453474568938
11.04213085356158
11.045736040525444
11.047891097451831
11.049779931289248
11.050800992437654
11.058301839545202
11.059069571589204
11.06332737021467
11.067205293135189
11.07108106947015
11.073789201023295
11.078800673122377
11.083892588240836
11.087007992721738
11.090525679529073
11.091368105418072
11.092604125141976
11.097182116394928
11.100008005571947
11.10019077910031
11.109384744664876
11.113951510497884
11.114211342146731
11.11529225937914
11.118319676588351
11.118981359251332
11.121880747799414
11.122159845105015
11.1260941635648
11.12948331431135
11.131652589519264
11.131772235434482
11.132326674919137
11.133205665256488
11.1356357584474
11.139780759827516
11.150097755717368
11.151482968541917
11.154081719571296
11.157198458354944
11.162966421969886
11.16425676002086
11.16461244479341
11.167383123987264
11.171347054570935
11.17526415070004
11.176903458383745
11.177068350624443
11.17854575729728
11.179797230921327
11.18279265524372
11.186505684314644
11.189501728091354
11.190040088456186
11.192985136397244
11.193790191540508
11.195810784011428
11.19892371271047
11.199261682818031
11.203647226623977
11.208778285904453
11.209331467418256
11.20974087892672
11.210130935672607
11.210980353267024
11.216177439580608
11.222086580953109
11.224160360025303
11.225156416831354
11.2261917322574
11.239182777496858
11.247289334267847
11.247329936870983
11.250418266666054
11.258799588250945
11.260861092009913
11.261724208850609
11.263396494389593
11.264828453137673
11.265646666045278
11.267318007921094
11.269242967838313
11.274838151798434
11.275314174361974
11.276675440303718
11.276729438981564
11.277909607976037
11.27873115329217
11.285436917010385
11.292019764770568
11.297603687864656
11.298400392382495
11.298922587832092
11.30220543702904
11.307580854722428
11.313343614017716
11.313738989522694
11.319390083366883
11.322839349737604
11.325878339399612
11.326764999357929
11.328454084375425
11.329621805341104
11.3301193793534
11.331680324553712
11.33885373357628
11.341732874161586
11.34175364351724
11.342605622109431
11.34773021909681
11.350258278013676
11.35176105881973
11.35276243849204
11.352790494571831
11.355889337197498
11.357735837490596
11.361445878468135
11.362163527960796
11.363374010473088
11.364753654106137
11.368463265035466
11.369397834282392
11.370115045005678
11.370563794545754
11.375126126669134
11.378909982042412
11.383576155488296
11.38975876585445
11.40035146640266
11.401596661617024
11.40265470663751
11.422137829218888
11.425776339303894
11.430076189429538
11.431351510873498
11.434095037989884
11.4356263702707
11.435795412825094
11.438588318263864
11.444717866598808
11.450264999979892
11.451315272126989
11.451804426249694
11.45198497060995
11.45499524273139
11.458037887774132
11.465042349200916
11.465098626995124
11.468567589740896
11.475216516480904
11.47686839125588
11.478897800573964
11.480067670234824
11.480737028284894
11.488074658344186
11.490051608423247
11.494125703307342
11.500941093358136
11.502263054774286
11.502773055482097
11.506963685652265
11.508539472849543
11.513024035041528
11.51368180516924
11.513797253414538
11.514039151714517
11.51857078403277
11.52034177751396
11.522603942528242
11.5249214718563
11.528118763165931
11.529502570846835
11.547187533828357
11.553600695920732
11.553719159703515
11.55443526159478
11.560346563847704
11.563319189513368
11.563781374089327
11.566289830371757
11.56761169012288
11.572200260236826
11.572300653496455
11.572935894240398
11.572974056296742
11.57518065998592
11.577044996407077
11.579201458855032
11.579607701972815
11.580893894371329
11.58593411209555
11.59108363300816
11.5911098887517
11.5931261600174
11.59360203614989
11.593728814565369
11.594514260569769
11.59541877685876
11.597738092839382
11.600185637716663
11.60368749941923
11.603880994249158
11.613911921738689
11.617691965140017
11.62431773711518
11.625648002961777
11.633806630421953
11.634115816262156
11.634342487107205
11.643485409402835
11.645756294396625
11.654855160601707
11.65546072136413
11.657186547471447
11.659486229061596
11.66215282517514
11.663386611961512
11.66973852884568
11.674130478799595
11.674255493857403
11.675816121834451
11.676280822703465
11.676934803634056
11.68043481447691
11.686471231031726
11.688404534076582
11.692619282397615
11.6946613214166
11.70067218917779
11.706888410405456
11.71661708047704
11.717986457524564
11.719101101147634
11.723327994690862
11.7251915784244
11.727966320700226
11.735085538919598
11.737134587248727
11.744196656530406
11.745399852463754
11.748985339044086
11.750802012423376
11.751601563416376
11.752059124277896
11.753818102239538
11.754195476803131
11.754585700765285
11.75673661873803
11.758310869332162
11.76314700212399
11.764151140927703
11.767631229377928
11.768008548015032
11.773380409258277
11.7745667441686
11.778235179133643
11.778976062056287
11.783512368771714
11.792706665748858
11.79303773006647
11.795494183700711
11.796320158543242
11.79632103946498
11.798227277721589
11.799487714054544
11.809362025557908
11.812086723102553
11.812742290914208
11.81328964976978
11.82199184635984
11.82325042889975
11.823272625945926
11.826794772073344
11.836348727367918
11.836996552694592
11.837722915945754
11.837854966891822
11.839940350240234
11.840331199765425
11.852868351514662
11.85680927654324
11.857353603072577
11.857356630025311
11.861477380099046
11.878308835344855
11.87892454932975
11.879486791349615
11.88527562971152
11.887092101877393
11.897958796269345
11.900976572377242
11.902642349589078
11.9112554720343
11.91334985819856
11.9152319816753
11.925229223232812
11.925440595643389
11.927801913708018
11.930850096151314
11.941165303381856
11.945840787338916
11.947405276289771
11.955776009621214
11.971045780920512
11.972127839672524
11.973004902774925
11.976878669190004
11.97776724743307
11.978029634264718
11.980394329176535
11.98271409808449
11.983307126403108
11.986368999772056
11.989832995090516
11.990356848583282
11.991041166034698

==================================================

=== wind_speed ===
Data type: float64
Total unique values: 2200

0.0028699831011058
0.0272667302007212
0.0381072666744453
0.044343890454872
0.0746485003517061
0.0765697011262722
0.0957347460947244
0.0992943401723178
0.1145656097540737
0.1261716540078339
0.1339875819461733
0.1550656332005573
0.1588511185871799
0.1628716110217976
0.1628992808885709
0.1697610322867171
0.1711876707044224
0.1775355507837894
0.1807260066130278
0.1831600038530156
0.2018296278419806
0.2065913675047537
0.2068837630171671
0.2422405683589423
0.2726495185397803
0.3156213259620588
0.3248488720541087
0.3331277200397187
0.3376949584646782
0.3482219813111631
0.3520412928731842
0.3664745504152966
0.3768794452922686
0.3908312583026307
0.3993401873672919
0.4017499553811543
0.4082399901542954
0.4117896734478732
0.4118808846370747
0.4146394415575516
0.4254127774458704
0.4351669681668157
0.46316321001582
0.4749767809801497
0.4796113674989621
0.5018563557163569
0.5024926251262563
0.5116778763148289
0.5159105806061071
0.5626128041366352
0.5772072600864209
0.5866523481491925
0.6047804158632575
0.6055709586598002
0.6607793529765438
0.6640737862093449
0.6941571304388505
0.7098699023932831
0.7295328252160793
0.7333317708192455
0.7466364312138007
0.7639098737618966
0.7799968800970647
0.7877098121617987
0.7916443983891464
0.8001305000049364
0.8121473158322079
0.8361363364353247
0.8378713950750472
0.8382972158191615
0.8399640912733086
0.8406887632323112
0.8541918193835185
0.8594327021561554
0.8646567970618957
0.8664790556160606
0.8687224153222006
0.8759995313270608
0.8767517812283465
0.8883129337517204
0.9046086986397794
0.9061640540828586
0.925312450755622
0.947895995719461
0.9506230913500092
0.9572056956251118
0.9594015654352585
0.9658739835947984
0.9734116200489252
0.9828653424895027
0.9886687856390708
0.9905689892464832
1.013899193577854
1.0153344419068122
1.028621913334109
1.0286659731733572
1.039288092209265
1.0439915076258832
1.0446668077159238
1.0479295912050746
1.055976623356858
1.0608125948554603
1.07657231560766
1.080898815719138
1.0831561350996188
1.0866939828767963
1.0869656059702848
1.1025022672056517
1.1031463431507516
1.1079885820330926
1.1084683310541577
1.1143357012464472
1.123597347821832
1.125775254890482
1.1263787771041511
1.1293190705373624
1.131060427028412
1.1336075354859876
1.145099716517386
1.149361261665307
1.1549250180758164
1.159192741961026
1.1702085374226012
1.1723024031364515
1.180002656854564
1.1935742562762996
1.201724779870974
1.2319557546458235
1.2552485190838405
1.2804362251307475
1.2827930135375865
1.2832465192822728
1.2865924206754698
1.2867164656501662
1.2902067748532486
1.292314308145881
1.2989541223854006
1.3032657141797244
1.3105386082768875
1.3117254962609337
1.3147801655058355
1.3232647114493012
1.3321022219409606
1.335826471093513
1.3828388462876484
1.393476353571308
1.4010561159543111
1.4260515223715342
1.4266814185660317
1.4322560741361845
1.4463870187915084
1.4465349876511358
1.4504565578124295
1.4510100140192297
1.4533845395745917
1.4827051164736638
1.4879144892807172
1.5064254716894188
1.5101350407348346
1.514685825955171
1.5170890918765667
1.5251866173448847
1.5346433068650955
1.5401783753993614
1.555783423568866
1.5558427117537854
1.5682839911427404
1.5749297677061658
1.5843899009709372
1.590128333107852
1.6163234138594196
1.6188481905875185
1.6341812203629846
1.6513288809944315
1.6604839494408052
1.6620239247414914
1.6642757523000928
1.687044593065263
1.7063358475191448
1.7140021728947397
1.716926895215927
1.734824222199054
1.7521389789158737
1.754439076844787
1.7613430841446245
1.7650666453897037
1.7730783948841
1.789767905513986
1.7911439786865555
1.8110511924700123
1.823532636950047
1.8310462402710412
1.834695594858966
1.860777849201116
1.8631396836044911
1.8646909789620916
1.8665217509595
1.869848463708759
1.872791280049364
1.877667450616649
1.8876236472418009
1.890310008505014
1.8977599192064143
1.90250059556452
1.9230573394385209
1.9360362776695104
1.979500417577753
1.9802437947808715
2.004341335515374
2.017425182023278
2.0205707301865927
2.04822353553602
2.049268639463313
2.054728594164688
2.0660174985644875
2.0662734953242112
2.0949554733417157
2.107717191849432
2.129719468842377
2.131959700114805
2.148343142310252
2.217029291420216
2.224368180351872
2.2288285242667394
2.229318622211101
2.2483278065860257
2.259953269536332
2.261604010333411
2.270295509396665
2.287884836566678
2.2904373355138308
2.296052054917568
2.297214902559304
2.313462885118185
2.316834685609477
2.318661248744014
2.324002312151414
2.3240261152923014
2.33222581890844
2.334916088242671
2.340666712759833
2.370131212676747
2.372009739479808
2.373590925495974
2.377220350584097
2.3828545976045
2.394227952007797
2.397055468664986
2.4007763796901798
2.4189211863841558
2.425486443119098
2.425666745555564
2.4321991616505967
2.435822334766331
2.441921071159605
2.4419349254374434
2.451593561198904
2.465405187756997
2.478786450935242
2.490517211820258
2.5056741486178717
2.5148352147937936
2.515736010238594
2.52393210400929
2.531698604005108
2.54302796395921
2.5680289175683435
2.5848840268927176
2.631042772258354
2.6340826916566296
2.644329589550991
2.647109255066933
2.648310641948524
2.653339247290085
2.659512966080706
2.663140184135277
2.6953499542897297
2.6982620417635705
2.7023307566143107
2.7083621496831456
2.715976683101875
2.717596056797844
2.7220625942126286
2.7281910512790675
2.728812124554161
2.729360502483018
2.731755147402972
2.7449025659840487
2.749057815774407
2.7709838137474763
2.7750994014365915
2.7840333900817
2.7842410020183106
2.7983920638254545
2.815813462829515
2.822569042629799
2.8271035116278176
2.83157274343834
2.838905560239753
2.8412736706849477
2.8422454232988126
2.8610418396072324
2.8637608644166623
2.864367921471036
2.8693593975713827
2.871317121556445
2.872931461188706
2.894781351395226
2.905776711170591
2.9271108646512367
2.9391253985665533
2.9450354718127603
2.9660956689907403
2.979816130587931
2.9824252548794705
3.009587967088847
3.0194590402103083
3.022388521648167
3.038221665352012
3.041298621958042
3.0422280078014
3.047720747184952
3.0529033328737354
3.060514275280659
3.0752172523507526
3.099919014053893
3.1065174494573955
3.1076415442978256
3.12678215858222
3.1383006712790062
3.1421353116979134
3.148135129177148
3.160515995604345
3.1646692989827807
3.1753905233687707
3.176058113591038
3.198472097589513
3.2035436389486804
3.2088426309882445
3.2118740050442818
3.218027096446643
3.2261642681137204
3.226825568773477
3.2343829605319607
3.254042724435857
3.2624980560728734
3.2645398750779053
3.2854104016273955
3.2862505131953057
3.295278848252976
3.307362590781109
3.323558859844724
3.337713376609246
3.3394496368297437
3.34396082120066
3.345948683432396
3.353474748424652
3.3772935322157904
3.389545797280762
3.3944447821310075
3.413968907087501
3.420297467084774
3.4335021092044093
3.4504469408929395
3.4511561361623344
3.4632817339101107
3.4699578687445243
3.474253862975638
3.4765201330276096
3.4832115534787733
3.486653634704993
3.492145542937428
3.502025459572713
3.509860634463393
3.514824827075702
3.5335211917178566
3.5469471265631336
3.555028582556561
3.5776155072399307
3.5852700220927747
3.597513708237716
3.615226510809448
3.618076225320068
3.619421649099097
3.631575705927153
3.6327324507315417
3.638244368121972
3.653289074078743
3.658048811152408
3.663909856913674
3.676154353828447
3.709087459930225
3.711491053259328
3.72048370173369
3.721520440778603
3.72551643090566
3.7300035838883128
3.7312496442596976
3.7354977625526953
3.738089200227057
3.747327670501692
3.747601866796051
3.757213929001935
3.7618393865345463
3.763304668535725
3.76417346751299
3.76419869938166
3.784421171922141
3.795707815784852
3.800672426702738
3.811598748855274
3.815287447205351
3.8245200311142513
3.8284566241291
3.83402629385754
3.840101310930801
3.8416527831679215
3.8554870115677375
3.870646132242692
3.877522714146087
3.8787404725077335
3.878962623720412
3.911184248935491
3.9259507614610967
3.9358448765710654
3.936908658170577
3.9400134935414055
3.954434061064725
3.9596626389020617
3.9697229123105338
3.989482862201663
3.996722432942488
3.999796799961486
4.008740762379432
4.027588885127853
4.038708118048183
4.043928290608672
4.044418911456984
4.055158152103395
4.059310743829371
4.064010903653966
4.074698874551961
4.076746117295156
4.094466655393177
4.095620810916083
4.11477578824557
4.124644356944147
4.127735518442794
4.132629667025885
4.136524286274234
4.149650513655145
4.149904103132645
4.154619297336506
4.163657696742861
4.1763188447803845
4.177753373762592
4.202151055088914
4.203030333504345
4.213603198624785
4.214766994323103
4.231017063218074
4.232665860292803
4.249812524263021
4.253194453774749
4.259003457389081
4.29079893966585
4.297113802966452
4.32065858210178
4.335479443790462
4.345740564364067
4.367215994237026
4.371516769321511
4.3775452778904
4.378503750797417
4.380225304884271
4.410430124774289
4.411364744465427
4.41225412821886
4.418354103839739
4.425803199160702
4.439165022842795
4.4776403519396695
4.478250958611425
4.48156033975417
4.518362357829813
4.521170124207668
4.528939618988344
4.538322562892398
4.541020922155594
4.57958565761611
4.5855337152387925
4.586446640254831
4.592301521774709
4.596843033736104
4.621229657619066
4.624838205736738
4.6604449066349645
4.668144003312782
4.669588993648468
4.695382677631397
4.7095459202198775
4.715023586814744
4.719546057011696
4.731745813560176
4.785757731167129
4.804740482390574
4.816263169059458
4.826529559088231
4.840692202455726
4.871629044430499
4.8751400201390505
4.907581688566049
4.911955140908153
4.9248388386609925
4.93926264472025
4.940401335009799
4.945121310852776
4.952370142135402
4.954276345902895
4.964019382638066
4.974811975921371
4.9897152965814096
5.003979276946405
5.008334436768767
5.010912993994965
5.019200610647474
5.020634964148374
5.04660514797274
5.063784366042103
5.067830179901323
5.07017514774553
5.079438167852535
5.093254843308943
5.096240153482126
5.114374244334914
5.116676553230468
5.134494634741458
5.138988394687381
5.143324051794529
5.147378840243251
5.1647461795277305
5.16552826208796
5.169953302944244
5.177393120888658
5.179562507387647
5.185362660895885
5.189578579072713
5.205510666994682
5.243991850902381
5.281232217596992
5.283260675237964
5.2917251790724285
5.310167614140995
5.314282487556521
5.321725101418013
5.328551803833593
5.330284110429218
5.333382637164979
5.342120631199774
5.34548629994889
5.352605401219861
5.397216577191378
5.401151520397893
5.4011667664317
5.40440011228319
5.41262583218397
5.4303329158951685
5.439752819005874
5.447219990243588
5.465350999061971
5.468808989125929
5.472917621791797
5.475668322543932
5.476392028317223
5.481892506943198
5.482904342379231
5.483546753598121
5.493707413946996
5.497398880365458
5.501089929048042
5.505448399810198
5.506013210643623
5.512746680377834
5.520228492456434
5.530977828947972
5.5415496813857
5.549910977295733
5.572140519616675
5.584744465888081
5.588424938449474
5.600581230132036
5.605837157503199
5.612752355685182
5.6144207297556825
5.63610560571435
5.655700625847202
5.658148571421286
5.687718549226686
5.688598550380735
5.693625193255554
5.700384191999151
5.707683204412735
5.717466966588169
5.725583654965611
5.731066747164862
5.732803086369493
5.768700287537478
5.770664896923343
5.796211854583317
5.804300556590516
5.806513986085527
5.829400501126997
5.88187837312309
5.885028683478135
5.890630201457389
5.891193279250933
5.893234491062076
5.8969720759305
5.90323133755575
5.91500978313838
5.925945166568489
5.935529450709827
5.93735316584608
5.956562847637288
5.960178799407753
5.978189568747238
5.980267101423409
5.994164681549803
6.001648294834128
6.003783567289429
6.013541915655642
6.050143864254065
6.055952837532312
6.063440970586131
6.109922535557342
6.114823970881044
6.115096971387535
6.121300792565807
6.123845778343291
6.130790942492805
6.146631510110295
6.1537849960961495
6.168546217532997
6.177301643398218
6.182987465415881
6.183786032127541
6.206983710762577
6.228119792540808
6.236316021398888
6.237417031451214
6.254329596332527
6.258734179135876
6.263832316038447
6.276119813895946
6.29392912091302
6.30203864310036
6.314121103564023
6.315816079954568
6.322844163609096
6.323442573401032
6.329701225232349
6.333184040442661
6.358750306238625
6.388531666081776
6.388832413443726
6.396214529677968
6.399982121585717
6.402836391212665
6.4180953950326325
6.41919561159029
6.428312409954922
6.432159323526712
6.437053249595399
6.452467603018146
6.471867507081958
6.47679244513343
6.478686875887258
6.479290714425479
6.483502095460239
6.485574932046092
6.496278990519164
6.502643765512854
6.503058374370316
6.504407161997943
6.519033364573681
6.5253267734110665
6.55950191062761
6.569357454569538
6.579202941292737
6.582210559600574
6.583361973028772
6.603132039148272
6.614383741065224
6.615044793374394
6.627340403171624
6.627556793662457
6.629620933102245
6.646143277085765
6.646637452485431
6.650122181188114
6.650263710223907
6.65699537058927
6.6709417640984
6.67949597320423
6.686084000418142
6.689293060449448
6.691616654732875
6.694860692047609
6.696853833508181
6.707939734563597
6.712612112472782
6.7181941504499605
6.720288958979676
6.723813702969026
6.734116270592827
6.734449417842585
6.741236943789364
6.745786041018691
6.778676684972607
6.781859808946191
6.784330891449217
6.825324326750925
6.840271860012413
6.84086461811543
6.841955039179679
6.847881058209369
6.854969554048944
6.857865606471747
6.868265821161971
6.871980420539455
6.872896393209798
6.881733231566569
6.892584945428717
6.898478040163449
6.901906185551501
6.908108887612245
6.911864212126977
6.930290324954798
6.947505305185954
6.949317734578752
6.960873360697624
6.960989134289177
6.967887724695856
6.969204722991755
6.973011253361423
6.976037703455125
6.978795568065697
6.984465302075797
6.990036156706598
6.994659512948386
7.004003638388669
7.02089151205014
7.021644099906704
7.027301726426465
7.0286695283335305
7.045002557058622
7.045532781697674
7.055707864747114
7.06179738062966
7.087892294011757
7.096222161608314
7.109740549153887
7.112187164652786
7.120855149425889
7.122173780010099
7.122758635695847
7.130239308961157
7.1339305723449975
7.134735806660338
7.136626679973044
7.164931954363516
7.165210134980775
7.173246546339069
7.178125230806383
7.181087210080939
7.187470199539783
7.189377098668681
7.197522686034141
7.20789948844581
7.21459167800667
7.216049492131933
7.235828929446784
7.244390807975396
7.247076081947183
7.279192672821262
7.28659022012176
7.302321716095683
7.309391590701411
7.32954846737444
7.367576322865088
7.402525453783504
7.417253930796663
7.424200339667539
7.434052449692761
7.443739948013577
7.459591263195263
7.463916927219911
7.464662211915554
7.472620708452613
7.500012894699619
7.50676031375201
7.527889802251533
7.536925250971455
7.539806865431437
7.541698335706233
7.550335106731218
7.566988593463185
7.567065933176145
7.604685167603586
7.610724490453656
7.615308528323919
7.626637607719586
7.629118354377753
7.63469399759479
7.637386809804346
7.643248929356821
7.653714866678626
7.663871227056315
7.669961521355225
7.670149151051384
7.685490931443903
7.694941951886594
7.702485639858178
7.768842035716236
7.795046195045994
7.796568347685302
7.809820325771961
7.813251814291895
7.8166714465501075
7.826374104067371
7.834730825810732
7.836216597319532
7.838411804901182
7.846074262170555
7.848277738217613
7.854718512313699
7.873028092137615
7.873987200482951
7.882935109044984
7.89643882264818
7.90816136550053
7.910947278204485
7.912835812557811
7.922319446652121
7.923933040671249
7.927732702496828
7.956761916813788
7.958084854078242
7.963606057288741
7.969388208844901
7.9726233472066195
7.984765774568075
7.996159945564127
8.006397242835632
8.015793974322424
8.032639147485622
8.03394412668489
8.036963188455942
8.049470973808745
8.067064566503827
8.070844303516447
8.083998947591962
8.100873807047721
8.10095786697239
8.1157406827446
8.119286466905507
8.1231291839304
8.135712439433295
8.138876953800471
8.139994230300463
8.146610467999624
8.152309371772192
8.154860995882178
8.166221517062999
8.170348736431368
8.193768363143981
8.198115035106019
8.20102788141164
8.212375813589968
8.216987459771072
8.21897640721923
8.221959908193151
8.234247249946765
8.244979185675911
8.261587575971678
8.27440938467526
8.278964635491622
8.286503152503077
8.288063452270364
8.289854153350635
8.312904500697812
8.323869112918743
8.342840531929983
8.34682011670828
8.35703555840556
8.367184645797977
8.390318789236437
8.39717821832998
8.408809474239122
8.409839638544403
8.41635863687356
8.431380922679798
8.447847791888147
8.45336227560044
8.462022556988565
8.464184028529797
8.476623589121491
8.480549175136563
8.484334708244099
8.505165616009776
8.510774774915603
8.516548164422177
8.524233400098124
8.526774416813183
8.52912015825506
8.550097444146385
8.563171198028305
8.587600156410272
8.595677737237118
8.59736011517884
8.599382339575566
8.601495748613381
8.644988194826361
8.65143206869541
8.666745176496258
8.682777538989686
8.687350837169262
8.702869440392933
8.715019816474074
8.715293172561339
8.737910097302361
8.745359870122705
8.758555086627437
8.76272601854196
8.806075323720691
8.817468225809836
8.817489638097593
8.823167204814848
8.839790083656265
8.841607170248885
8.842491454079886
8.847914118680965
8.882671494141158
8.907052748897419
8.921026970440927
8.926745765566771
8.942970321241727
8.965556400384022
8.973130658678128
8.986275117935442
8.987912284006311
8.99188949654484
8.99448400086142
8.995700363949508
8.999118680779654
9.00335836068982
9.009049731989796
9.019836126445318
9.031118284734834
9.031564218333648
9.035475584384248
9.036001343794222
9.045567356060776
9.046386825360331
9.05134891346406
9.055657280819773
9.058340850052309
9.108346507900686
9.115429650457536
9.123552992143704
9.129900283092717
9.13463713950448
9.135163915924757
9.164391486622293
9.176459109960591
9.176797866627528
9.193857154094324
9.207350550530762
9.213701642397398
9.224507775402422
9.230450414235772
9.23875101424981
9.245461706769673
9.258281069068037
9.272559366739133
9.275386768695682
9.2754026616818
9.282577545118096
9.28544075743318
9.291155984956518
9.298069441303314
9.298748203306834
9.302279965579409
9.30706823197256
9.307720648884494
9.317438789853917
9.319220434306745
9.335734865940466
9.358851369750337
9.379228764543557
9.382618565801458
9.412980646594814
9.415952248757636
9.432378051021868
9.437445560045468
9.44038129615925
9.449275432238402
9.475687317503992
9.482870918275214
9.490062564344395
9.490699408053889
9.497846038832185
9.503660301602304
9.509722211659684
9.51182933917507
9.53355919492294
9.53472545785585
9.535915588450738
9.543228115771548
9.55901640308984
9.564344165850612
9.56457376247278
9.566861977978707
9.568174257293776
9.57366704933846
9.579143319509086
9.5818435296165
9.59515224824508
9.5961367158153
9.59734616169162
9.614688279037209
9.636081326372109
9.636454275820574
9.638197433384985
9.653928815730955
9.65394144697822
9.663174629190683
9.664957262331916
9.68846764543952
9.691422887456005
9.701124825449371
9.733990856436389
9.739311339126038
9.744177629074498
9.747403754434998
9.75766345478357
9.764371961158762
9.764707954262544
9.7682373179501
9.79788707305094
9.809661026988328
9.809974863905165
9.811619154845095
9.826256579033815
9.829434228942649
9.836275473120022
9.848231523939736
9.850233002657417
9.85871910875716
9.862542721168593
9.867214172330709
9.881363275835517
9.89160977209436
9.895260931811752
9.898828072028572
9.918380333427434
9.920568708081433
9.928861498601332
9.93606285264626
9.947231008364716
9.953738376692794
9.96051579769098
9.96361333023617
9.985184312548885
9.991407035457645
10.000207584868823
10.022000901292136
10.027409738697388
10.040611032245842
10.042163274067754
10.042828630982964
10.044948777695478
10.071935571636445
10.08290175539778
10.08302622842595
10.09274801839493
10.095067141907538
10.103214175633743
10.109875244575116
10.125153639385562
10.135087530393662
10.154415155035949
10.161872166177153
10.162682657682517
10.173530822301103
10.228046766815686
10.235403137206866
10.24435421702012
10.245721875957983
10.24880869099337
10.263674146180067
10.270693106869755
10.275427926514247
10.289223334047776
10.297795128371924
10.308429043068037
10.31176461654772
10.355729281140816
10.356971283633287
10.35719060995433
10.364404240106808
10.38742760956574
10.399693722488198
10.401621923211646
10.41130759750546
10.411331323890469
10.427818577162292
10.432171219734457
10.45582442512046
10.474803363211189
10.481325821629678
10.487875934055822
10.492769370697143
10.494491600347423
10.49667546625081
10.531910061996664
10.542452075709932
10.55864284089678
10.577300247022052
10.577598122345044
10.578909970420709
10.582564556514315
10.589147657042366
10.593161540395338
10.596461673613469
10.603401086640208
10.607060194366191
10.616964136757025
10.630288587974457
10.682190462941588
10.683573288033912
10.687313692458869
10.706750345132791
10.713095702888676
10.752781667389634
10.754195814955164
10.774680800355716
10.785676658922046
10.79860632298281
10.803630859178073
10.81299382063997
10.815078076407069
10.82294034301275
10.823207722509274
10.835165555130764
10.840999312272505
10.844084673782136
10.847404002881936
10.84789296562101
10.84826662550043
10.853044055455772
10.874538512061804
10.88040158255234
10.893424175552031
10.894159173350124
10.900040851367123
10.915303456085038
10.918413419379975
10.931841788583244
10.945623862086936
10.95381276885077
10.954925170606888
10.966450241503589
10.979130600906643
10.981876870916414
10.98500563527466
10.999640955823727
11.00243255962782
11.018114873347084
11.024654532481206
11.028140519927302
11.0558953227463
11.0566832088382
11.072496779059122
11.08083798541207
11.097232518118163
11.112022092007308
11.133358666191604
11.15411359530355
11.159358022978616
11.163760408298602
11.163971075003092
11.18781818156396
11.187965789269745
11.206828237810033
11.21095734965416
11.21620710335652
11.217091366295412
11.225745040940431
11.269879598959584
11.274558870972111
11.28928954068938
11.297318191302148
11.297550322606275
11.316674401678116
11.324020218155717
11.340469340089967
11.342437973246067
11.360404301718772
11.36428209901161
11.365544549286348
11.373709564668504
11.378222792285902
11.389073514300998
11.400663377093297
11.412656638306649
11.418204127586389
11.422098154950609
11.423919834585725
11.431874066738546
11.43323513442606
11.436261038534347
11.440690741372029
11.441332825410507
11.499532401087109
11.509248675036662
11.533330444463571
11.536306544655076
11.54415593938815
11.552296876402464
11.560939120014613
11.568013529157705
11.572138207663713
11.58470558286256
11.59386730442649
11.59593889023454
11.605523824306518
11.6093037343694
11.614276926453435
11.623244947074433
11.629396371478409
11.630294914966251
11.639765432489169
11.642977760924872
11.675449618541132
11.681962726073229
11.682948956718244
11.688890105473508
11.70782119875091
11.722983967516472
11.724172184659526
11.756233084592074
11.779330983841996
11.78645798521096
11.803329126516642
11.828669523887532
11.829731193316842
11.839194211757407
11.848274025860402
11.85254992025726
11.861619528005267
11.862198674733776
11.864364287784184
11.882356108654577
11.884933241875718
11.907816206457476
11.917367652633072
11.926986090826182
11.940202221103718
11.94264163464223
11.94318729709434
11.948188854348306
11.954373418771802
11.963985908137785
11.966922691518535
11.985915798707246
12.013230472741531
12.013647389717136
12.020205106268536
12.022569125625864
12.027501768132112
12.045762640050942
12.046701925160114
12.048049798316915
12.050390828615868
12.069532294179954
12.076782215101051
12.077638943522174
12.078937651326488
12.092064585428178
12.09481971203267
12.095184585370934
12.103503343547745
12.124319587535714
12.129292441528431
12.146829041140055
12.165794691961953
12.170761842794985
12.182892805650988
12.188095014964828
12.193613817481111
12.200447946733542
12.227823773458756
12.273020487978396
12.279560410488005
12.283523789446525
12.310285436588371
12.314004532827248
12.331107898263792
12.331380330798073
12.340733181986396
12.357501399148472
12.357516995339145
12.361024482338008
12.362612093517551
12.36564398197296
12.37534192699465
12.38054502899768
12.380550603201518
12.385414792962129
12.392273778633154
12.392705627999405
12.39395894059313
12.398022895394083
12.403388216696632
12.406600507956444
12.418490607253943
12.421020602544797
12.443540151971284
12.44540366209665
12.45897742131061
12.463024786384032
12.46516202598829
12.484714118201795
12.48794711201346
12.489344587899271
12.495273162751632
12.495750389982078
12.501276558513158
12.539926183933602
12.548312640716432
12.568578522885783
12.592767775125523
12.59355038931302
12.597886429563104
12.60041912253296
12.605264170896982
12.622742907185431
12.626350332662742
12.638096848495335
12.639977059334768
12.647115269211902
12.647827069740348
12.649925297790478
12.6515101991832
12.680488209745754
12.69539209168434
12.696458898696978
12.715974185103155
12.72416001397418
12.725374709602653
12.72710136458599
12.727896256492508
12.728098015724791
12.73541000594503
12.7362352898108
12.744894614392637
12.792222261103008
12.794807990308044
12.799494901222651
12.809806399520712
12.8178881100399
12.827229434025904
12.827381171417883
12.841988225487285
12.84419977532843
12.85503646964965
12.868205321779758
12.868864381052765
12.88808186844137
12.894859312607236
12.921630582099963
12.934515143375682
12.957018280144002
12.958154284784808
12.976777852789764
12.981089351329178
12.985560919701124
12.992449126652554
12.99272072519333
12.997827664757295
13.003000836200592
13.021733879508693
13.02778097617447
13.042352552578992
13.042700790209755
13.042821709949656
13.047696607894215
13.063349479867332
13.06476411981668
13.065167305790448
13.07580525933388
13.083673827561086
13.084486043227407
13.088094293245415
13.09500964399885
13.10525939072322
13.111270364581223
13.11953204166409
13.124342810727503
13.134142324486206
13.156988843374398
13.159299659295408
13.169834840878138
13.17095575683364
13.171620444337286
13.185676615846226
13.18635940850684
13.214305576708757
13.22612812409573
13.228410890052553
13.259173626449712
13.266390532950725
13.271228463631628
13.274567256926307
13.277217812653122
13.280683971314724
13.288392080359444
13.293567236355631
13.296203541737396
13.315719808468897
13.320447855768547
13.324071728205023
13.327711148386475
13.33196819792352
13.334204522159313
13.345319577737412
13.36831056353401
13.37876285161759
13.384859539509122
13.398142341938552
13.406375032226086
13.423075517640353
13.44020869618549
13.443017448466223
13.446311241670353
13.471491272099865
13.475142208259552
13.50214048892388
13.506307890508804
13.51039294794251
13.511455649060968
13.515732472298206
13.52918594316024
13.538593785585496
13.543693922088252
13.549388315241156
13.557580290453558
13.56269634844844
13.569236952013902
13.58353809171186
13.593329496571258
13.599664567985196
13.639386482609092
13.642393198423452
13.64409870134318
13.654797832479018
13.665384978017872
13.70629312142627
13.712211088796646
13.718946933245252
13.733534472239697
13.753713275588495
13.773911528099836
13.77580785489586
13.783475710201564
13.786265719306156
13.787657583125714
13.813972834958118
13.83666246027648
13.842015985356811
13.855376984633732
13.86790981177418
13.874822911267067
13.88035753081864
13.888238606828724
13.90703851581521
13.90833760268739
13.920700459505486
13.924068805665616
13.924831278157336
13.926134424198093
13.929083422155095
13.937731639229218
13.947580594371525
13.953796326708794
13.9595498942646
13.960380820535976
13.972374523228428
13.975093807954805
13.975935842613731
13.998674565573324
14.012332504150828
14.014861081189572
14.016686824307753
14.028149818755848
14.028277080832376
14.02925739398908
14.041233984592374
14.042622902248658
14.043222586820187
14.04392735660482
14.066382631068109
14.066736680175262
14.078401611270516
14.090090335296608
14.103438574597018
14.119915343746596
14.12323121660728
14.134481884888435
14.15038244161268
14.155338900084573
14.169677783622785
14.183036513709077
14.201781817205736
14.213162516176608
14.217256882778148
14.22018801676639
14.22386350166076
14.23040341233432
14.23982332784258
14.242953260840784
14.24600341661456
14.25633099653329
14.256582480513469
14.272734194250026
14.277774807927026
14.282760918873432
14.285398465332989
14.32243823889185
14.3263315536028
14.35285215735943
14.360847004647791
14.365636813455549
14.365949659816843
14.369199694695483
14.391395119761876
14.39143305071456
14.397991486433137
14.411007635855984
14.411416824973784
14.414364340577674
14.434281252135346
14.435938323228658
14.45362947753797
14.45498087402984
14.457716861200986
14.459306988039632
14.46081753888895
14.462440173864788
14.481232333635486
14.481756579084475
14.482028809584444
14.494575976548925
14.512991656540423
14.517392342677564
14.534320826123588
14.53839243752452
14.5416924741046
14.55011107983852
14.561291122170225
14.564567042235277
14.568916633004918
14.572726228000326
14.578745903626064
14.580834811815995
14.585715958846176
14.589779481624507
14.593999027035052
14.59494589995392
14.59940131025338
14.599876188340502
14.605737127677894
14.617363768866827
14.635145836663543
14.64186372444648
14.65783855206299
14.67160153890947
14.676555553721322
14.680317390318269
14.68219879459089
14.683642448418723
14.68859661918306
14.694132912947095
14.707289994626322
14.716859870449351
14.727418553203044
14.727728728378931
14.73810601866404
14.739774601959729
14.74449809137582
14.753736567493318
14.754508319120168
14.756608327990406
14.759346365481305
14.759443307494266
14.777581418333607
14.79246763838754
14.79314574382678
14.797411545199262
14.800355293734208
14.821606287440654
14.829222126888844
14.829832934461097
14.834502651212183
14.837554144064136
14.839807680278716
14.84169747055332
14.844315656536777
14.857725675668416
14.859952978688687
14.866213728011784
14.871133659263414
14.878447975920649
14.90244927550152
14.912085680072622
14.916138262997256
14.920389000514367
14.929279588177709
14.93096207982888
14.94517012815803
14.954989160768896
14.960746236835682
14.961016299953304
14.96982191349759
14.975863789132
14.980473561370394
14.986502906266972
14.987432022263704
14.992618175558096
14.995786516977065
15.00147553346293
15.00652577093619
15.008295632342442
15.012190790508622
15.016815881742122
15.016968283375052
15.037544987768992
15.039728558613945
15.055427935662674
15.062966831906472
15.073056700417588
15.075379612952366
15.077588040997014
15.082652897015976
15.087531056652978
15.0936907713128
15.114052095897318
15.147706520820863
15.159914943360173
15.176478570438343
15.199917237695672
15.206732284527671
15.213543306289589
15.213949270597508
15.228052697719969
15.228318412840656
15.232742156913446
15.236036334518936
15.250893398049383
15.27077283180294
15.273448915025902
15.280478738703732
15.283105507044304
15.301841934099446
15.302181367936392
15.327127635685953
15.329094911174735
15.329634833418943
15.34863623382023
15.351356743375618
15.35247668810769
15.357823322293209
15.363657399398829
15.37127343694738
15.377594807872253
15.384845287667591
15.391525782167086
15.395845984336622
15.40061378309438
15.401444041233802
15.430076214408611
15.45898234200077
15.467749192548176
15.470662880917192
15.484854483085044
15.49630228183555
15.5188307016596
15.520626780024738
15.5234466679388
15.52408840876572
15.539511953758304
15.541522450409175
15.547477955538731
15.552504119160194
15.55397090533756
15.559355250182248
15.565935564870816
15.56613650254012
15.570596165056932
15.579327217018976
15.579491168432185
15.585200485433187
15.596502100812696
15.59773379830308
15.599060126569537
15.603674976603203
15.60483356137956
15.63309851680648
15.638596817760888
15.662910187543815
15.674615951677612
15.68068087321974
15.689063888491654
15.690749108817098
15.694184583565391
15.696301737879262
15.703769383785426
15.70453745086876
15.711767524414558
15.726241162858926
15.736742020632375
15.743080935005551
15.74522694362778
15.756823631393956
15.761576920950532
15.77020990141536
15.7705200275212
15.773026798214868
15.785627987640789
15.794662985790032
15.795774316266826
15.797934809524545
15.82100629896809
15.822584004023303
15.844308334520589
15.849165893429504
15.85535137982409
15.85709417488098
15.86056052695022
15.862044290844464
15.877737264026162
15.886315502984408
15.886427846506027
15.89356720014788
15.894693175649234
15.897510555527086
15.91233696366806
15.92909247011615
15.974127827031843
15.97704743199468
15.987677774702108
15.993900320416383
15.99740602098506
15.997895726222646
15.999654391558291
16.000444339875692
16.01375504998059
16.025316198575187
16.030366863059395
16.041027350622354
16.064069697831023
16.072299392316207
16.090160768062482
16.102923423795584
16.111398131742526
16.111706454072166
16.12653639295363
16.129956469425334
16.16180591833384
16.18337528886357
16.189198537386485
16.19440523796098
16.196263854123487
16.220509171661
16.224448134473654
16.22589474104741
16.23092226312683
16.233653377779248
16.23809842876627
16.23998215243586
16.242510645637473
16.246556136034844
16.251538113141372
16.26797555789777
16.279915298855023
16.285840161183593
16.28699907996174
16.293026287998263
16.29883251302163
16.305813647135828
16.31151716937383
16.311546794430157
16.31891887906267
16.326659634443054
16.330875299203804
16.335482367717262
16.342121781354454
16.353869999939285
16.3579459690587
16.364504322227166
16.370263035927152
16.37610434128878
16.376118997552325
16.379127462388666
16.382971250404317
16.392485963873817
16.40353425714151
16.405636456180986
16.406411186796976
16.426194003955853
16.433957292236027
16.442019652120322
16.445610590927703
16.448304752417265
16.45672905508927
16.50105882482992
16.508163220734254
16.50972829337684
16.534473966776076
16.537830888139748
16.564874194367537
16.57287258546842
16.5794148210242
16.583664875326335
16.585933712118273
16.61131301925184
16.626420400079418
16.63706870324745
16.637197652092986
16.646938108837432
16.65073055747329
16.658179973693628
16.66741740873986
16.669208892696112
16.672068071226292
16.67279126837885
16.700265064937216
16.702058209596892
16.710165326170618
16.717455024668855
16.732080641813322
16.73248106535018
16.73651997504425
16.736676140716305
16.745313746476388
16.758821273885612
16.77901980162781
16.78093173452856
16.790591433294576
16.811210883275766
16.820796568383592
16.83879083610578
16.872362276403955
16.88292084900617
16.892686288498965
16.89303352234699
16.913309274121527
16.933095045417886
16.94274790637595
16.95137583935374
16.973603743548352
17.0261057723399
17.033311807471673
17.03407316788102
17.03606065616996
17.104685333469043
17.122584967274516
17.15953709817065
17.17783873014142
17.183991135339195
17.196682550178167
17.22929785325301
17.23228386771088
17.240716658312486
17.250480152451843
17.25430693483319
17.255331676702507
17.266212873463843
17.271656472868653
17.273196082461514
17.28371263208555
17.28670417570428
17.295104208061765
17.29532928267083
17.297856383782495
17.29904297523991
17.312042169596047
17.315164557944577
17.316863646839987
17.339316236520553
17.343762495977863
17.355367751534445
17.355488002534827
17.366692334628027
17.37441873678496
17.374977039241777
17.38533549339872
17.39233958985225
17.395255043352574
17.40035305882657
17.404727154425906
17.40675482367116
17.413288349219194
17.418627767011085
17.43083548490106
17.43376305411903
17.433949753435222
17.444358494246778
17.44561099467664
17.44817398431784
17.448799536726796
17.469223904990855
17.497085879528587
17.497149089540137
17.50576299965807
17.509260606355213
17.513247589983102
17.533308252273486
17.538593670010737
17.55861119160324
17.565681931325898
17.56580147150928
17.569523172197258
17.571937730412866
17.579487517673225
17.58660398167198
17.590336730852762
17.59422221825715
17.59924760989761
17.604783978881635
17.61623053743278
17.63063548516436
17.637267992371328
17.638958675979968
17.650773074589207
17.66546104251525
17.66803320023015
17.668594822696768
17.675737752571116
17.681376646519077
17.68356485511799
17.689362511002997
17.6920836748308
17.700936230060265
17.702169238439
17.709909465858225
17.734310667496317
17.740115393218737
17.74189602946825
17.747947582227706
17.751678332968215
17.753936946189427
17.754810616286125
17.759181717624518
17.759614934585414
17.760919561843668
17.79457251627108
17.80426077963508
17.831446868567294
17.83873384580256
17.853521968635
17.882781174570784
17.88530992724566
17.9403890755909
17.95663201732216
17.957789480430502
17.963515574186715
17.983821619121127
17.98384125542337
17.988080048208047
17.994566879219242
18.01900333294743
18.0672892283866
18.081538349892533
18.09252224578785
18.12106918722083
18.13070113574214
18.132260798013988
18.132296514481087
18.13407894270338
18.145297492281568
18.151300671961287
18.16149590451645
18.1621749859216
18.175830265085903
18.183149392868383
18.18807348769469
18.190395150816972
18.196918542564987
18.19988965173189
18.202389887865397
18.21332158201602
18.21709815672202
18.22558548134182
18.241282308646483
18.254370637641447
18.26045105504041
18.26301540589633
18.26306122279912
18.27946227694952
18.30405744613611
18.31970408849659
18.3362417244968
18.341960538106875
18.34265595840626
18.342716429354244
18.371658193412344
18.371837190309463
18.38791521505286
18.39579482003864
18.40535993748196
18.410888039022858
18.416210459047264
18.42835587199551
18.4304325157788
18.430729354895863
18.4516548792447
18.47207847725167
18.48479159646481
18.48856976330031
18.489901702013636
18.493177746157844
18.4941250256491
18.496616238907183
18.52521785682113
18.53200464709446
18.53444195934275
18.542511827064803
18.54707422969308
18.56741612578497
18.57957030481279
18.590630674987302
18.60253734882949
18.63055699687838
18.631198966721502
18.632775176054334
18.645523911152672
18.652597432915154
18.65374607013702
18.654104117601072
18.666201351896497
18.67227158942889
18.672345373882603
18.67330046216329
18.67595292718299
18.6770593044926
18.71049916374301
18.712239343397343
18.71792456306305
18.727523567556258
18.73195083123363
18.734104278816705
18.742899809578304
18.74376192640716
18.76804693578339
18.77641232930091
18.78665932140445
18.7866728339011
18.804217234246263
18.80528784901889
18.8342416418148
18.83898870736472
18.85925311258835
18.859839558296446
18.871871697125084
18.90537272130784
18.907173706193174
18.908676350006772
18.910283740944735
18.91437407243833
18.93404956182832
18.97131468056376
18.99798488965525
19.003014029944328
19.00724781436812
19.010130309102703
19.012762426657048
19.01282992596933
19.02126377829011
19.02483649098899
19.029153577895265
19.04331529167664
19.066191226276864
19.07349833021431
19.07973181633846
19.080889220396656
19.082734298553653
19.09420673941376
19.10683130377579
19.115083906627884
19.133791324607024
19.13995661230026
19.14323710780399
19.145718543100244
19.14650522802172
19.147162490050597
19.151375942437493
19.152759416267997
19.15640832241305
19.164810724013684
19.181056439686063
19.19236115355042
19.20381219893769
19.205834810173457
19.21532640279905
19.22907807749616
19.23892576873156
19.242312233300066
19.243673442870705
19.2475994695742
19.255800603106948
19.264133422858432
19.270504094265544
19.270908923947665
19.27385801687268
19.303742988110283
19.32264605654963
19.3327286368809
19.334668986797283
19.338018797763564
19.344046055152127
19.35145071950972
19.356695033037187
19.36173328136402
19.37008974873278
19.3739229434162
19.375729406783694
19.398892142744344
19.40927316615996
19.41290050266285
19.415455196330587
19.427562759684747
19.4321955183357
19.457113661310363
19.4627349732693
19.48137663130575
19.48736833138378
19.48846078856254
19.49430607118484
19.4954167796932
19.512036881582947
19.552043183117235
19.57423003137672
19.57669843664285
19.58005647104767
19.591857181532543
19.60911491145649
19.61449260009768
19.64294876319872
19.650616903898136
19.65807546294472
19.665625811403377
19.67592797634712
19.67639070238986
19.67779035731656
19.686258442681755
19.693778168217243
19.702727270258883
19.70794016236848
19.71563690487492
19.734880531005665
19.742814426025763
19.75539730061336
19.766122630415225
19.77469078527322
19.778642777029397
19.78073427327339
19.78311657292187
19.803440504500024
19.810095075940573
19.8217752220514
19.822042342362703
19.82310106507206
19.82918809660625
19.831162465397224
19.83304689701284
19.83642343205428
19.869153634390027
19.871115531315773
19.87887962194215
19.883380790228696
19.8913592371564
19.895476954971237
19.9090624789136
19.9199826107443
19.921116566851307
19.970441163239528
19.983758249450595
19.991293973622305

==================================================

=== co2_concentration ===
Data type: float64
Total unique values: 2200

350.0013849350592
350.0019704275458
350.1055289700729
350.1129099284737
350.23251557818054
350.29545308835804
350.3601471144205
350.39816964245364
350.45905509785274
350.4774122433321
350.4886293609476
350.5283921341889
350.623168984658
350.6622023844562
350.7000511818338
350.7285162547156
350.7298872165086
350.7416042469828
350.8865050150381
350.90765647628143
350.92491197662963
350.93478516205545
350.94953865817297
350.99621521094826
351.00278533495595
351.0468473698916
351.1478149280893
351.17310417679784
351.3128431856589
351.38413662193847
351.4241212028633
351.4397463546144
351.4400030229795
351.5093383830188
351.5400665170053
351.65914469014217
351.7499825728234
351.8146417893083
351.8697653908431
351.97277376136776
352.02010659378413
352.06298874793447
352.17829430470425
352.187793642426
352.227210564526
352.2523219747634
352.28795791204976
352.325646860025
352.4409810980666
352.4826186466844
352.5506673658353
352.6022202925
352.6204626403467
352.64004784354523
352.65394337500305
352.68705674271735
352.76457613836914
352.8317846282003
352.904880652595
352.91785640617684
352.94057503769005
353.0281566812762
353.03623323103847
353.1164708535708
353.12362330738256
353.1559946853126
353.2111378568333
353.2220330655377
353.2357380876273
353.24811903748906
353.41805003064263
353.52891972841724
353.5336932534243
353.53652362048416
353.548727718767
353.59423286169925
353.7443802359333
353.76720960682195
353.8579363574177
353.88128664791844
353.91442476933975
354.05840249070866
354.0976472218162
354.12957623423733
354.1407482579642
354.2222341724808
354.3321177945103
354.34884892952886
354.359080894786
354.36124844902946
354.3879530164388
354.4122650440536
354.45783306873136
354.5034516926162
354.5057013408468
354.518088205616
354.5374430412891
354.6150676665037
354.6239250964563
354.6416284368445
354.6669244953803
354.70671601584985
354.79099601781576
354.81145772349373
354.81605892779373
354.8722961835253
354.88273356929244
354.94630269592705
355.00655880103204
355.0610845574044
355.0992341702664
355.1512753867021
355.20729929836784
355.2423371190844
355.25891398283073
355.2755985363056
355.3148292517624
355.3201877999404
355.3336258630668
355.354567254719
355.4159957619112
355.4610442229236
355.5013888577361
355.5107802090195
355.5609497016683
355.7771604475385
355.80987678243946
355.8301828469858
355.83539287539054
355.91937784908026
356.0045768973722
356.01438905058615
356.0818357392836
356.09461966300614
356.1224091652143
356.1379867706952
356.2586011043857
356.44205651926274
356.5887368100393
356.6473433745257
356.6483819254244
356.67022479917455
356.6769822529189
356.8031428850272
356.8658498534117
356.8766082316087
356.8775740122797
356.91933436668324
356.9808787859431
357.0436191605813
357.04673209926955
357.11508072541375
357.14696548221514
357.1869299069623
357.4179627074981
357.4229701866576
357.474461591779
357.5630440509389
357.582393683782
357.6505647321644
357.8008720912217
357.8076384307208
357.8232048174297
357.82446247788414
357.8642892123429
357.86444260247777
357.9644881496432
357.9660609025812
357.9677096994548
358.116839944377
358.12652889009104
358.13206798864894
358.1394668153906
358.1794686531044
358.25627282760365
358.2793320388245
358.314710537237
358.3628533565575
358.3806884002048
358.4591609771533
358.4602276146244
358.47897699870185
358.53661260329045
358.5474689895075
358.55102376603145
358.5920500588174
358.6809607842175
358.7862440180498
358.9806938418626
359.04148202237513
359.04279531520604
359.0953660818536
359.10811662351466
359.2341474802378
359.25108074627644
359.25528858152137
359.26665674506046
359.3369194705196
359.3430403515077
359.35127428046866
359.4114741118136
359.42617040101936
359.45750187260586
359.5798391529733
359.6413904532819
359.6796474264641
359.7621466453938
359.81608835945536
359.8508739022864
359.8558802432774
359.88391325899124
359.8985605479082
359.9507870743375
360.0131126772707
360.0309193619573
360.03625597839107
360.0404156804542
360.12789074603444
360.1340384618379
360.1742264957766
360.18439569556733
360.30001444180607
360.3151911757925
360.36853014280257
360.4512676755268
360.4563404487346
360.48260538132587
360.5390239229956
360.5996920027907
360.6510451474165
360.673574659591
360.6948344284867
360.7020117401953
360.7270760261762
360.76012639635314
360.7642728889954
360.7874870407469
360.7964931296164
360.8438427938133
360.9387416283293
361.02091567323566
361.0268665641798
361.0312890274221
361.0616733642571
361.1337793298358
361.25455635317047
361.27339326022417
361.3229095724389
361.3512048600494
361.3941933555856
361.4719190971964
361.540737343149
361.5517261115133
361.7039794451841
361.7105540134821
361.7889226115452
361.8024913756128
361.8470084135688
361.8487569629669
361.8935983115696
361.9329794791084
361.9440731272848
362.0508627409824
362.0648898410088
362.067983606727
362.0769125293712
362.10524316418224
362.1367930300196
362.4001194434914
362.4246970466864
362.51840622472565
362.52965050613307
362.5806107735268
362.5960566633466
362.6939736398739
362.7021965388745
362.7167176916475
362.81672630061126
362.84787910823246
362.8771381668897
362.9002321598973
362.9395830741769
362.99164315482886
363.0069045499851
363.0267580498317
363.06215302282817
363.0952245806503
363.1426364063716
363.2005448225677
363.2073784210128
363.3090243089582
363.34137845092175
363.4576574943276
363.5060396349493
363.5396936970841
363.5635071504812
363.5694695561259
363.6025116457563
363.6208828288428
363.6943055002588
363.7065451285466
363.7134773251346
363.7281182779157
363.8349607590321
363.92079258180985
363.9307984592116
363.97253400695536
364.0036020562467
364.06424413236863
364.1550525156102
364.21018617871647
364.2333579662939
364.2448230618667
364.2674914846384
364.2675572824239
364.3128827047885
364.3434206140549
364.4129481860432
364.418696396488
364.4324680916244
364.53270821073056
364.5718087858376
364.60267090105225
364.621972126209
364.6431887093297
364.679340186274
364.69659923546897
364.8397279643288
365.1912146423112
365.23049751585535
365.2646258124796
365.33510349048817
365.41887242615695
365.4540671963635
365.4839651736186
365.4848925326893
365.4885544526411
365.5566899373565
365.6036279502623
365.70973679730776
365.73895896160366
365.87111715462606
366.0321174549998
366.05096457463696
366.0808225771917
366.15574674408026
366.1989278079281
366.2566965778691
366.3059160623532
366.3274996474634
366.3388136020389
366.3763492368787
366.41008229688754
366.41285411311605
366.49567072399606
366.5140054861114
366.5838567268781
366.6973300893702
366.73020742764106
366.7393557548683
366.7711878295625
366.8034163839278
366.80669690745
366.9060355774936
366.9931264906183
366.9985005732283
367.04841958802615
367.0861571014446
367.1083431343126
367.162042665388
367.18793334703327
367.19701820321575
367.252320595142
367.2667563248214
367.2667739677519
367.31616540398335
367.3272334225397
367.3474249433681
367.359147468591
367.3605050429052
367.3763248550832
367.43522021863686
367.5882204867973
367.6457218681679
367.67017660078216
367.6703463494828
367.6953863853536
367.7380147536476
367.74966611312
367.80701326673454
367.82676836859576
367.8387500949227
367.8733223969777
368.0124981990626
368.0356909411808
368.037007278404
368.04096505557686
368.04832867634144
368.0946270063741
368.1231600081201
368.1737350305575
368.19957629616886
368.2032681605779
368.2652385737153
368.3515065086322
368.36703225905217
368.3712697124544
368.38581329988375
368.44765859667945
368.48532778182687
368.50467966078656
368.51337763714287
368.5282789481468
368.5777097526811
368.6592834666599
368.7340510961273
368.76991631661934
368.7938768970136
368.8228913451877
368.8449687551723
368.86347557526057
368.94892490957113
368.9867389589185
369.01414334298767
369.1355861723296
369.1409143601832
369.1809942625622
369.20628365146297
369.216200777788
369.3762766719512
369.38433672624257
369.4455646119876
369.5111214581714
369.5197552046644
369.644691057783
369.6457490373534
369.746464940774
369.7869676066505
369.896977042358
369.9352933596119
370.0136231255031
370.0283939774648
370.0576266141891
370.0804597824554
370.1583792553444
370.2057266169742
370.2835395604524
370.3365544913563
370.4081608733405
370.41757936505854
370.4720044173768
370.5147340862762
370.5752005160799
370.5996019770353
370.69892093145774
370.75486062461
370.7795764543419
370.8265777936193
370.8579748959736
370.9132361628601
370.9920181602563
371.0067261229897
371.1037330090304
371.1079938008926
371.14856728558976
371.1748826617812
371.2845395402207
371.2992317284297
371.3671497925157
371.3701392777109
371.3762776565604
371.3988125150133
371.4524946176257
371.45923579630806
371.4771905421615
371.63252826367625
371.64069736070303
371.6628651391069
371.7952683514761
371.8106890652331
371.8112027959144
371.8839465000348
371.886326792061
371.9672260576834
371.9735878548882
372.027630992602
372.0350798310628
372.0802844708968
372.1267453975246
372.1577981620376
372.2154939065511
372.2651173075719
372.2885485015453
372.4430642398528
372.48744177347766
372.50119767131713
372.56224301660006
372.5699987975912
372.5952800163124
372.6995336955436
372.70957915237386
372.7338514444381
372.86409118748287
372.89853208340304
372.94096849107393
373.0234971301738
373.127986098793
373.1951168256593
373.25938438534473
373.2859404429532
373.30580541351753
373.3117907934975
373.3767105932916
373.4682793057467
373.5585740877172
373.67248661154633
373.8366819183951
373.8808763203545
373.9811437698543
374.0165695127267
374.07235697004734
374.0821407480896
374.084498936934
374.0996473122445
374.1204491289247
374.17172069815047
374.2861496672049
374.30339710781766
374.3683109613544
374.3814059451658
374.4447056460166
374.5170300923701
374.526673255268
374.5830735355215
374.6092547448996
374.6230527773512
374.6563668485717
374.7561366651767
374.77182950436526
374.7967661847132
374.8130436211387
374.821216089624
374.9140671027305
374.9419587184337
374.9701394223415
375.0466957498826
375.048715800932
375.0944220839695
375.2131891953593
375.2356840846833
375.2551748868228
375.25961144540406
375.4028471018693
375.4562826339831
375.65245835940925
375.6970971156829
375.7433179226366
375.778800035062
375.81662396986087
375.9990681812312
376.0742126187407
376.2277612213674
376.2413818182128
376.2624448280993
376.32439864922185
376.3338445998968
376.3522231292921
376.352780540804
376.48286322921257
376.5711259758857
376.59011332198287
376.5914856638108
376.7001385911211
376.7105078801732
376.7681591658557
376.7975400024399
376.8338152346977
376.8832007555286
376.885585353395
376.9000822177975
376.9964505985208
377.0020688629428
377.1336250830626
377.1429785845643
377.1448462822919
377.14977679742304
377.1710347331981
377.2772137178462
377.2860584857802
377.29932607094895
377.3990151601595
377.4579200028985
377.5556467310298
377.5738891198305
377.58557225776354
377.5939042471411
377.6270610977994
377.67148291309263
377.6764343117186
377.7119276640892
377.769412115226
377.7760050319055
377.8808975360482
377.9078667834244
378.0270202057277
378.0450413782895
378.0569602031333
378.19356445309614
378.21123896501865
378.2325483923352
378.2673886036657
378.28710444374553
378.38024489632215
378.46355056540256
378.476363972584
378.4954209806302
378.5933231407973
378.6989028975375
378.7289576179632
378.7577992835709
378.88278792276606
378.9301810472269
378.9333206442151
378.9777047711418
378.9902964247439
379.0155619795568
379.0184506387416
379.082425662472
379.08411221752937
379.10446851795376
379.1836424720473
379.2132127928223
379.26589962721647
379.2687004119619
379.33956966204863
379.3502566085638
379.52279688142926
379.55644024343394
379.57753443749294
379.590806819468
379.6630131111904
379.6650930660781
379.7764763601235
379.8472815222341
379.8787571834583
379.92057502773247
379.952452126036
379.979666390656
380.0298928870226
380.06526238636144
380.0805206318279
380.089829887688
380.1524549145914
380.1545777290284
380.1620337858732
380.1775636774393
380.271498672713
380.3170050509744
380.3692118643177
380.53872995131246
380.649498976534
380.6628519737677
380.664141353043
380.68142226451135
380.7282732590555
380.7558763974026
380.78784264011296
380.7922374145383
380.7963324132751
380.8524847776745
380.8661048749861
380.88402553408497
380.9512071678573
380.9678429964831
380.9832706739987
381.0052523262655
381.05759021427787
381.1252362188088
381.14090935232247
381.3204769233853
381.3321363661413
381.3442113540241
381.4319783584996
381.4463733247702
381.4469238160577
381.46199320459
381.4761389743183
381.54457505677385
381.5943652029813
381.6521268522965
381.72369348023176
381.7360655651895
381.7753406560578
381.8517062073429
381.8898108578714
381.9851567108684
382.0061739243414
382.0212936727345
382.0353649013901
382.093102278883
382.2187609468167
382.2356271411589
382.24545212753367
382.4049654362147
382.40785009593696
382.4298910249767
382.47923203170006
382.4990238811133
382.5196264773826
382.5391589214884
382.642480433989
382.680430336379
382.6860282655047
382.7144182317677
382.7387502341104
382.7640028696985
382.8159231677604
382.8688718983793
382.9038238817102
382.93352075275385
382.99152548704126
383.1094264883892
383.25166153387386
383.27592212103394
383.3155350051756
383.4597979845663
383.48786843989865
383.4980328160074
383.58961854031287
383.5945842233156
383.6512922648041
383.6558901266551
383.70481440793264
383.7154492040982
383.7683486342638
383.79171057066
383.794161597533
383.9089634685421
383.92605249107953
383.9369475736786
383.98045703867695
383.9926581856439
384.04013458836425
384.132912808226
384.13793125542537
384.14010390479535
384.1442158977517
384.2186602168302
384.2576645305164
384.3138914253102
384.3346705719765
384.344735927687
384.3919174963336
384.4297077162644
384.472627255641
384.6826211859224
384.7250940653213
384.7273064495869
384.79135919037645
384.8411608277872
384.88349336278617
384.9787071312857
384.9804843474358
385.1189359205954
385.1834061389161
385.2710083445663
385.2810958091512
385.377953103392
385.3885687092665
385.461933260954
385.5478722920658
385.5707664476288
385.59068019596657
385.6304607509318
385.6321643750148
385.63827938346793
385.68783350805097
385.6941516327896
385.7619313843591
385.7888214581736
385.8714198266298
385.9538933896109
385.9852522243661
385.9980856162632
386.1343574840493
386.14283047459605
386.2054331027368
386.2373488466976
386.2634944140779
386.26761176327057
386.28011862144
386.3280291932479
386.3464442481928
386.4246741195086
386.49150599849855
386.6132603612104
386.65571535436766
386.76453970930186
386.8054235053354
386.8619027811957
386.9120485709592
387.0109983219061
387.01617304183736
387.0913481904231
387.1073930580847
387.1922370686192
387.25084103019685
387.2517414027026
387.2637755528066
387.4314976445148
387.4626467983097
387.497385907457
387.5190857000952
387.5294136828265
387.552957685502
387.58164653246746
387.63263402353937
387.63327926352514
387.6850994951384
387.7311859883452
387.735687781983
387.74246291258265
387.7656063373172
387.7821770451483
387.8157092686401
387.82096577008446
387.8222179503325
387.838957847824
387.84517226922674
387.846342902421
387.9696001982271
387.9772769234488
388.0038027841902
388.0306849434908
388.0564188988351
388.0698280728713
388.10945127226273
388.2653687962985
388.2706317743183
388.2735862460327
388.2835877192812
388.2919143840133
388.3248644682168
388.424864898947
388.46093759492766
388.4641805196774
388.47047426130456
388.4971371790509
388.5297715339604
388.53193332374
388.5572881351647
388.5958613109717
388.6716120189488
388.7121600979041
388.7133963215799
388.7159821051115
388.72366135996816
388.8233796148441
388.8692328642522
388.9748623511061
389.0243582070784
389.0423052155143
389.1303505884624
389.14465669767526
389.1588407432497
389.1864655376613
389.2394648345179
389.2446168753697
389.25602897098446
389.3519046276468
389.3526303422334
389.361521438987
389.3698139217082
389.3775983014044
389.3993462924736
389.4225831248365
389.42411117733184
389.4663649409971
389.5352772115722
389.5834665160461
389.6656329840644
389.7996774800895
389.8110347339485
389.9805891906126
389.99455344596447
390.0262964148799
390.0620401144933
390.1334567180708
390.1494257319296
390.1517519482007
390.2999405655276
390.3269297590373
390.3559587884441
390.4098123071718
390.42591406964897
390.4336169609605
390.4367775220989
390.4579538812476
390.5829439425116
390.5855324394667
390.6865748319925
390.82424230746005
390.8523909704385
390.93297037384815
390.97699839213504
391.0178552577895
391.0434003142103
391.0619312352157
391.0671375866932
391.06909386740375
391.089095045729
391.0900065641717
391.0944074197805
391.10751734789454
391.11092849988313
391.1300221480855
391.15060316805
391.2269331822146
391.2862239602749
391.403595024204
391.4204131931389
391.4503141600682
391.46138345864927
391.48191593438673
391.5108101186137
391.58740589986127
391.6395984632415
391.6463973332876
391.685792721686
391.6898360979191
391.7079448119956
392.035563280348
392.053457650311
392.08986740457584
392.14531137505486
392.1614221201162
392.2084427211176
392.2929149385685
392.3215243721685
392.3362362817738
392.3729093322231
392.41565692017673
392.423243434558
392.47297638412806
392.4968055649721
392.544760190408
392.6336743308372
392.6489769162514
392.708684942077
392.71257604477006
392.7139043478131
392.7810693229812
392.8326348204279
392.9445046447296
392.9769192949655
393.0088382374352
393.01596681145656
393.0346068562641
393.11236674053134
393.2001556575748
393.2208465382737
393.2739561830392
393.3839594354544
393.4598923649828
393.5172542974586
393.5403994006502
393.6097922469893
393.6301309896302
393.7095905892368
393.7271182430995
393.7340646290788
393.7830108957594
393.7850278283644
393.9153004759589
393.9346484297704
393.9986146068263
394.0058145775637
394.2821505911681
394.31301792814014
394.31605037234056
394.3161151368288
394.4056601902954
394.44898774360695
394.4843365063117
394.58503889237136
394.6132745782334
394.6145673267954
394.6327972200157
394.6440813528534
394.6632719072597
394.6703440227882
394.718892949172
394.73910909525534
394.8054015016672
394.8182140165517
394.8753876719401
394.9186016581508
394.9594380003614
394.9634588682946
394.9763208558143
394.98459197401326
395.0214147076055
395.14610009109407
395.21538339259575
395.2662198464169
395.27031002128
395.2805561659712
395.2920185066278
395.3934025182148
395.4139855587744
395.4618699462327
395.5142655898112
395.6033776988041
395.6082094108026
395.6883337940524
395.71468852391325
395.8440837340648
395.88140280286
396.0249927295587
396.0508468881941
396.0690072292885
396.0909221177417
396.1329714869652
396.22752404732137
396.2863056159336
396.304411058434
396.3132428209828
396.3807808019393
396.43427029396656
396.4343685685683
396.471249525371
396.4955374918728
396.5281637554764
396.5410116170759
396.5445042647143
396.5693714846035
396.57144766926046
396.62192315098247
396.671259298517
396.6818245994328
396.7110919595346
396.7579187759338
396.765204180705
396.78962817190177
396.8493593775919
396.9105688373528
396.9251895746729
396.9546742232212
397.041253291706
397.0707794675381
397.14776289454727
397.22509852364834
397.3128062150633
397.4356174963996
397.44774475788194
397.4717144170916
397.4920344540514
397.5003899609742
397.6246814044396
397.6369543558951
397.7173662554347
397.7465295272182
397.8454410520954
397.9251953960482
398.0721683065372
398.08737130329934
398.1071022352494
398.1252042508194
398.1470695634857
398.1588131299295
398.2563054665093
398.2655886286445
398.2784843873901
398.3170075705707
398.3178779259425
398.33723779343904
398.40373300846505
398.43322172548886
398.4342604765606
398.51599018239193
398.7713767979736
398.78482592988223
398.7879534502884
398.8931810158133
398.8980954455944
399.05875581047184
399.08402621682814
399.0970044237872
399.1437576006446
399.27840636225307
399.2849832833393
399.3725140164827
399.3824738253012
399.3878558253665
399.3916409234175
399.428070841784
399.47427214786944
399.64971030590135
399.65657603669626
399.67973196761625
399.7032078540656
399.7727236433949
399.8712486457196
399.95630657729066
399.9789519599269
400.0308096639212
400.0385011017111
400.0944678347647
400.12472136951146
400.1695872722944
400.182834061015
400.2016697565316
400.24912328368384
400.2651142413955
400.33010827374966
400.3356827960958
400.381713409828
400.3889374474538
400.4204948323379
400.4953542179545
400.5607295755464
400.5690145514541
400.6199110664666
400.6358495213048
400.6513360157355
400.708683459206
400.7704377996208
400.8779677850652
400.8808148747629
400.8839211700604
400.92712760364265
401.0203581127265
401.0335580904291
401.0418307971119
401.04588920009286
401.0686704739008
401.08699444694514
401.1430304659543
401.1532220207423
401.235705432997
401.3091769624517
401.3579812573595
401.4095761669354
401.420922363291
401.4504766264109
401.45185974634256
401.5209386625795
401.5783193970102
401.64241475363696
401.6464423611608
401.73191600635
401.77160438701816
401.7787957179044
401.8110884217699
401.88530786264056
401.9428811151547
401.9603378965288
401.9774933621847
402.01046102944656
402.0965807659653
402.1478540018626
402.1956578346373
402.3074314961471
402.3813582419315
402.4551683491664
402.46865250999616
402.5011555829496
402.5532718370433
402.6386194379623
402.6465894153068
402.6935799865972
402.7840041902042
402.81011459049824
402.8282569976896
402.90296188444654
402.9195238159388
402.94879540520617
402.96708553336987
402.9879089068223
403.0252003615748
403.0980153059028
403.1371435476497
403.14446353786127
403.1459617278921
403.20816847270726
403.21406079412543
403.24886131334665
403.2726882501837
403.5119885768368
403.5341508162376
403.56956437933445
403.5923655569988
403.6620998948868
403.7226708414982
403.7667640567184
403.9513641256721
403.95165539027016
403.9755539596891
404.00710134170856
404.01856522110864
404.0991999914397
404.1230358724431
404.2140329337621
404.2258598551211
404.2636624943853
404.2713496280691
404.3035439399996
404.3270446066069
404.3312315270977
404.4048518098975
404.43869739904096
404.4674685265983
404.4938577777348
404.52874884660633
404.6724396796241
404.69962519162704
404.8034382414789
404.8072014034098
404.8419881713641
404.8701895262456
404.8906890138018
404.896195551456
404.9383997057176
404.9567011101793
404.968810079458
405.1330777653061
405.1681447131298
405.1792635422988
405.18074459836185
405.2595398699845
405.3345338723524
405.34817832554353
405.3691060633182
405.3878215362177
405.43714661959547
405.480224870631
405.5040918139793
405.5673852414353
405.57275153310286
405.731292510344
405.7531416321484
405.7825221380586
405.7932062139446
405.8521747583883
405.8698101113194
405.89842378246186
405.94158883996624
405.9554037454089
405.9589692194056
406.1159997356679
406.14212451613696
406.1676368069324
406.1903114453313
406.2782932567569
406.3559725922266
406.37165600380274
406.3792329022429
406.4316161124042
406.4379210866088
406.4933693505076
406.5005821860256
406.5161104918442
406.5249893272392
406.5387701293301
406.59845745360366
406.61388084726906
406.71985990295485
406.7256020888372
406.8029869464216
406.8325454466031
406.8653140125368
406.8840093840905
406.93069399013314
406.9590440688067
406.9730796778742
407.0695846633312
407.09745971095145
407.1910650329088
407.31598174320334
407.3452617931469
407.41728729455775
407.4361134570364
407.48487790145634
407.49612494894006
407.5691674130522
407.5843319159114
407.6770221531585
407.6803607004108
407.7857176357071
407.7958455610235
407.8865852923116
408.0719374833119
408.0781043227347
408.0909955635647
408.1378838657522
408.1436896431313
408.1755344769629
408.2012911348687
408.2629918504056
408.2985743728025
408.3103542305387
408.4313890225511
408.4361893285713
408.4719043023054
408.5252416814535
408.5641414297775
408.5862296026756
408.587384129495
408.6193841424184
408.66637701380034
408.6695069597138
408.738558659662
408.9138087464971
408.93826905324335
408.9807492558236
408.9912229992451
409.00298624952575
409.055467938469
409.0694064121561
409.07160095456607
409.0844997064032
409.12400945139854
409.13507585559415
409.2209212871498
409.24979148726055
409.31363506845713
409.3152900536683
409.3179306793328
409.31818927800487
409.4140461799825
409.4623218476303
409.484642538185
409.5818997164872
409.59307893018126
409.5988106177418
409.6244003125332
409.7098920631005
409.71141988184047
409.7400810314742
409.7672770565939
409.8125315782006
409.9927393924568
410.0186661954925
410.0294704795285
410.0611703463969
410.0845438938006
410.1201698671626
410.1282057967608
410.229758806242
410.2587412233957
410.28654275614974
410.35645777701023
410.3954382702209
410.4029842986661
410.448728365925
410.4670240035616
410.5396306284175
410.56049975561785
410.579476517807
410.6477140827169
410.6515834598084
410.74045347777417
410.7766900630419
410.8027948954184
410.84202350449766
410.8531797346537
410.8708708885899
410.8754041553115
410.91048353675785
410.94528279095033
410.9714503350251
410.9776457780935
410.979891204902
411.23663209182325
411.2526950098273
411.3068795284176
411.31808573902697
411.336130348508
411.3653356542639
411.3675615941386
411.4834894324374
411.49213648002575
411.53586210620085
411.5608582911162
411.5870428765159
411.6124798892004
411.6391028501411
411.6613736257922
411.71548563925785
411.75945998901545
411.9692935578049
411.9858223870076
412.06765807503984
412.1377493919506
412.1433191624531
412.2146229615919
412.2500757534764
412.3004424652216
412.4025684073879
412.5181946462031
412.5373434104419
412.5758969740788
412.58377696237983
412.60519392092544
412.6056260090952
412.6576256157811
412.90178212033385
412.9487642581278
412.9746557984709
412.9796765255336
413.06353563390576
413.1237161382283
413.1667094807197
413.2649981165205
413.414546842176
413.4414836488416
413.4459209944144
413.45329994220447
413.4592038269283
413.5096980570487
413.5288749015404
413.5326487511478
413.6910122503096
413.7417849851939
413.8062052511188
413.9293889846838
414.0193452883504
414.0468318362172
414.1092392649068
414.22599700584624
414.2383018008866
414.3377381232037
414.3662135720034
414.5398333736644
414.5950625533006
414.6402456940078
414.6803777868065
414.6855482190528
414.7191629562111
414.7284233440208
414.7569548836301
414.7778954980439
414.8612719277506
414.8819147289122
414.9204459945005
414.95432438786736
414.9572079183464
414.9952738616644
415.0911056518783
415.10146996862863
415.1446613771631
415.1980318039025
415.2461742627597
415.3513486583844
415.3582206190508
415.3838878651672
415.38574223372353
415.4680825754469
415.4995492412156
415.5113254434804
415.5143138839929
415.5251824017887
415.5909006385842
415.672638312396
415.69340318817615
415.74433066274327
415.7635745919353
415.82741129992985
415.9530824293208
416.1035055042026
416.14392850243024
416.1453279400823
416.2721851459184
416.4018595298999
416.45832486846814
416.4930891188513
416.6140621933331
416.7253694620193
416.7643495959276
416.7675209413258
416.77274994527374
416.79872503934456
416.8711573392968
416.92345520012736
416.9776633168782
416.97929280665664
417.0069817058546
417.202182771941
417.2027712335599
417.2333981027039
417.2425839150968
417.29174767279846
417.35711415412857
417.3830129356597
417.4226994891049
417.4402110706576
417.4658934608411
417.5384051292857
417.579552002414
417.594528247409
417.6484722028566
417.6517752312346
417.6657456963728
417.7462599925155
417.7584060263794
417.7737472053972
417.8201512929018
417.9519316925968
417.97009189654216
418.0574324719819
418.0982208429959
418.10824529855466
418.1176724431083
418.1281007802853
418.1292073546417
418.16223693941504
418.3249870697451
418.3526924344442
418.5921240609715
418.5962862464961
418.6148778863097
418.64734462121606
418.85534874282257
418.87789018994624
418.9531220231509
418.96455880955546
418.97470876214027
418.9974781666148
419.028804761657
419.06948423077495
419.1485888159944
419.2256190345847
419.2313734357698
419.2572572546425
419.2781059556932
419.3680018395526
419.39940794905766
419.5160355745976
419.5958786727825
419.6800277593165
419.6882018006906
419.6920891571865
419.6961158553345
419.7175571666999
419.7294128123874
419.7411383060934
419.779603842178
419.79513875794976
419.8428193210746
419.8522368055458
419.8671922494208
419.9904782249104
420.0316152391806
420.0482596515518
420.049052282345
420.0996482606779
420.1000900008126
420.24264650324176
420.2687852695362
420.296959627764
420.34157412462525
420.58124228902943
420.6499543076612
420.6717457655312
420.6999516017301
420.701310276496
420.83048848028176
420.9445594706832
420.9625921066684
421.0235609131879
421.0243098018575
421.1294979696148
421.131456432112
421.1340156439659
421.1541811026011
421.2975254389905
421.30261683249614
421.3095140869937
421.36710829186137
421.3787840402241
421.3965292522829
421.4086810437386
421.4198876499133
421.4405726447123
421.4469522386095
421.4597292172297
421.466521744887
421.5269151472393
421.63354182281824
421.6472698730119
421.681766610136
421.7018818546001
421.795439658548
421.853941992299
421.8725514997335
421.8805448358208
421.896809621528
421.9432921767643
421.9934207024994
421.9960832296146
422.0344641940794
422.0592725568684
422.059478644224
422.0706975655987
422.0754293900455
422.1631803965448
422.2249570742907
422.2391345728312
422.38957962672725
422.4297040073561
422.4382097037606
422.4427235699408
422.457909913992
422.6072932484013
422.6342923059257
422.6817066229204
422.7666727143589
422.852472559832
422.9332074015874
422.9443590813135
422.9710236570852
423.024884017376
423.0544034841603
423.05915011134505
423.08737097714845
423.0962709665236
423.1374788575144
423.1956417280456
423.1969075462426
423.2452181368836
423.2506609317392
423.2790686481394
423.3618374428057
423.4368129751768
423.48121584907415
423.55375149509314
423.6103633595251
423.6263955972688
423.6303973199391
423.666040286256
423.6691179428264
423.713665115704
423.734602857772
423.81430538338856
423.9537522666036
423.95901923397565
424.0250764453127
424.061301017349
424.0717114345999
424.1117933015513
424.1510879875234
424.1598888473711
424.1857623339886
424.2189782376373
424.3621921058967
424.4455310643519
424.5521194212079
424.5597416379186
424.56985927529104
424.57373771280726
424.595452083842
424.60994377089946
424.67630974491885
424.6786165885767
424.716501150514
424.7263248932942
424.7288607368821
424.9870499947723
425.0166592382505
425.0348091986685
425.0386265093776
425.0895161388173
425.12714124507215
425.1492620193771
425.2094635588337
425.223361667504
425.2274442646335
425.2853736559992
425.2990992370175
425.4770705078466
425.5033174327106
425.5099189900442
425.529683412225
425.5362394391332
425.70262113387287
425.7532461575619
425.7781429456622
425.9998180510072
426.041984072096
426.0575308213743
426.0770330202066
426.1112481116733
426.1124007747379
426.1520026555052
426.2179151056364
426.2384069002858
426.29370594045065
426.3675966390204
426.4196448669358
426.48022847668926
426.55501727791886
426.6243207428062
426.6477759505081
426.6788016098191
426.6984771305092
426.82988928449737
426.865433247963
426.9053221336568
426.9932412151866
427.0074417677744
427.0119076871612
427.0928199364056
427.2043867618712
427.2086500596179
427.2144432403287
427.2785077991402
427.29145013841145
427.3210034453396
427.3508020333488
427.372338793196
427.4450898454821
427.49133042636936
427.4967849434482
427.5032202032053
427.5098872002775
427.6041556818173
427.6224568647473
427.6542033390301
427.7203059917793
427.7359311169656
427.7455354843901
427.7502731111899
427.7824063629527
427.8957422164799
427.9341285220829
427.9846736749895
427.991069692968
428.0222144861716
428.1406827787274
428.2111580281057
428.29799611559343
428.3073343843985
428.3681702350199
428.3757230373896
428.4283883385776
428.43707637137913
428.5129675237852
428.5706645376688
428.5798827658048
428.6027601702945
428.68594501042594
428.6996405925293
428.7284296936261
428.7289405006187
428.8993864547364
428.9127337715887
428.9131703124481
428.93059514246585
428.95427221803067
428.9813666051365
428.9912942208484
429.00086641136176
429.06159045266776
429.0868837795624
429.12945530826096
429.1787060464478
429.2625994355992
429.2802551955656
429.3400767238816
429.385195418356
429.4283456208621
429.474806617816
429.49592157786026
429.5470145896964
429.5751203680354
429.6499234756257
429.7709641817895
429.82565359421
429.83778197385993
429.8422302507863
430.0320457841388
430.0530549212115
430.1072412771728
430.1141064496881
430.11625966861294
430.1163170600121
430.1199495758637
430.1271861166221
430.19643799013625
430.2249163710166
430.2389889938679
430.29829044669066
430.4005660552921
430.4077230987176
430.4864341815429
430.5065751819473
430.5511399457309
430.5793671322704
430.5980311977573
430.7068862283997
430.7242209915556
430.7252040753533
430.7276096887616
430.8181701393216
430.85572840377216
430.8558823579834
430.87234497122734
430.9584213685999
431.1193253745016
431.131650347325
431.1380754243637
431.2971058439253
431.3003551939999
431.3343482040615
431.35107778622665
431.42833870235
431.4329239524566
431.437947572399
431.4504612685101
431.4571659736606
431.522831368868
431.5347959508772
431.5642628573068
431.5655624873765
431.6035329030406
431.6839322952465
431.7404550138395
431.75835903619753
431.7912529958204
431.8073292562947
431.8131247158145
431.8522263570635
431.9056557301724
431.9242703409816
431.9402962828727
431.9444276746626
431.94945515124914
431.9775546455339
431.98059043394665
432.0031917172272
432.01195193665023
432.0440730311121
432.14988663543227
432.2430466489977
432.2661112817719
432.29269742835584
432.3041374084792
432.3707533391421
432.4522558730647
432.5100928196487
432.5491967532881
432.61987456955086
432.64891541117294
432.7489898118616
432.7599054430853
432.801439502271
432.8964486545
432.9567580075293
433.016893024206
433.077292196548
433.0816326563264
433.1164059654647
433.1599342778494
433.26961572140266
433.27527271906007
433.3213432233627
433.3421811734861
433.3556860232486
433.4767292280572
433.5296174197556
433.5408732228823
433.6612806133312
433.6716738575575
433.687910605299
433.750841732157
433.75249989747294
433.9008984983309
434.0139525335403
434.0815652877693
434.0869495846282
434.2719469982167
434.2757034578024
434.3163135571047
434.32774055279054
434.33865685516537
434.44450973730005
434.4716514175756
434.4837652511268
434.52247583987713
434.6159287482174
434.6634446272299
434.7076079525561
434.7398421246137
434.8112383432898
434.8141506269436
434.81812933671006
434.8329500354644
434.84787777127445
434.9618214861572
434.99215487370105
434.99224295037806
435.0955856703055
435.1333793125931
435.1874985713752
435.1973475036425
435.2827190980384
435.28434448948826
435.3218480028378
435.41885890370287
435.43268551919294
435.4804751841295
435.512422862578
435.5682059726941
435.611225664072
435.6870400495745
435.7332980231601
435.75884997288887
435.80862839346673
435.8617180158439
435.8932715711568
435.9291904710045
435.9387941940288
435.9599507861081
436.00999734239286
436.0627098453489
436.19679470873456
436.299443944315
436.413075590918
436.44334394010855
436.45429971958566
436.4578901391969
436.5363175124824
436.5921459572591
436.6246490506351
436.6565185777047
436.7602167316314
436.8449979193406
436.8874430350763
437.01222826349294
437.0707352736042
437.1088966025384
437.1446180832128
437.3320463764
437.3522817666761
437.3837976929168
437.4206367078022
437.423465947126
437.4852342847917
437.5212181900934
437.6056437205155
437.6674881049109
437.6713263004832
437.7135455076588
437.7171319343028
437.7318363205695
437.75714463324897
437.84645314715465
437.9165663897639
437.9228767298965
437.9304508700769
437.9486793716481
438.0803112537542
438.0898894077818
438.1066017903882
438.1174240192285
438.11911526705927
438.1342493776901
438.2170099794992
438.29359167295695
438.3446693931704
438.3475448255558
438.3686605750282
438.4098402351785
438.5321089204349
438.602221577484
438.6233684277833
438.7106174320103
438.7381022548419
438.78502873012576
438.7868955281861
438.7993854986912
438.81787687651047
438.8454143454037
439.0790691558914
439.1272109977449
439.12809790291857
439.1502542932764
439.2044213693608
439.216756178042
439.320384352148
439.3400190110597
439.3641422672258
439.4052439943528
439.44387905158175
439.4925335174895
439.5483467465205
439.6479376702555
439.7016315341487
439.7359116479536
439.8231443134894
439.84937544736624
439.8660486511585
439.90367424049504
439.9141828695301
439.94582557217785
439.9827141757871
439.9962068503652
440.0246880479634
440.0249011381589
440.0543671079957
440.2387447636792
440.2770546568698
440.28735842551663
440.4510293030868
440.5133918928584
440.5935604117024
440.6651640687926
440.682271389205
440.6841595601946
440.69803506302543
440.7218160890714
440.8416528968775
440.9807227665831
441.0045955654954
441.0147575005636
441.0449488566787
441.05031329217735
441.0813902074959
441.10994482999047
441.1628244809847
441.19486725614286
441.2744866745445
441.32254461885776
441.3875801300943
441.40606670730034
441.5080114153541
441.5292978790143
441.5363105686713
441.5562016554199
441.573071314323
441.5990458292334
441.65408157463065
441.69055164982615
441.7362374391358
441.7842486232988
441.78934846838615
441.9474144587645
441.9517549248638
442.00542866104206
442.07756872320806
442.1475950829363
442.1524629505832
442.4042944499589
442.4324842912114
442.5406299173002
442.60632769514064
442.64260833650246
442.7296468425696
442.7906871686305
442.9058294380934
442.9431444410603
442.9742594775492
443.0465008431289
443.0797828400724
443.1801115795268
443.2417302282772
443.2702606334837
443.27913746807815
443.300979041297
443.4159636401831
443.42293208774487
443.5236713034578
443.5440481589047
443.6646881285994
443.7708184395928
443.9609740825335
444.1096206831903
444.16253713527817
444.2434818025607
444.2638825265699
444.2819695577924
444.287352746323
444.3151904768616
444.3197266530908
444.33164289383694
444.36665929263415
444.4014318840174
444.4346372200027
444.5969776083614
444.6116215133145
444.6682499234743
444.73265782731175
444.7601765462798
444.7979525227851
444.81532222968514
444.856111138052
444.8943044003912
444.92165570702525
444.9521990314827
444.985436205019
445.0462371426793
445.0686707474853
445.0928333539549
445.15764537349696
445.2675017756765
445.296645879074
445.3073647583381
445.3198980189933
445.3386353659589
445.43504502966135
445.4937604146592
445.5145991858032
445.5705842752423
445.609192512271
445.6284929002302
445.71728785225775
445.8465797034429
445.8517001648266
445.908047381875
445.9992597473871
446.0517745641224
446.0539623082047
446.1576903753747
446.20107397970855
446.2142258989603
446.24268330153006
446.2518285548885
446.3333843786954
446.36414313890407
446.4255462848621
446.42943364563695
446.61504908231177
446.62675043442425
446.6280797311101
446.6578846141623
446.6748470742034
446.6784615574952
446.7417610640879
446.92776572592686
446.9325387470367
447.0072833307881
447.03713568310536
447.0562512025941
447.0634882386164
447.1535936419785
447.2154814074708
447.4761784027138
447.4824053438202
447.509991553162
447.5150901688916
447.5694448079091
447.8918003891608
447.9899862656617
447.99979124252167
448.06664727103794
448.0668048342269
448.12834192876
448.1320661885984
448.1899639793693
448.3046516695685
448.3374528334263
448.37513233511953
448.4191630291825
448.44665949010806
448.4794083381553
448.4869466332193
448.567572175468
448.6540013717253
448.6888447299148
448.70757203380674
448.8130409912659
448.83098416211885
448.91234136571495
448.923313693228
449.099982387764
449.1074899046401
449.11370290856553
449.1218921098511
449.1241454890359
449.1408288970823
449.1563024127249
449.17927631874073
449.2043745512914
449.2404637687343
449.2440898806242
449.3679214774031
449.3885939127531
449.4055276890279
449.4365181807699
449.45908858087137
449.57696849086807
449.6635804608351
449.69232699515175
449.69869557543313
449.7528366782212
449.8255557137157
449.8746009032937
449.88834668983736
449.9733068383365
449.9843895315361

==================================================

=== organic_matter ===
Data type: float64
Total unique values: 2200

1.003337922269687
1.0051495621635338
1.0103587987767262
1.0135505223405297
1.0310227940628014
1.03443993947727
1.0370879489545075
1.0421816862274451
1.0465451476663004
1.0482189720748183
1.050747468592599
1.0508770548252115
1.0547983975989674
1.0564141783000287
1.061488285898968
1.062429854016699
1.0663580567255355
1.0715680112887729
1.0828255895455383
1.0857357981999942
1.0860582463271964
1.0899159635120048
1.091073418920009
1.0925324953994249
1.0957187442151055
1.1038859824349625
1.104039945335964
1.108815526798625
1.1121813240684073
1.120510222551913
1.1226346124607014
1.123275620241906
1.129856704252913
1.1333539918115116
1.1365635331451938
1.1404350027543857
1.1407479394795246
1.1448052161569588
1.1538330760013102
1.1567672278962604
1.161099444786298
1.1670529693550002
1.171969895212413
1.17251688037859
1.1727777058013775
1.175085103251879
1.1760837129932753
1.1802005614026998
1.180529729765198
1.1813482525994417
1.1819446803398446
1.194118089971927
1.1951903792254988
1.2007251791652886
1.2017990819681237
1.2048419196419973
1.2065562640553598
1.2135070499086016
1.213871076964352
1.220154370379202
1.220703542092924
1.2207058551813796
1.2207525154702994
1.2276225973497468
1.230903918036667
1.2383314070899143
1.240644815077002
1.241607294139976
1.2420726896565475
1.2457596488975902
1.2509433219663904
1.2531178287238056
1.2581789315642469
1.2612962159319565
1.2663080251503462
1.272330613332756
1.278220659232014
1.2835124229095598
1.286929694763968
1.2909767978774576
1.2967160895827083
1.298272119330001
1.3036294844823653
1.3062412796793552
1.3076643952658884
1.3090863802542554
1.3092660917145955
1.310700463359314
1.314301915031724
1.3176951734269078
1.325845253330851
1.326478905904735
1.3295956163114628
1.3365686620541266
1.3401273681365595
1.344140889128729
1.3646291908135129
1.3683365561567171
1.3804447930054118
1.386371826519444
1.391766014391875
1.3967414520049983
1.400432280475421
1.4025280830112834
1.4063224928628262
1.4111762562105594
1.4123175373500525
1.413298621923211
1.414937682381033
1.4167656776265622
1.4228640212963477
1.4244773376562077
1.4383381802874893
1.4416871933951954
1.4443338642609844
1.4453703757831506
1.4463218319134223
1.4471587504560397
1.4483502508596755
1.4514109657922438
1.4536083030102742
1.457593507557051
1.4591231395037292
1.4615820591801136
1.4646507931219666
1.4652667351086182
1.4675158454856896
1.4675603472349363
1.468437255879936
1.4730410377284466
1.4736359362421825
1.4749737247687815
1.487316541368893
1.493327345421028
1.5094955318273016
1.5203979373611851
1.5244348057249075
1.5399400895889173
1.5458254697100964
1.5471113692062564
1.5530257142303436
1.554756978652595
1.5563274318628506
1.556831089549345
1.5605090304147795
1.5614187930812968
1.572693434480249
1.5731094840819644
1.5786048400228232
1.5807999947027942
1.5814922959725026
1.5847319028873834
1.586407904011544
1.5913425776662184
1.5916360204889952
1.5996140522008162
1.601384826761013
1.6066560905842264
1.6325832025301086
1.6360442871283665
1.6394300641299675
1.639757824131599
1.6453643975108208
1.645727398080517
1.647927074289674
1.6525507333498413
1.658430548187897
1.6591565916603892
1.662285212306121
1.6623864127392145
1.6624323928132727
1.6646682263047692
1.683145618841167
1.6883070937097573
1.6891462610302876
1.691293662969486
1.6916636269243086
1.6968176693227155
1.6981848557850816
1.7059432979616953
1.7119211169722952
1.7263230114163943
1.7275573518216776
1.7304186406525564
1.7307007586365637
1.7343297453139424
1.734952506599186
1.7356708014733542
1.7367079316017526
1.7370671632065424
1.74046581694294
1.741576779824213
1.7435717491639868
1.743894977004242
1.7447592480205665
1.7614305814339923
1.7695317893625044
1.773515703439831
1.775713466676372
1.7831109394897957
1.7845633388422986
1.787321456254477
1.791547617798237
1.7952618037915802
1.806217077941277
1.8143648596860775
1.8288906005972985
1.835565413096777
1.8357442620812885
1.83816746039426
1.8445663680715212
1.8452535409159283
1.8489564520902595
1.8548389583460048
1.8557467592590504
1.8638775523783688
1.8655918312830844
1.8812584659740803
1.8827884498348288
1.886001730409155
1.8876527078043372
1.8892128620285544
1.915891807528044
1.9170308287310047
1.9214001561947591
1.928670127110461
1.9347815994509892
1.9380396799265824
1.9383719004123456
1.940663617738732
1.944278144817092
1.946336142127029
1.9495754101805651
1.9559260646112968
1.9562090314633784
1.957987265238022
1.9597093087420332
1.961767823821801
1.964330878345144
1.9681381465168053
1.9685751029663736
1.9750399242878047
1.978030141671313
1.9791372467954105
1.9813016477587715
1.9831264184972164
1.985335032598622
1.9913254038628068
1.995847090284123
1.999976819904056
2.002890494104728
2.0069585760048225
2.020414046539497
2.024791790358736
2.035834728763751
2.03832234107195
2.041180424074371
2.042361929768016
2.045314014442968
2.054593533311688
2.056651290642166
2.059843118163005
2.0728169927355813
2.074244862327348
2.074794672021953
2.0825150516926465
2.084818748022684
2.096677800913018
2.102557598817891
2.1042390120694714
2.10592277076431
2.1099155779397702
2.1107097813758906
2.1188440022465618
2.124489139822238
2.1311217136044744
2.1318046566072923
2.133570547520861
2.135078374743898
2.1359791206643526
2.1360334567069508
2.1407430518478248
2.1408435114124127
2.142020928535281
2.1421991179394952
2.1423696708813216
2.142934390529188
2.1501301781889675
2.154198966694744
2.1553313603573248
2.160944282391657
2.161077032329504
2.165378716453869
2.1716721951593843
2.17605794976177
2.1768988819001738
2.179661978402418
2.1797677223210026
2.1835081036811514
2.1967021658099943
2.200394323565268
2.2029134070542766
2.2032986970045148
2.203888833790767
2.216153032529057
2.218286163969639
2.2204136583461875
2.221138935208067
2.2243540688799346
2.2267925402219277
2.2279379242233213
2.2295612394182265
2.230219092953507
2.2339431431866714
2.238405727159805
2.243975737709769
2.2485304549899965
2.2608344849229685
2.26174191791732
2.264156767016056
2.264515487202005
2.266358430532646
2.272237680830338
2.276128470741809
2.279296351926116
2.287534332759183
2.288411314584548
2.289837129881322
2.3172103907133668
2.3277365922955138
2.328197402775652
2.3300450196021534
2.334869456984216
2.335460172614348
2.335926174600433
2.337540560172008
2.338066301092808
2.3394109563618617
2.3409097832477466
2.3410663943182817
2.341656293802472
2.3532226533346066
2.3565205093486394
2.3570732927293525
2.3631330629197542
2.3667708969986765
2.367882777802868
2.369373620921104
2.3715055511692955
2.373305626777068
2.374012772166458
2.3748477860454758
2.379288954619053
2.38034516432312
2.387687198984419
2.3913406423202
2.396883578424021
2.399819997925447
2.41081046728446
2.4144018897646973
2.4221680193400434
2.426137392646901
2.4339983989857856
2.434757805727848
2.4385856988018517
2.4510699917155736
2.452806052527011
2.4811536288473786
2.48576548243765
2.486685723933532
2.4887360222467283
2.499690418509302
2.506324756457042
2.509372031536241
2.514791433556788
2.519905146189566
2.521669263174357
2.524754582480912
2.527133229632409
2.537508284503658
2.538648713960296
2.540245652344579
2.540372573126564
2.541833340080773
2.5432862758432613
2.545208556174425
2.5486233514651806
2.5495264723337474
2.5499244971222854
2.564396911650808
2.571329901487574
2.571346738464109
2.575532115910115
2.5771201356813056
2.5792250599552817
2.580833583452166
2.5818124859462848
2.5841719012644924
2.591764083351064
2.601890339800027
2.603252179611136
2.606474878980598
2.60769408371908
2.609035661949348
2.614872528659109
2.617698002580628
2.621242218992858
2.625693130482998
2.637351437067509
2.640648368077306
2.640846091740541
2.64256267663425
2.643244250981022
2.6434928257237456
2.647659583408006
2.6518020059753207
2.670690451669968
2.6718209508368536
2.6742102193299173
2.6744081232528614
2.680361960191032
2.686887062448016
2.688074360685721
2.6888545478662484
2.696790800705676
2.697424405634942
2.697532528386203
2.70099141855056
2.7017666772937403
2.70241589482054
2.7059173765699454
2.709760218482492
2.710678978084017
2.7167636081389457
2.716918368359814
2.71729765313728
2.7209767054791123
2.721206886248256
2.7268210496492054
2.7280096516060537
2.7296052968950395
2.736074565624937
2.748629066419663
2.755744736713435
2.7561361267997526
2.7576524573708188
2.75805852779861
2.7608346613183103
2.7648125900723537
2.766148119518961
2.768453551321115
2.7719447906836194
2.7744470428400043
2.775087902476876
2.7801573010201777
2.7849340760724783
2.791544240883138
2.7946141341626625
2.802286344947758
2.8063090301049947
2.8088038386097525
2.812278359766552
2.8152329263365234
2.8232673945691253
2.823956348100763
2.8243276018225867
2.830494856107055
2.8338382458735434
2.83791485985693
2.8410066857905307
2.854228612996849
2.8572932528071178
2.8606047983092937
2.865425093617887
2.8688470412931126
2.8698357838089
2.8723466516038494
2.8734546121485165
2.874093760243833
2.8785687512696008
2.878720402127975
2.880681776101782
2.8821566691499907
2.885249036019889
2.886499308278208
2.888362245534815
2.892880014908596
2.895421338884322
2.9001200135356258
2.901463446878004
2.9031834146767843
2.921236687365518
2.9231737408738847
2.939434078672868
2.9407617210917616
2.941953890435432
2.9426436364263338
2.953499534536744
2.964596839625187
2.966346475883461
2.977444233364575
2.9788455862889034
2.9796519112185127
2.980341530813273
2.9827260301467606
2.987938381696102
2.988959952750694
2.991973492846172
2.9999146111389887
3.000780450470375
3.0121941005710884
3.0231065186472112
3.026468411111301
3.026658083918364
3.0362445457527447
3.054852950064713
3.060253670188509
3.0673513539678803
3.0701632443847835
3.071545153915232
3.076114644590988
3.07933260277428
3.079517796655068
3.080484486764996
3.0880087384165917
3.089381987273313
3.1009939844083334
3.101680256497172
3.114193247584065
3.116208477313757
3.116471461937506
3.1194214845378494
3.1207596661021197
3.121394502259622
3.1239727335283933
3.1462509315044223
3.149633206476261
3.152548284596577
3.1621610283400194
3.163823251447876
3.164770027185559
3.178371540879528
3.181755889680254
3.184524687448451
3.1866846001678084
3.187829296101506
3.1897094180513594
3.192323345541473
3.19349397168311
3.203787816272686
3.203941446526437
3.208669383951548
3.224874876603921
3.232496516349841
3.237881082393708
3.239739204779615
3.243587863004935
3.2437906076985428
3.246225075939655
3.2481087816261347
3.253267295031044
3.255113075162396
3.2594768340407105
3.261230064907643
3.2707015974798037
3.274927669898056
3.278206564057909
3.282177951726664
3.287584989466832
3.287939301403511
3.2882216470282795
3.293886166008625
3.300031143922392
3.304826875573523
3.31150124492547
3.3122460650360144
3.312374645893745
3.3132409707557797
3.3193200378571968
3.320507894185029
3.332157965515905
3.3336991521250408
3.3402567324689043
3.346744793363857
3.348172736199058
3.3509635448773247
3.3627676814647547
3.3636210970702605
3.37206655013728
3.375452176327615
3.384221477244054
3.3894509451347945
3.3939878174708404
3.411257551730768
3.4137835856805663
3.42341749073929
3.427352404866317
3.428382575570432
3.431119672408978
3.4318479194479736
3.4349949448147683
3.439075166005021
3.440820108626049
3.442893940839815
3.444600193721331
3.449338253540801
3.458188801186802
3.4735865852206858
3.4765659547602974
3.481288673535208
3.48250227039773
3.484522073842711
3.487197732746554
3.494754945175141
3.497036636879807
3.497648945840512
3.5006239383357087
3.503217213705943
3.507004954965545
3.509343624454489
3.516676472381503
3.520928706245108
3.5276756830934155
3.533282528473044
3.540570376096724
3.5424640914603938
3.5427864233049835
3.5428000871505034
3.545555849801357
3.5456378341544306
3.5460593367695408
3.5492663410517467
3.5528309952909622
3.552977353389375
3.5616146697169304
3.5629031070467945
3.5672895611202486
3.568954441082209
3.570995569479205
3.5768913557038435
3.5790124732432576
3.585402074437731
3.5882861117206803
3.590525303563381
3.5918656231442765
3.600119913862779
3.602406293623916
3.605138801450135
3.60616371774761
3.609374567204117
3.61746393461332
3.617901302616278
3.627023972297582
3.638824712736032
3.644763752764966
3.6507575910304486
3.651611546213713
3.657955697277772
3.664391261787356
3.6652809715675794
3.6659894001058353
3.6708588720555113
3.67472458798142
3.67550561384366
3.6813012731424495
3.682255047114548
3.694539823204436
3.6976918985047096
3.69998278888429
3.705209348583125
3.710994479420271
3.7148188149785217
3.722230189667338
3.728589974641876
3.731983773548984
3.732395355357436
3.7407758494007712
3.747302982036841
3.7475816088492815
3.748354777866508
3.752811102969332
3.7545816397387712
3.757578539131919
3.759486597937904
3.7599811337865754
3.7724037573310696
3.7797553774641575
3.793205339749476
3.794683176281192
3.7988338349649418
3.814075766569502
3.818037927769606
3.831089865162818
3.831783911975936
3.831940698107392
3.8321816795298393
3.832925210937656
3.8384874454582665
3.84159934354228
3.846894053487636
3.849708705957164
3.853073081162577
3.860637799914421
3.860645576018089
3.862613625906442
3.863210501935004
3.8703783047229616
3.8729622757471502
3.876341580506856
3.876440498844548
3.885159959649005
3.885654009085365
3.896573103125083
3.9017389217755056
3.9090680923993326
3.909939612493895
3.915643952530767
3.919075712071068
3.920678375657516
3.923412629894676
3.925577399039941
3.926291112489052
3.932011376491548
3.9352307160006337
3.940238365811812
3.9405173164145446
3.9413545681230846
3.9440249650749495
3.944116906792146
3.948965914865975
3.959330534853915
3.9603879007253537
3.970762390066988
3.980204474980871
3.983515965106816
3.983581654526077
3.985567798864174
3.98933327701582
4.011070489191036
4.02439311489173
4.034119518122074
4.040683196425894
4.041363637254262
4.043798906552058
4.046969641764573
4.049705621882335
4.053199195555896
4.053686194410767
4.061761878039832
4.066302104353758
4.068531778380055
4.073651432951074
4.076402555504556
4.077329983806473
4.082531108788829
4.086805039836934
4.090074620843957
4.090801775363449
4.099136697793677
4.09934833693325
4.104704264912611
4.107909745784703
4.107923311533053
4.108874470165744
4.11318736520715
4.11430305005092
4.116215620399335
4.122411256881715
4.124305131155101
4.13418039626902
4.137592729944506
4.141147768764266
4.14333578131997
4.144689014658733
4.146056028363027
4.148439922778046
4.15075438326129
4.151222912077351
4.154018483836744
4.158232502709762
4.163335207559089
4.166017930877185
4.170761220736455
4.175852139267892
4.17996434585633
4.190237263395002
4.190594180836482
4.195284082618885
4.198836310710563
4.205619608621003
4.213637008856952
4.220940201478813
4.223864135743031
4.22405638094979
4.227668403247401
4.229277117008785
4.2311166570450895
4.231152880520806
4.2376470155858765
4.24170639150573
4.2463672030004735
4.252726370982826
4.252788210929097
4.256516055037412
4.257854167941089
4.258425854221295
4.262605739254374
4.263579466352212
4.267526339095509
4.284580359126355
4.285511109385019
4.286936211416223
4.292831893960805
4.293714527293529
4.294376069853428
4.29936277317319
4.299912494997331
4.303033422000008
4.307175336428994
4.311333351785014
4.3157693757291655
4.317063119118515
4.319519021245091
4.335658249427974
4.357710182303956
4.357972695646012
4.358217045629873
4.359266400005853
4.360636825269207
4.366096362170447
4.37062844026503
4.370984167639188
4.374038495571538
4.3780414407331065
4.384394726502066
4.388515720640965
4.391306634185138
4.401180132393311
4.40382497948817
4.405542851544904
4.418145675284098
4.428483981852416
4.428488420270796
4.432708265144523
4.438269860791205
4.444785569908624
4.452900535511214
4.458731055602319
4.458821384415738
4.460667301565087
4.4651282492677975
4.467042679252787
4.467365023408394
4.46972997760623
4.470175467745232
4.472672717247164
4.479488173631107
4.483171717945397
4.487539325509476
4.493367579564108
4.495260445117842
4.504569519073457
4.50524847018094
4.507961040377258
4.5176373435578885
4.519431539600638
4.525618118415284
4.527172622611916
4.543947035689646
4.549911215008955
4.551065766778282
4.555670903851331
4.563434130489964
4.563895742321762
4.567640039742477
4.592996797171095
4.593647019650798
4.595950250761159
4.596897956926823
4.598171295251497
4.5995278560711546
4.599840117844138
4.601718065136092
4.604244357318449
4.605787243763082
4.610375789148433
4.61309432041703
4.613717835618829
4.614830027656963
4.618156634145274
4.631461339409707
4.632358651620411
4.633586885293936
4.634358556027325
4.640238746835432
4.641116979602568
4.645756932635414
4.64800613414549
4.65996897605013
4.661984963631134
4.670532084776915
4.675713369494713
4.692630550808789
4.693911681664237
4.695821304347842
4.697056509827752
4.697437676902995
4.698816359205969
4.703207746661485
4.70365434126594
4.703797877840363
4.7101012390866
4.714071798484921
4.719268902845018
4.720354769209413
4.7237841787535615
4.729604373858946
4.733134384052606
4.734976408775425
4.74545611181106
4.74716782755805
4.747525614127909
4.748465461046923
4.749962158465656
4.759096931684615
4.761386660039561
4.77058540314957
4.77077048165404
4.772328614297107
4.774294233544552
4.776103425362379
4.777856305739771
4.784511628078753
4.784934121371961
4.790904205690039
4.7958284134777225
4.798338484512312
4.803794856713791
4.804550490024798
4.8046897641749
4.805309922062655
4.809273141377284
4.81013847255665
4.812143582589716
4.815182598917837
4.826780178001326
4.828964833623635
4.83100499038849
4.832714863950471
4.8469323795326815
4.849597883631073
4.852641176937873
4.855768308965072
4.856109122076338
4.863111583054195
4.863938863798946
4.874897410088316
4.875638659867684
4.876165257231532
4.879931019660453
4.880434146886413
4.884042465441955
4.886379170702017
4.901662339897946
4.903695084345505
4.907929732960426
4.909971703262595
4.911259472148124
4.925810774280869
4.927833957471779
4.9375135433387936
4.937593045300533
4.939745401220387
4.9411167167386605
4.94166353804454
4.9436028646781
4.9531026445120885
4.953177281453366
4.953195631470677
4.957044797430302
4.959474059786627
4.960442397012651
4.96189866187818
4.964124613131999
4.967753295665488
4.973672377758637
4.974977366355132
4.977231571593711
4.980442967575685
4.987546025694768
4.992222664186304
4.9936764112314656
4.996545250108882
4.996667305023241
5.00134330151204
5.0025093676678445
5.011290348657217
5.013319659517506
5.014479723361223
5.017100156545027
5.017660610549315
5.018341503913297
5.020543554857289
5.022077841085935
5.022820291476323
5.0304498265967466
5.036793551793523
5.037375790114838
5.0389558427860575
5.045427694048343
5.049645774695224
5.049767015491457
5.054603037725947
5.062420687881043
5.062467373820615
5.062599712264464
5.066455865382414
5.067315382080652
5.080115727781574
5.081608308320408
5.083744266596145
5.083791828018195
5.084611206021507
5.086627646753048
5.087438590623886
5.089879132858498
5.090063479532176
5.101994471824836
5.10418823591812
5.106708340896481
5.110229548141154
5.111341365333063
5.1114408101829545
5.116649990091593
5.118385270098012
5.123366713150365
5.12771682691161
5.1341826227804175
5.141911660547071
5.1479472015672
5.148700455292939
5.151268306515012
5.1542050838430695
5.15464513342752
5.157938844329821
5.158967527913977
5.167021690906626
5.18352257327826
5.183610483230737
5.188935254713487
5.191292845811836
5.197559446172972
5.202285434682235
5.216013699038715
5.217395888061986
5.218635730026867
5.219172619797352
5.221483058041268
5.226436901308074
5.254636730080238
5.254768635380155
5.268051691122307
5.274333424001637
5.275658090605019
5.2822752983622
5.289825012425604
5.29070969311196
5.300930895718105
5.301945095584878
5.302015968926105
5.312243033679395
5.316890644844102
5.3334569602926125
5.333513437293568
5.333925296728927
5.335701217564553
5.345179101455301
5.350897653031954
5.356498015130511
5.358479877765539
5.3615686838808925
5.365131182907307
5.367992171646964
5.372018034515619
5.373932968490006
5.375129377106358
5.378594805130065
5.378809010519477
5.387893738578066
5.391244189707512
5.393187162571111
5.402968184419812
5.40692368180777
5.407496563621576
5.408698897826524
5.412942836205235
5.413102640120094
5.4150591831722
5.416485126000258
5.417500347773751
5.418596982803845
5.428885364568997
5.431874500655034
5.432401316970583
5.433465769545952
5.433539466539919
5.43708127345178
5.442120884537088
5.442825239184866
5.445899020895337
5.455774175167231
5.456156936257829
5.45619173586532
5.4670209929278695
5.471524692998466
5.481284597057175
5.483977498461362
5.4842219398852965
5.500261723922966
5.5022715245822615
5.506651969878731
5.50922576933047
5.510576775151264
5.514181625544063
5.520647811516404
5.522106363309658
5.527089099084947
5.5279896765606455
5.528464580441527
5.530480550220615
5.5307925257107176
5.538018500451801
5.538343628677435
5.5387191846109545
5.542140943988395
5.542487017792919
5.54518954498311
5.553103255923066
5.555114912936913
5.559056159769827
5.560818397039792
5.561190995086831
5.564829835684749
5.5736279176939805
5.573705502859079
5.575175369809854
5.582075950204377
5.584262872685959
5.585797989263456
5.587580089705948
5.591420214879972
5.592807401309599
5.594179131462967
5.59472945569696
5.599919189589377
5.606794550628744
5.606925534605312
5.608619681497929
5.61108637756993
5.613081019408456
5.615047121775154
5.616012667614688
5.623231912882943
5.623478932786681
5.628031564274114
5.6302071582870825
5.6381706484143095
5.656166490407234
5.675302324647516
5.678531006017132
5.6856838406539625
5.686842209432004
5.69317678348879
5.694371470707981
5.695483977278562
5.700917639637359
5.703315712445146
5.710090453010161
5.710620665058844
5.711948512456132
5.723811028374692
5.731886623813362
5.734523032741364
5.737878708329387
5.740019822028858
5.743174968767658
5.746119021266241
5.751031984818836
5.773249150206677
5.776348680904549
5.780389747461326
5.780798200037314
5.781025588047305
5.785821528686622
5.786553038348169
5.797137148817807
5.799886960720507
5.820814209109331
5.821035325996104
5.822046061428948
5.823237578048962
5.827118590714913
5.832870126857847
5.836857867808051
5.84110010299529
5.855922741927069
5.863683741506208
5.864583435058228
5.865943543700374
5.869718048404425
5.88693124031704
5.892073429989431
5.893271831813116
5.895681912458212
5.8992461137105945
5.902645193054866
5.906657077143388
5.911817507142141
5.912718579305849
5.922931530035967
5.940236384627302
5.944345804867277
5.945108745690581
5.952679051463292
5.954199019964379
5.958483178119839
5.960430291189909
5.971270844370167
5.972307285777767
5.982346450055076
5.984215910537722
5.98443737789419
5.991302252355313
5.991411682395984
5.991943934763735
5.992741677348981
5.994470645424461
6.003239505117515
6.008998996760948
6.013797166523013
6.020797971168634
6.022753528950439
6.025939064501026
6.028935973872074
6.032880342873202
6.034790470180624
6.035312524317499
6.056725288855371
6.0595358504597785
6.063193872583486
6.063635782609917
6.064131615259199
6.06728532238868
6.070042779991108
6.072254754974239
6.0740190360412045
6.081203706903107
6.081613993988652
6.085384098201592
6.088037386347792
6.103912941643716
6.108061461286077
6.118478342895687
6.121328423947078
6.123245865448629
6.123651614868954
6.14063048592668
6.142731061098618
6.142806338720238
6.151484011982912
6.153485072967357
6.159247571743864
6.160676196620697
6.178929217705724
6.182380090370091
6.182512638054062
6.184190584365346
6.201465171267159
6.204922288756691
6.207398404685215
6.207797843565917
6.209082053990619
6.209932244437648
6.21325366863047
6.2153359496898055
6.217705616398856
6.218029999229503
6.218240962356194
6.221452094595055
6.222592932148673
6.231629077284575
6.234116023415303
6.243353215931169
6.24735977626606
6.248739520014743
6.2501029305235605
6.25128424837692
6.2513514609607554
6.262045734707961
6.265930772398644
6.266938412264151
6.266976310580807
6.276372468195617
6.276861146759016
6.279669873102464
6.281998363559654
6.283476894869647
6.285865703210486
6.286496728226956
6.287436117170946
6.300996280001526
6.319000642195205
6.330618213080838
6.332189619128233
6.333717521213631
6.34539612439254
6.348511003032453
6.351260892520663
6.352370792037157
6.3562475253121375
6.370378060303753
6.371646142876879
6.379016067384335
6.391610485124865
6.400409456622779
6.401624076069764
6.401993710119095
6.405026613263242
6.409720868261506
6.415453096399448
6.418925587904132
6.419037989361491
6.419780586046405
6.421474607999091
6.42222247707992
6.426294756440868
6.431280058274633
6.431777015677185
6.433390896154507
6.433763475911404
6.43622664059352
6.439147802351083
6.442526438876141
6.44599870645958
6.448828397710349
6.451714999786911
6.458582998782504
6.46232154001593
6.474478096213587
6.48257464676545
6.485329273851615
6.485464692601147
6.489729198381788
6.490102725461301
6.493201871906988
6.493816722144114
6.495439897637864
6.496361727723572
6.4969772483720005
6.500697335901975
6.501549941814209
6.503828377311431
6.5045155878160825
6.522792197681198
6.529453236102452
6.529916273747172
6.5549251413833804
6.55541426532938
6.569731440223268
6.5712565836006895
6.5774494095024965
6.5876954379564205
6.588507225997976
6.595151563930153
6.595306769687665
6.605467721607468
6.613028074714131
6.620653760993394
6.620878441116255
6.623372603539079
6.633508415048315
6.637538916676462
6.638963800079786
6.646557313664252
6.646926257444949
6.647956323883029
6.651037657528395
6.6541564946165135
6.65731665202184
6.670853814245111
6.674222806735619
6.6768228384878165
6.682388313251266
6.682422762463133
6.693698181731581
6.695144712226781
6.699793444836184
6.702638485310747
6.705408933945247
6.70681604919974
6.707536762907776
6.708921807696146
6.712049293063654
6.717954629661662
6.719291746197753
6.720948590811908
6.726378685561305
6.7332293521812
6.739199806520464
6.743247949553963
6.745932746829426
6.747449450188395
6.751890788767515
6.760240468982643
6.762449449647546
6.762815881966644
6.765523037418564
6.767524913487785
6.767865610498864
6.770849112113359
6.778424443821644
6.780455562809036
6.783038538433298
6.786972148930851
6.796996860963593
6.803641433200147
6.805410542117871
6.812937754161568
6.8130367402479415
6.815284278482407
6.81792384978133
6.819827787827926
6.820278828977285
6.831260208833757
6.831286017551865
6.83264075429295
6.849496257352614
6.853570360196736
6.856893643644829
6.858904794367301
6.87013604898682
6.873719327038133
6.880011552668389
6.883416201360504
6.885490978766973
6.895821423792727
6.910347464769371
6.911860841091031
6.914028064959028
6.917189860104865
6.917806231919146
6.918472121701261
6.930698556045506
6.936689181790468
6.9422815465434295
6.944161684202751
6.947465462344696
6.950395145057668
6.95444629128521
6.970662109515863
6.970765885562602
6.972058538748989
6.984264351462168
6.992197099951964
6.992504467903647
6.992863044569792
6.99520526570196
6.997207550868217
6.99922502348349
7.0002545963959095
7.002538825322334
7.009360662542389
7.011804520697462
7.015706358179632
7.017896366273345
7.023729731116315
7.029844640440521
7.030883615149051
7.031637447651523
7.035000808853337
7.03801243440927
7.0427733643497445
7.048745204077591
7.053076400775706
7.055220948922785
7.056214001901947
7.056425513641589
7.060451134365646
7.062958727067285
7.072003085363502
7.072278370548964
7.075779050429993
7.076989479594747
7.07900220686989
7.090399879050168
7.091102750949109
7.091390424607422
7.09338449705408
7.097685324427192
7.098344554741495
7.105378195397041
7.114980253269617
7.11717116720989
7.118478301673552
7.122700167611304
7.123659848901249
7.125961150394913
7.127845484957718
7.131052626309331
7.132663443718712
7.138210997826638
7.15158658072494
7.152591915249997
7.152925276244309
7.163423050624006
7.170747632275008
7.178226476036309
7.185595573512529
7.187704113845516
7.191391591935223
7.192034852598315
7.1922562698004135
7.202816295930529
7.204210577236569
7.204964914929031
7.208279182835694
7.2086334904446545
7.211427927417553
7.212928234778993
7.215520273330089
7.218775284520737
7.232329331053059
7.232966499739604
7.234406108355488
7.237875249463322
7.240201948003007
7.240395766392195
7.241953737271924
7.242635841534607
7.249114539791023
7.251225433788187
7.253802562223287
7.254118372763572
7.254939696871271
7.265497884825528
7.270209975982189
7.271328271850457
7.273742513464672
7.276744767592439
7.2817122156223055
7.287522466873409
7.291198665003789
7.310568444434592
7.3174679087956305
7.319309478237056
7.327951956865402
7.329607316752662
7.336082733543491
7.336677734280704
7.337118380898586
7.338427891294119
7.343510048139393
7.343624061381707
7.346606373702374
7.350693924000186
7.361593647872302
7.363523664420048
7.3726710345678415
7.373538347854294
7.374192756996922
7.374535241385539
7.382527541925609
7.385627805040875
7.386698908572576
7.386713056513713
7.387340726592608
7.389915833434773
7.406696247023722
7.410568087358063
7.417555386326712
7.417834013024693
7.419163032875788
7.419260549313163
7.420667728414605
7.42526349465857
7.440189127622578
7.445109092493055
7.459031045433743
7.460449893967257
7.461516330190708
7.4633591120692735
7.463924406158924
7.463935004455667
7.468823608217285
7.471551355793187
7.479056987422591
7.485819466577953
7.487938255205838
7.488783633732893
7.491005407145096
7.491014159146264
7.498809617663081
7.506281103953085
7.511357096390567
7.512536459483438
7.525397644638131
7.532168623666116
7.532371755308842
7.533527815604889
7.53403387068593
7.534615691431686
7.539755744879675
7.539780823844976
7.545382620232643
7.549278946386543
7.551087624290965
7.564046966222799
7.568199070044663
7.571832587639098
7.580859339817239
7.581773117719541
7.584044295156777
7.5892258338961724
7.59498587380866
7.598530598745731
7.603244919449663
7.607617349699039
7.610028300297993
7.612079525024436
7.612303978595492
7.613266290138664
7.622463789576448
7.636493633259607
7.637829565488534
7.639771342866624
7.640509255123416
7.642429161247153
7.653834022489334
7.659274996695711
7.6608800139634
7.662949766429506
7.666731264334597
7.667592901456899
7.674012168842182
7.678046358918431
7.67850428199606
7.680509515846121
7.681152597712535
7.684275746046994
7.686282485746422
7.686820021283655
7.688826027694844
7.692059939499588
7.696929150821766
7.699751399011879
7.705392048729591
7.715514386878776
7.723628885147478
7.725692891917048
7.738915752519131
7.741397000539391
7.747109266976485
7.760505860034132
7.761244933785096
7.763379453224758
7.763583681282601
7.765241570267472
7.772412350121893
7.774405830286413
7.776503450647754
7.778507643858717
7.778894115907043
7.779835713220713
7.786182018755541
7.7892620144999585
7.792042020666548
7.794219005255698
7.800092388246922
7.802801491902769
7.8060160305005475
7.809220331832718
7.809306664385367
7.811191525128098
7.815785446443787
7.816589136829344
7.81983630892144
7.825347272878908
7.82880080217106
7.830391402220913
7.832591130601337
7.854175747491036
7.858590562339093
7.861572589606427
7.86238864701007
7.865002613823242
7.870700526982329
7.87537917555961
7.877867227609075
7.890303208779609
7.89188269914041
7.893359729994192
7.894192161073087
7.900318350468376
7.903640036293845
7.908178584669154
7.913993375279732
7.916605211107285
7.918439594485177
7.92593638663964
7.926112389978731
7.934085643947292
7.934945897236288
7.936910590489785
7.938710883539316
7.938921330620739
7.947931521547467
7.950500850109946
7.951117757939804
7.96086524570133
7.961942493640746
7.962657276686905
7.9696037959651
7.9765460438031965
7.978737149951488
7.981198589257493
7.984621115435975
7.989159229127943
7.999526207771023
8.006953864635022
8.008564755023752
8.012997123792033
8.017029518865794
8.025651540584414
8.029519026462346
8.031681659150008
8.032944307166947
8.035049627234114
8.035496694272082
8.036079677972126
8.04043282762039
8.041345495744707
8.048016731838128
8.055024166004337
8.059020382757954
8.070870695467832
8.0764411364167
8.099101928366357
8.100617380177466
8.102974756019195
8.104929796744013
8.113062130141323
8.119511928465847
8.129205417413557
8.13033509426549
8.13338610409476
8.13439464369839
8.13542911453765
8.137254880064633
8.14045261132587
8.142762659599157
8.14828106310998
8.151395236938576
8.159204588362776
8.170814999508394
8.183942202302532
8.188351286579607
8.209662804245049
8.212299479078375
8.216576162766309
8.219436947480073
8.2230605000939
8.223448560837326
8.229213652997597
8.242842977536945
8.248410306883107
8.252349438205663
8.252554374619912
8.259090493343354
8.268540843181574
8.275411802198768
8.276828900517847
8.28326825402684
8.289147416341635
8.28943947037218
8.290345462926442
8.298089778649647
8.300831404175232
8.304706474922893
8.313992460509617
8.314314338045156
8.319157844477353
8.321196329223717
8.321419633984124
8.33050988302454
8.334702710487006
8.342449188934314
8.345998421077478
8.353611243907975
8.359886673614453
8.360252482739533
8.371270672689072
8.372990329548342
8.374056204502335
8.386367017874296
8.388763233400805
8.393907171864402
8.399343299512463
8.401641427601552
8.401675895564635
8.402343278817686
8.404334245212892
8.40843928213271
8.410889148419427
8.410945628340926
8.411286778320967
8.418055439114934
8.425970755263307
8.43296945919506
8.435835337019693
8.436483220336374
8.438937607669763
8.441332715993141
8.453087186021335
8.453876561532468
8.471443713043529
8.471825889652436
8.487696549685722
8.492168647316173
8.502650509760787
8.504917297828268
8.50884732939286
8.527743639802813
8.530714437243448
8.533257433131435
8.542185369526404
8.548523896934508
8.54902951580384
8.55056918740796
8.552554423415442
8.556879435010451
8.563093804014317
8.563344115067382
8.565270869918454
8.568352691783055
8.571635824099062
8.57495743789919
8.579635315418768
8.583765283529544
8.59041779106591
8.591694555751893
8.593841230060736
8.60163353359939
8.601798474665546
8.60510468170322
8.610899420893688
8.617960888934881
8.618869860363159
8.624379900298386
8.626819416077272
8.628985493296632
8.630685339710386
8.633899475658115
8.642639870580592
8.643223232367767
8.6460300788549
8.648942117140823
8.649918777709786
8.652178274706053
8.659881716344454
8.662691299114757
8.66441275661731
8.665868569799166
8.666025086148043
8.670186216139424
8.672049259031706
8.67295390140297
8.673550763440826
8.674493303581857
8.67648678749785
8.679242146316861
8.68193854197115
8.697286392109516
8.698565438470917
8.703555589340887
8.705518065479506
8.709818720814503
8.710450464452705
8.719099950312973
8.72156033183487
8.731969679665411
8.73373455899779
8.73997196714627
8.740819600198664
8.745087331215563
8.748923931901139
8.75845417057526
8.764136830392598
8.76577843751461
8.769848378830542
8.77023963686544
8.772105460548104
8.774174910090501
8.779319087217802
8.784357098673777
8.78874097701579
8.791931589783106
8.819933673958825
8.821774607066256
8.822208409798417
8.825775089728321
8.826688210121965
8.82953222632951
8.830728960574737
8.832227883615587
8.840153815512029
8.844218421473037
8.850615391268795
8.852485971004233
8.856081603957097
8.873144890005161
8.876126817210217
8.890250732296316
8.891255748517732
8.89300630040144
8.89331473980176
8.900399880948605
8.915273023719175
8.916261573075296
8.924681315281795
8.930473392105004
8.934076932532399
8.940130057945872
8.942793901246446
8.949744370304002
8.949847051161699
8.951496714930467
8.95327905545188
8.955251938936522
8.955802673708687
8.959053347735628
8.966918357994103
8.967959669057652
8.973983699727167
8.976531730207482
8.977993989151095
8.978364104809648
8.983904296848353
8.985826085051984
8.991706634831914
8.997240622298271
9.007977687485855
9.008981965205814
9.010799635299277
9.01186360632046
9.012403832897608
9.013009544722385
9.016377741120367
9.022721388055322
9.028791249236892
9.032898780909
9.035216619470686
9.03584021230964
9.036034735995337
9.036068298521116
9.036817289710042
9.040013385591829
9.041922104418411
9.04387955399735
9.054292199110408
9.064114726747224
9.06822527203353
9.068331969319036
9.07679090438356
9.07797299695461
9.084841755288542
9.088694148318243
9.09043841303276
9.090789724056382
9.091342681635734
9.10404923306351
9.107231414495246
9.110038220829544
9.111232868530433
9.1137955145022
9.114575768465874
9.125224668885872
9.12541851147823
9.127032084325588
9.131122698029502
9.133904216544106
9.134486155608696
9.136524921505185
9.144692149246444
9.14554523917223
9.152760416666991
9.153942291836294
9.159651491370374
9.169777905327692
9.17880646380281
9.179226528254352
9.183517130861276
9.18733085761202
9.208335246905436
9.209966342708796
9.217875178450036
9.218050237827851
9.21862278842482
9.223834826876638
9.228068662016668
9.2362819167225
9.2404749631236
9.241203703454987
9.249272351087152
9.254137836951292
9.257502766645407
9.26126035445728
9.264236972939036
9.26844929559307
9.269256213550255
9.273580107102832
9.278308559951308
9.283973810705184
9.284903975541589
9.290833683244204
9.29983812110335
9.300187427365143
9.302335437558048
9.30588822745528
9.307500944861644
9.308117935977796
9.312911851010073
9.321260818615375
9.32175524470922
9.322689539791348
9.323514852028191
9.324581466058012
9.33059421892278
9.332691474228236
9.33354619218928
9.33482433215969
9.339148192728784
9.345113453773006
9.346502114619849
9.347480667753915
9.349070545091744
9.3520986282443
9.354324482009924
9.357082804345456
9.374167451791369
9.377079677854862
9.379368392579806
9.38755779624438
9.389334451498408
9.390835482314175
9.393009250160304
9.393052040448444
9.397210307914763
9.399769903758653
9.402403445699733
9.404974771471563
9.40556477988647
9.406392646116164
9.408521934996944
9.415375957931223
9.418732172400192
9.42513701527976
9.429577497926854
9.435198362659824
9.438511266559807
9.439411608783812
9.441157267760392
9.441555378948523
9.441879465338175
9.446816909302862
9.4481696822315
9.448286237607052
9.44856613376591
9.450640968771255
9.451805466081062
9.453363503341995
9.457081057289916
9.46906696224253
9.479764546641643
9.485953231011878
9.486207446286786
9.501114988650995
9.504703403549604
9.505791216886305
9.508041913375555
9.515966979663878
9.52141924306254
9.525805419895788
9.528817072091543
9.552020013630946
9.561597632178763
9.56837597585988
9.569986385359094
9.576864099342774
9.578323320405744
9.579262264464043
9.591580621272378
9.592362938734423
9.605752222904432
9.60990064731802
9.6120587774359
9.61608337455316
9.616125223275146
9.623038817054168
9.62648803047828
9.630145044867614
9.631558731083732
9.636186259991716
9.637050283518512
9.637916965207218
9.644479873220307
9.652687966776272
9.65620240561114
9.656784904016089
9.65905136443818
9.667150129250674
9.66793590124952
9.670698253417966
9.682291487971431
9.684244699772307
9.684923032163953
9.685597516954669
9.691940499614397
9.695467732223031
9.70238467132262
9.70673253832476
9.70703920501114
9.711797807054229
9.712236543802783
9.713981867311643
9.716501139302675
9.725134715758282
9.731649307706563
9.736556900052769
9.73736174094327
9.744896268021048
9.757099236524024
9.757850622065066
9.76133822014606
9.769024484976974
9.77061463527822
9.770668477688606
9.772643021617917
9.773097176584038
9.779439333088275
9.783091025739251
9.792096309984684
9.79535812948036
9.810546937416392
9.814070819436676
9.81505971055905
9.818073923291143
9.821364391687451
9.82331327459374
9.826030445070014
9.826969284904813
9.828679122892131
9.8347622556956
9.835521220839937
9.835765583622347
9.839765672676334
9.840912677984292
9.85392327296059
9.85472497317278
9.855034058441223
9.861717075859454
9.86737834267835
9.87852468370304
9.896542001003835
9.89933243961977
9.90187819986832
9.904854957732908
9.906356957512898
9.908473573708982
9.917378998527436
9.924951777926776
9.925365521257197
9.93485357605481
9.936981461252437
9.942528818910803
9.94491866946698
9.94540873529359
9.94856375278071
9.950583145807352
9.957045678380066
9.96243899295224
9.968953928627243
9.97077940130214
9.973918015413116
9.98112927450739
9.98903778133353
9.99243875952363
9.99280222597621
9.996494756977654
9.996560281828213
9.99999015034425

==================================================

=== irrigation_frequency ===
Data type: int64
Total unique values: 6

1
2
3
4
5
6

==================================================

=== crop_density ===
Data type: float64
Total unique values: 2200

5.004340767425479
5.006916159749311
5.008420799267784
5.042549847623982
5.051375583343425
5.053442809642982
5.067141847034413
5.070293203318788
5.072500815542467
5.081397657201462
5.084484877617874
5.086447882270382
5.091293663169117
5.113985611369592
5.117686057188358
5.119143674990672
5.120032545129725
5.121105741765044
5.124925128219728
5.136479448650119
5.138515867656392
5.140515336551182
5.149003838578972
5.152325825186536
5.158685708348761
5.1687481476634805
5.181299304564206
5.183824357892965
5.190790374351771
5.1944866892726616
5.201145336322493
5.201428788189604
5.204122428064978
5.205741193830994
5.207192961491851
5.220482308825394
5.261348665063728
5.26962877095298
5.273845335687605
5.28313780163118
5.284084232215516
5.2878802757282735
5.291855032584359
5.300027266792263
5.304437832189704
5.309411245547835
5.332131250918137
5.346366304189206
5.352734210300366
5.36289892832429
5.367593787991231
5.368694876503923
5.378781001946435
5.386530687181983
5.394924300745588
5.402425966924702
5.407176816711667
5.407246224312809
5.408733667279752
5.413359727042585
5.414770671610774
5.428441060440491
5.429196509169849
5.445247487247115
5.450547799159866
5.455793986187772
5.461923401636004
5.464154838674412
5.468290255812319
5.4727001471613175
5.484538541649057
5.487048847995643
5.493859357593379
5.500704440738595
5.501491884920891
5.511130495515904
5.519763549834372
5.5423792205635785
5.545100233843027
5.548701761496407
5.572470770081403
5.575001624572456
5.580136797569292
5.598452534399535
5.61381978366978
5.614339780200821
5.615677243366121
5.616544199771487
5.617356749166893
5.617528391220695
5.623301400882795
5.625841727264945
5.630244658003872
5.63107686813183
5.664810725997242
5.6694268404667545
5.688996591851321
5.694703592205469
5.704819243892765
5.705618739932875
5.710080187805279
5.710802946199851
5.712658741012413
5.724663012476134
5.724691157944489
5.726596281939259
5.727102920388845
5.727882794717728
5.732479676605217
5.734388528682154
5.736138588625649
5.738641538938908
5.741850218873673
5.746376412601678
5.778014622307045
5.786801774029764
5.78881231493316
5.7933133349089
5.796895313422025
5.80415584514136
5.808709625178518
5.813607725040022
5.815317245626514
5.815847806346584
5.819710634487638
5.828097621736742
5.832684267954753
5.835193338661812
5.838973087826488
5.844103097052975
5.84610629395161
5.850574917101877
5.861486327553763
5.867122527803165
5.875869792731601
5.877847599425198
5.878450604102734
5.88138290212627
5.884098929968645
5.88551590633209
5.886138622888223
5.890130803357259
5.899801342925024
5.905922959828323
5.926601651596215
5.9270930847093
5.932516771174222
5.940711317773674
5.9478421724018
5.949172376027609
5.958716120730546
5.960392000092261
5.9612437187659015
5.981973777214476
5.997505240214519
6.012772304163915
6.013455775344818
6.0190532867932784
6.024622352933802
6.031491887413884
6.034845277014539
6.047475623132928
6.047528012366456
6.054194949761598
6.055513381601188
6.077036955993403
6.079580245001063
6.082107050622019
6.083519936165048
6.097864783254899
6.099576085751946
6.100555838344038
6.112562444052075
6.11973546419548
6.125251711869819
6.133304571294452
6.141819410846823
6.146769357555797
6.150484113796052
6.156999801710866
6.16603146531418
6.169632647772331
6.173710232033101
6.174961410389539
6.1778462020034
6.179459216687517
6.1899160302164
6.190927683243376
6.191903207615072
6.197976595452292
6.200889266973281
6.201233702386217
6.202621084039565
6.233908928608468
6.247451740513538
6.248347757070528
6.25578196613688
6.26214276716537
6.272567014328746
6.273989964143322
6.279970139168548
6.289926997973194
6.293750618670728
6.294081900032555
6.296548795435126
6.300291902802643
6.301045368228517
6.302929277219317
6.304349792346059
6.310274384944956
6.314869927370623
6.320576889865194
6.326215721268702
6.3372051053078255
6.337293516657176
6.340360695231755
6.353349425990796
6.36204527369882
6.3792584986495005
6.381454922352157
6.385149119274406
6.396930807088294
6.416859995791264
6.42993893600279
6.431010647859985
6.4368910550950975
6.438303369448963
6.451612430943162
6.455849106837389
6.455915043750408
6.456733572143127
6.465600765200482
6.469321282341008
6.47076945465918
6.473784700860738
6.486628046071109
6.490374642651632
6.510280534957897
6.510458165350672
6.514127688493272
6.520176680415888
6.5218069665328064
6.5260159269639
6.527762889353231
6.534388460632296
6.536903794378271
6.539236550523825
6.543027340063996
6.545454307196434
6.552262385631607
6.563073809749692
6.567544569673749
6.570140418756661
6.571528996003135
6.593802686203436
6.597333083396782
6.598211906090004
6.606951476626887
6.61198545041369
6.615898559690987
6.617098682772124
6.619226210823543
6.629019063650249
6.641312474685122
6.652535258458606
6.657300601902539
6.679976796214723
6.683822556925545
6.684298590669576
6.694865066391495
6.695035052254912
6.707538382234297
6.708324762602832
6.749504431581244
6.750341509679826
6.752577796524776
6.7620859445853245
6.763185328863748
6.765426686979041
6.768483954129709
6.77374974902325
6.7737566418159485
6.775329697182644
6.775538323136537
6.789511070434468
6.792739945280974
6.798963137732608
6.803404084147484
6.8125564812920585
6.817708312442658
6.827054608640566
6.8291368782096
6.885387349924699
6.88548851913935
6.886535898420032
6.886703068768259
6.90310627082483
6.908954174898226
6.92326640206021
6.928370597781435
6.931793252519581
6.94290032801983
6.952435041653713
6.956132614540701
6.957555874770313
6.977587920958992
6.979575013746615
6.99047861180536
6.998926575830079
6.998975606212197
7.0026889049812135
7.008972353893549
7.012203739363134
7.020516362405225
7.023448573709636
7.028795148293019
7.028913355459454
7.031841761325804
7.034460884221852
7.039409912344215
7.040859781572888
7.04495444822971
7.049358564462459
7.051313156336479
7.072675977795985
7.093745902612716
7.107477661386849
7.109190760200254
7.1102644709296605
7.116611370981166
7.119077455587313
7.120670963023565
7.1258708549672445
7.132093255868785
7.134653996988615
7.142349060158192
7.144636176223656
7.148719312243441
7.14944570440716
7.15719933485485
7.166826458341379
7.168881959560198
7.17052391030479
7.171846852972446
7.171945701854611
7.188379502947527
7.193765811567969
7.193982875010971
7.194281438495965
7.202646078170261
7.2088806266331105
7.218131493967207
7.222196032575084
7.229035325823029
7.244277205428311
7.253150936184174
7.260945902198273
7.262267913270218
7.263364751911627
7.264586235692451
7.270986292908939
7.284444179427627
7.290051877798707
7.293167876359295
7.296410853360252
7.298792305001493
7.303002128148399
7.314279476569183
7.32202807288316
7.3267015601255805
7.334254571900827
7.33727334924099
7.351637762348728
7.35575005184657
7.358802371161817
7.370538842074502
7.374789279495772
7.382253533992833
7.384101129670398
7.39685945679343
7.400757690572969
7.401107980363115
7.404729205775199
7.40716422874189
7.408240969762502
7.411669392147853
7.415229059568722
7.416228745136397
7.416357107502619
7.417074608224206
7.422017192863086
7.42738077743748
7.427601834888229
7.4292105941398034
7.433917349287149
7.456285996613666
7.470003928218493
7.470654004508477
7.476394966668346
7.48417760834058
7.503654771329578
7.504839696234772
7.529905341424893
7.534289230795107
7.534527378946198
7.542420166716921
7.552875738109826
7.558927444694694
7.560792781918695
7.566411846588919
7.572633422768209
7.580221373353777
7.607388011577837
7.610540361206949
7.624250507782482
7.629371158931173
7.635770248975149
7.6641434114598175
7.674413593102753
7.679411837716394
7.703686401967665
7.711800955757495
7.713901087386951
7.733598997635678
7.741566483943583
7.745704552052411
7.746319755008896
7.755604910749735
7.769744237160524
7.775680962849811
7.7815178439270145
7.79159713285268
7.798792878871041
7.804737871401688
7.805512640876092
7.805995280349702
7.808888292184088
7.814507975108542
7.815381712558966
7.823865234301863
7.828592717994693
7.832651727915643
7.833186790196846
7.83897988552844
7.8438639958009
7.8540399068499
7.86732542323147
7.879957386032463
7.888187257135622
7.891667489934145
7.906735945985541
7.909298531878886
7.909937165868556
7.910196360014545
7.911198715414407
7.927144611983932
7.928117288694386
7.934372693516788
7.934476763413258
7.9702972204956435
7.973751396403434
7.985093996001121
7.989409454369653
7.990033712528942
7.995979277306931
7.997518618377588
8.004778168305311
8.012454116402086
8.015535412326578
8.021766292066356
8.039213788205704
8.043340862079674
8.05097137814689
8.056156524932218
8.058816799601235
8.06972771146671
8.076160620007826
8.081809490950969
8.082137765739834
8.090025076880652
8.09064454173304
8.092848671021642
8.100185418690428
8.10484183197612
8.106026994288186
8.114087235392383
8.121680877770583
8.129636744396034
8.136597354541186
8.137432622099025
8.14314749470486
8.156431144484284
8.16905154879666
8.173172837667805
8.174547729689085
8.17947994116069
8.180664789164245
8.19155341180029
8.198105230559541
8.199473571458563
8.201883700109864
8.209344107060833
8.221832193195354
8.22380143738097
8.238429011489572
8.246649742764491
8.258629274564207
8.262650457055916
8.275422279810961
8.305587074015538
8.311690455784124
8.319287108668323
8.332525369685673
8.332613524276688
8.33302766763729
8.339141467465225
8.339240910824124
8.350423748825772
8.35833418435517
8.35909361772702
8.36075029867662
8.361600321296338
8.362095885260166
8.365489928178285
8.366348050685712
8.378453168178808
8.381227557053851
8.38950345486913
8.39208592476675
8.411626508001552
8.415045614090296
8.441099099484457
8.441222802212597
8.446782800396454
8.449351067734415
8.454061083806492
8.478721409080494
8.480648425783688
8.484867674081414
8.494867752981106
8.500404640651968
8.500440310339712
8.532349934760967
8.554081150991994
8.556008376552274
8.559228963108206
8.572042500914904
8.572740906285082
8.57292676286141
8.576779103512461
8.58871956139635
8.603747389969428
8.604609848622736
8.611566612612085
8.615274134613157
8.618731230429862
8.622915328121376
8.624616941496363
8.62626571728173
8.62793459163246
8.63078182173721
8.640195657799072
8.641981225225265
8.65068974196134
8.654212700613044
8.659463024683705
8.66938933565357
8.687252019497576
8.68954288117213
8.69086732756665
8.694667989288202
8.697352706596046
8.698478608437254
8.707565685061398
8.731687773360413
8.75103530592644
8.75227758613493
8.756709673821002
8.76288709788691
8.763190064831134
8.76695637635554
8.775049596009735
8.781959167896172
8.797278891971754
8.797810485292596
8.80017799766222
8.804789560002252
8.814358560087827
8.82084048911401
8.829067521805195
8.860870006789508
8.879352206050186
8.880582160582783
8.881732048816382
8.886680990963521
8.895256210191278
8.901491954158882
8.905278575896794
8.906972853132384
8.910023849945752
8.925164988687051
8.95170726602932
8.957046138169506
8.966929634446341
8.975357742971749
8.978021378558742
8.978576670397572
8.998689027591164
9.004362734187211
9.01374591323204
9.024254760135705
9.03377900695986
9.040540649593346
9.043884867843012
9.046370893924117
9.046968852765332
9.055768001059771
9.064528156230402
9.078079062885616
9.07892469356032
9.081836627964282
9.089793102028162
9.092995030783625
9.095816997348496
9.097620988369082
9.108077310496505
9.108311989771783
9.10851640616632
9.110924137466132
9.118073697250988
9.118294856898508
9.127122437919295
9.13770678300827
9.140673308295046
9.14566342417358
9.146224006178745
9.14679203104739
9.152563191495505
9.15477207376625
9.155164483401924
9.160521424211057
9.164329483559474
9.173622273050656
9.1748432673774
9.175239439364876
9.183320704021424
9.185446323510396
9.193849968779896
9.204864450674886
9.211589209886675
9.216907322548211
9.221954869984524
9.230047008175958
9.234018321560304
9.234221762442726
9.235689660273527
9.2554467632293
9.25855920440238
9.2644040706104
9.276307352952417
9.28066180407899
9.284375156753711
9.288550189993176
9.294338660707552
9.295367708738569
9.30491297798995
9.331495819922347
9.340832653703146
9.34183498398556
9.354547601254986
9.360578419676846
9.360785218696265
9.362445434811187
9.372103560946316
9.404779932964058
9.407386730695462
9.40767573320064
9.413081959516983
9.420084035140118
9.432235978845185
9.43374578215652
9.439151631851557
9.44184209733706
9.457105336915925
9.46259396329858
9.464530003698798
9.46824599786829
9.470339439382071
9.488548111149395
9.493220478777127
9.503020333741148
9.505507741923022
9.5062520021397
9.510362051755845
9.516371205622862
9.516456719930924
9.520180638504346
9.52571080168973
9.530170846247312
9.53158569565441
9.5372511934256
9.539892974351892
9.544343868042665
9.54641201797346
9.552308763181076
9.556684341786667
9.559749753370513
9.560659067789214
9.574439121427538
9.57679867302351
9.577223449035564
9.599499002296527
9.611654468814743
9.613227559064844
9.631474456386652
9.643269153563654
9.64526663253184
9.654483998218366
9.660214847614892
9.662298263096144
9.664440731854633
9.671773994604049
9.679122862166157
9.702007236333651
9.709491411229388
9.71295181256832
9.715161179167248
9.739675976754972
9.750358665345214
9.752331183752151
9.81437262168684
9.829334079120809
9.830019221408818
9.833618826213746
9.83573360069213
9.84355084929923
9.847961214232347
9.867624322237404
9.888753997742356
9.890520369815066
9.891199366937476
9.89666636967814
9.90236847942932
9.912014991984902
9.938197664559569
9.943805879583564
9.945728890602242
9.947151785602165
9.954171085128598
9.965544067494417
9.979624257400149
9.982963618915337
9.989453729079614
9.98946651264458
9.994170882994322
10.00877819645267
10.013186934416405
10.021269920415032
10.026937780528783
10.033602874505364
10.03808561416004
10.046483937919389
10.05307601794615
10.064723772412728
10.072509415060123
10.084859142084298
10.087101236041397
10.093617151993929
10.096929694398504
10.11356139261532
10.119523525457872
10.131359195181007
10.154983810553922
10.161683027589696
10.171353094929994
10.17226863052781
10.176805108419805
10.177759178982638
10.179467325429528
10.184035609423445
10.188852586051226
10.191922205821024
10.200625398563735
10.22311781342259
10.224465999460472
10.2250174428849
10.232154749531146
10.233263959631138
10.242318046886409
10.251884962150504
10.270208953810023
10.278835704867513
10.281415302889291
10.310394689347715
10.331295895379824
10.349963216486518
10.351651775804458
10.358573006493405
10.360370877233605
10.361250367717158
10.3701312040501
10.37043144179264
10.376261475908896
10.384903996642228
10.393496010443384
10.436827130332048
10.437174184557133
10.446419209675437
10.4599805925133
10.464934334631067
10.466471737214553
10.472275735486088
10.481830006234032
10.482235667986725
10.495326010422604
10.5200704950443
10.525476626469793
10.546189785730617
10.571228796753877
10.590836490841497
10.595382968638576
10.614359212381746
10.61819445538476
10.63103895230889
10.642500799949506
10.644278367228107
10.649020581554304
10.649972759834869
10.650083990046834
10.675260798826514
10.684494248150756
10.684600526814688
10.690410886054764
10.697538972401745
10.703988199612043
10.705276851302322
10.713264914906455
10.715206281214044
10.718204463385636
10.720871310411214
10.744098444982082
10.751337218333912
10.76005474288019
10.770290321930185
10.780705803147663
10.783717374547942
10.78885179004286
10.810086805519596
10.812225299099897
10.8124817090585
10.814514667268414
10.816641749979668
10.840625068097474
10.845098926039574
10.847954209252826
10.864360184826303
10.866655917474317
10.867535362615891
10.86886197640732
10.869309117453891
10.873326455519212
10.88461336019128
10.90026131382653
10.909462399410742
10.913120518138854
10.914143727925149
10.916862686670434
10.929934293081658
10.96605503299493
10.971969631797958
10.978467893336326
10.9809515539667
10.98509066560553
10.987763765003198
10.989572203564148
10.991956128483594
10.992251318755232
11.002591840545191
11.00629674217113
11.014390246584512
11.02172474329563
11.023266218165512
11.03150677420312
11.034044571614098
11.03547491070291
11.040976991022973
11.046264832933224
11.063283449677373
11.06534638741464
11.07068414817356
11.077030190903615
11.077811208845704
11.079961320804662
11.08262795129849
11.09020494267
11.105251884576656
11.109942443819286
11.11943876013884
11.12617812642248
11.127168251244033
11.130512570962232
11.131519005932317
11.169359964333273
11.178304280691236
11.181807936951836
11.18422785676651
11.192610803061935
11.19473276779887
11.19698852239038
11.208862013084785
11.223180484940467
11.226564327193003
11.226824645245827
11.227101569907948
11.229805851617144
11.233066575375595
11.249393085946524
11.251599775792222
11.260104812933562
11.273220756993789
11.273380826937686
11.276553952503424
11.276854747987482
11.282366519872769
11.28600201691502
11.292955818708386
11.294654999619391
11.2977167202606
11.297967586811213
11.303823623947745
11.311253001262102
11.314347532403602
11.319976021967491
11.334299363286746
11.346599804821285
11.347882665136888
11.348316403484628
11.354816482479045
11.361140170733789
11.378194844023954
11.38753515468073
11.390763729836642
11.395353533807324
11.410312902456944
11.416063437046578
11.417062100772055
11.43216934773972
11.432461995579867
11.43564662120366
11.436974356712856
11.438704757773696
11.439381139697474
11.442483997875197
11.444869033740234
11.445036356813228
11.448186446270526
11.448820808894716
11.451320274116751
11.453718416591212
11.465456695130468
11.474576084093766
11.479111183478434
11.482222240258755
11.482433909632238
11.492222560284995
11.492481457265804
11.492621903101632
11.509850948424722
11.52580421177343
11.530076813913777
11.554714840801967
11.55860070150078
11.562772955033989
11.585158774892342
11.588258399913094
11.609298480327528
11.61445808470716
11.62723947182315
11.641764381703132
11.642250662882413
11.642705479373998
11.650246950045664
11.652720409596064
11.658965244237876
11.663635871842502
11.671045945311208
11.68965317624134
11.706696582783232
11.7169467609228
11.720919652266238
11.72858308485769
11.73113688063436
11.733337208926862
11.736979605440796
11.74028434493579
11.743910096203432
11.766448768038677
11.777634328395209
11.779800803995949
11.783802400828565
11.78792384147933
11.79263096702799
11.796360538237415
11.80363531657043
11.80440390094221
11.810210300985457
11.81226410781256
11.819256917378803
11.820608315775583
11.82165254491427
11.824000668712628
11.832189626695705
11.841643148359648
11.851252902103
11.862147575474378
11.863002920794692
11.86889178793739
11.871470998866153
11.872016789150674
11.88543252673378
11.88872131683578
11.889755912875064
11.901938488829956
11.903803860926333
11.910097894762586
11.911083066033
11.911153453403193
11.923768395299891
11.925584636842029
11.925854446244674
11.933347329514683
11.935930253141262
11.936660450557929
11.938677056889574
11.939953025453915
11.94038729292574
11.969687372725884
11.985369986207589
11.986324682910077
11.989082443820148
11.99446675948649
11.994878715822388
12.003692901279637
12.006145190471608
12.013021075576331
12.01506864361536
12.016137738590952
12.021268024084389
12.033314663957109
12.035868474853585
12.043594271092095
12.053498579678289
12.056074007669194
12.057229630946686
12.060118750313956
12.065139572408311
12.065337156543851
12.070334008191304
12.073077050973264
12.097382189624634
12.099801993788905
12.102652069067265
12.104943995977468
12.108328252368707
12.109278652234508
12.125184964129952
12.126471591694337
12.13034679726718
12.134003684834209
12.157540370032384
12.16263917451695
12.162733880735614
12.16716920366361
12.171331132368586
12.175154027214557
12.177475707156416
12.179633540231311
12.1878176893312
12.190252871687049
12.19923480815148
12.19956712937601
12.201239962790456
12.203680850445496
12.208292793144125
12.211252769786212
12.225756717426703
12.244586002443643
12.244670222516978
12.251138053974117
12.25142140852855
12.2538532269354
12.253886695549047
12.255022840224704
12.260730378013658
12.267307865618344
12.27144021304244
12.274019298673617
12.277305467128617
12.279267875031955
12.301091477402878
12.306141133068598
12.315468996415266
12.322578874135328
12.351444940587855
12.354686535187463
12.355143445089553
12.35642361704728
12.35777406031272
12.364499052661383
12.368024962474005
12.37093831520438
12.371695539365126
12.379285897985827
12.387624878198856
12.389341953244813
12.397630367211349
12.40111717858846
12.406974006437828
12.406994067188442
12.430111687584922
12.437864722089468
12.448982638638237
12.451451190437556
12.451458546683178
12.463467033144376
12.471518969288198
12.478509235084678
12.487580336474934
12.516766964632325
12.523006958530624
12.527163233589338
12.53029419552388
12.531261424108838
12.537050497598052
12.53880140779631
12.549366890834856
12.550304099257463
12.5669954395322
12.575815285817333
12.579110202036654
12.580276463161656
12.591736408355327
12.597770960172092
12.603308395687003
12.60845435673258
12.617373927469494
12.622412381288225
12.623615346166527
12.636172350267554
12.64317568134402
12.647647546034134
12.65293440926693
12.654394579097698
12.660742406619894
12.660968660407129
12.669168385554382
12.67432505012567
12.683016127147482
12.69127655699791
12.694493441461018
12.708877059990156
12.729657811177278
12.740502778581202
12.7486237029737
12.75751091184178
12.787337726186744
12.78974768303564
12.790605998482658
12.791451058527269
12.80074515522442
12.803219739282223
12.80585927444224
12.807097014583638
12.80984755073947
12.832847243513504
12.836103729011995
12.83650918642269
12.83969507164216
12.843356663121387
12.856475096204854
12.857608790291494
12.858562908312669
12.862438027581144
12.88164060530626
12.886109717593603
12.888425236135037
12.896648792314544
12.901696061055818
12.901841361786635
12.911504026779465
12.926192563211444
12.938604470340769
12.9392204236633
12.949364810746566
12.954481426575164
12.95667508217523
12.96134996632858
12.970047432419507
12.972721837493198
12.97604300804192
12.982212953762922
12.98294853336236
12.98579436054768
12.98619881435225
13.00262331986498
13.010250638679173
13.019380642194628
13.02598944030411
13.02975300041788
13.037458987800012
13.042482716021372
13.047310684076043
13.059993440389269
13.062652170542012
13.064711715937603
13.073921718709263
13.09506767519924
13.10106079882591
13.103252635674144
13.108703325371785
13.113106191625397
13.137225789444502
13.138850940167648
13.142181692018005
13.158529897373638
13.182658035537528
13.1879616385799
13.192733909653404
13.214941716593133
13.215552101093696
13.225161982995916
13.233219736724235
13.235678121410562
13.239059233340388
13.24111529061029
13.25523101909122
13.260582832511524
13.260990528686474
13.263157700100418
13.266938023573456
13.267600689994126
13.273344850108584
13.285965606458994
13.299365283075856
13.301019792094548
13.303504772930207
13.309928893935991
13.331189009949806
13.335002940254167
13.345261125097055
13.347020969872116
13.38290733390726
13.384804307176468
13.387100104290198
13.390083100988004
13.401840125739604
13.411083618687115
13.41172579969479
13.41922724517027
13.420275630579985
13.430313343292774
13.434857249597874
13.43596537490813
13.444873018602962
13.44969647878644
13.456894545299232
13.458606746572835
13.460000946223554
13.478474458070083
13.482653811136323
13.487610448270203
13.489433419563987
13.496605589077785
13.496643537670344
13.496860600121634
13.501224634817897
13.501408400663353
13.51350360734842
13.520434354100503
13.539747660732496
13.554681942403231
13.56591281931902
13.57046414698396
13.585421861314131
13.591520198316868
13.595601397148558
13.610872072169691
13.612812385287596
13.61343048785664
13.624906828981723
13.63673071192061
13.665584559067932
13.672334019978845
13.672741208290503
13.686589460527586
13.68877246138556
13.698363683190635
13.706144121932423
13.71347913221117
13.71699861924386
13.724713379591968
13.7367972884811
13.74331165195205
13.748538803232185
13.757519351796471
13.75949150703064
13.761880164848712
13.762275594990523
13.771334380840877
13.773738903765036
13.77835849835835
13.787007625259816
13.800036650344984
13.800550372816897
13.803449832943658
13.805482905712408
13.808031972864288
13.818517574024249
13.821696720786909
13.83142161773423
13.83577295535632
13.835956010995186
13.852910054226465
13.853139119483233
13.870994410820844
13.89284217112483
13.908764762614
13.913874336018024
13.924241397843442
13.92800654301254
13.930657876331312
13.937258424004748
13.942214232591114
13.946415867705625
13.951293198325324
13.95196419363388
13.953129266160827
13.959919723447143
13.963984470745284
13.96529364473711
13.969935388821282
13.978932879893112
14.002928625779308
14.015378362192097
14.01919524875444
14.020573036443768
14.038757827961106
14.039189900563237
14.054509318880132
14.060831694863086
14.062227107567086
14.06346144856095
14.063853511368078
14.067149851961435
14.067756854706236
14.08058697043257
14.080812219915186
14.080907791274898
14.08824937603403
14.092267306969012
14.100064728811102
14.10140289237103
14.114808216871875
14.121603062378982
14.125397025429086
14.13166551941277
14.13206420276677
14.146164946984475
14.149697315739129
14.158485156909476
14.17929793257815
14.202752278366733
14.204617252663011
14.205326164246427
14.209520287451904
14.209690490435737
14.212065037215805
14.221272592623643
14.22267944174544
14.230284349836808
14.23491008657956
14.250548651478022
14.25565105036076
14.256065491378326
14.260611280555423
14.268967594569531
14.269320540813183
14.27072427384216
14.300004655362107
14.307530808593446
14.308048809199102
14.309197843194378
14.312229905712677
14.332923662893457
14.33997001599311
14.345131576386107
14.354384400048602
14.367410418916537
14.37338581561564
14.3805066954009
14.381723879647334
14.38885483596862
14.395449267801938
14.41379909393983
14.419306349821642
14.423943901095331
14.461817529043229
14.466007584582089
14.473097137569187
14.486563402533127
14.494483330958834
14.497523356095062
14.50526314726747
14.51239382164546
14.516534772219089
14.523878245032089
14.528664099794987
14.531521511232176
14.535549974353454
14.53689580252676
14.536901818208296
14.537185600385692
14.547714547081371
14.554174891649968
14.55462999730052
14.564653710694856
14.574196346125166
14.574604330265416
14.578949129705627
14.58284157754409
14.58621345194688
14.59148690402554
14.60904638505167
14.609822870805315
14.620061090521167
14.625473787333044
14.625995181574917
14.62947134592754
14.63257214102336
14.633184455423498
14.641495741262371
14.645313457675018
14.645431828199303
14.646191956104303
14.646934063915197
14.65131344066336
14.652123227033409
14.671505331385358
14.675004970702997
14.698367051670084
14.700492063805418
14.716642409607791
14.7184162976459
14.719515613495986
14.721670644719625
14.738475118870456
14.74427461771406
14.745989316097557
14.752543623061491
14.756259768138417
14.760684097783846
14.774861131802613
14.780374554885272
14.799086401847935
14.811510345687008
14.815793514581074
14.818179279707111
14.818564820370828
14.82536904733736
14.82858880096748
14.830346646255126
14.838176766504516
14.854601615602014
14.8599732487736
14.867719060339406
14.869845294232883
14.87571565127692
14.876171486223594
14.884890757034707
14.898992302488637
14.899383011863458
14.90449185917469
14.906872718034846
14.913553995010304
14.916183771511976
14.921742036339149
14.923220129406545
14.928614268450298
14.934250291623254
14.935347197786871
14.939623841101811
14.951419950917282
14.952482609999327
14.953278737396838
14.95329352497929
14.959958457850943
14.96591701276284
14.971766342736522
14.972692050997374
14.985989553566508
15.010946080969951
15.014132878832251
15.04184898341601
15.045096317237084
15.048268716724388
15.057927248184331
15.06656969886832
15.069717386741758
15.073197324958786
15.084376899794623
15.087016658338912
15.097344293602976
15.10068947163066
15.108542334918804
15.109093501908598
15.120236624219512
15.12227071685752
15.127758283757212
15.131312056873576
15.134719809759044
15.150744603270615
15.155013476277489
15.15959043217057
15.164022803636726
15.187582911450232
15.18864854160398
15.190427078147517
15.190903184692964
15.203162722600416
15.21157318702248
15.221322943397007
15.233409063567308
15.236328991418173
15.237957415469394
15.239111513465748
15.249649775290164
15.250148894102129
15.262781461660069
15.26306209424044
15.265092570184205
15.265340706844102
15.281466133607982
15.28405738825433
15.2863285902774
15.288416974091389
15.291371419512185
15.292969156754282
15.296518295046582
15.29700229464038
15.303243639522
15.313625395428565
15.317315947509522
15.317472025375803
15.319779973347384
15.337410382062473
15.376265974755675
15.379318695467202
15.385554829755966
15.38626120664413
15.389327730105212
15.389462584959894
15.406300199156826
15.413352677899567
15.413516080924513
15.415367684821728
15.417978614467254
15.42018748878223
15.43034851608366
15.435591701627809
15.437716441205566
15.440119474236583
15.44392517727786
15.443946159831247
15.444422825856863
15.44637788402324
15.45580205149215
15.466187795103233
15.476558419761076
15.494936546545905
15.495212584730783
15.49771957577355
15.5024548909328
15.509559029965102
15.51745977208524
15.528392114933308
15.536159990450107
15.546588173227724
15.551570915686904
15.557433503554815
15.564519479022396
15.584459489122173
15.597234387541777
15.60029910184844
15.607354266430418
15.615052141826004
15.622168006844422
15.623239732805605
15.625517541363694
15.626385189785164
15.63498909357326
15.642807724177548
15.643539581496574
15.6555585516641
15.65937814162079
15.671333037601716
15.67576151124318
15.679991354213312
15.68029500501044
15.703495896172328
15.72303360949804
15.723457893185447
15.72625617903873
15.73311624579651
15.750148904222502
15.758517471143774
15.773777685534716
15.77584807574976
15.78996607668547
15.793631203378162
15.801012853654711
15.807682408544943
15.813808058464408
15.820638927473995
15.822031700037668
15.831761013185616
15.832406686044983
15.839673043583383
15.847544662418429
15.861791557723802
15.86874165134754
15.869387861210384
15.87346912943228
15.877132841039671
15.878609245039211
15.891874429660552
15.895780389122958
15.899700996915952
15.91158754885152
15.912671018677674
15.91580939596522
15.920464020677722
15.92940372453539
15.930731191698465
15.94349852495316
15.945053506781145
15.945665620588692
15.94759287197125
15.951517619057755
15.965260706472469
15.97491022386533
15.977537266532568
15.980734383080032
15.9843322606809
15.985269952696695
15.987857721154445
15.993041878439268
15.997287220851982
15.99855131578282
16.001342304717742
16.011833019515777
16.013856640294275
16.015969346411424
16.020718052630762
16.024818203114986
16.02713438900652
16.041854748545262
16.042398139731425
16.049618867419262
16.05195423045227
16.06754447979937
16.074808875384193
16.076365350984737
16.0936163429313
16.097174434644288
16.09784138955446
16.098441137695083
16.105623048618682
16.105745475948513
16.106318931704585
16.114580894617685
16.115192997071944
16.126241838258064
16.131097342910724
16.131165328719682
16.136255805220966
16.136981326205238
16.147271561864763
16.14970421084289
16.156766220071802
16.157157632536098
16.160844188264264
16.16790636602586
16.17283424555942
16.179015307276543
16.185987168945253
16.189187170871826
16.19371250199152
16.205759308565398
16.20675510641274
16.21358945528566
16.213774194747153
16.226513427836117
16.2315139237791
16.236014291055145
16.259497866333383
16.26583970526756
16.283006596891767
16.28513743787471
16.289113950657825
16.30010543808924
16.313046278511273
16.31744074513373
16.329316861528618
16.330701248100816
16.340099262584914
16.344591827856142
16.353134375170036
16.359284555590477
16.368138782154375
16.37905881130497
16.38686156151737
16.39860447162043
16.40720175617409
16.415919482580634
16.42105576408848
16.455495153147222
16.457200074247048
16.459640461889858
16.462154801354853
16.481452964060203
16.503596909011797
16.518367047056174
16.518957370572725
16.525094492489245
16.53161218719352
16.537403171444417
16.54380697601012
16.549000456414138
16.550053769129196
16.56920958267621
16.56948169978149
16.572473918345477
16.58398431298572
16.586404782094807
16.58759929561223
16.587874909047756
16.59347953094382
16.602604870814893
16.61475644619076
16.61623398660741
16.62088061236865
16.627645914686546
16.645852250142823
16.64985238429464
16.651399796083403
16.651619383503267
16.691024386379986
16.695660038546617
16.706238759488983
16.707119630014994
16.721682918005015
16.736078169058114
16.74076713861924
16.75268018528669
16.767951697113823
16.780821414763565
16.783901863612854
16.789980656020912
16.791209497467776
16.797101236780506
16.802034184765375
16.808380108198783
16.81385190100513
16.834600896161973
16.839072419253437
16.840705606211028
16.841870992662543
16.851358346719245
16.85498145265477
16.860066715683935
16.865596940910073
16.866580304626183
16.86813051240768
16.872167145116116
16.878948078837034
16.88894961002032
16.89087111460446
16.897340606553108
16.91393983978083
16.914679824672614
16.92628960783366
16.92965587233621
16.93758030418249
16.940205000176988
16.94774083646296
16.953700794551743
16.95776187219184
16.95816687397687
16.970912729573435
16.974563530723856
16.988446917781808
16.992765556353387
17.009024862016155
17.0311121644123
17.036117239023092
17.03666641706841
17.0410376145068
17.041413536263462
17.041560862472167
17.041749674219773
17.045972180827384
17.057474074908278
17.05799703948668
17.068146137334224
17.070357510114743
17.074309034166177
17.08054552055806
17.088616038557497
17.09626896369859
17.098896523829143
17.10328432722146
17.111194461001013
17.12373830028952
17.141056005643904
17.141311350605257
17.14764564566257
17.150529007031782
17.15816893906969
17.15917599386367
17.173627332291556
17.188720352450822
17.19873043012587
17.202816202051224
17.211387004749415
17.23646954354306
17.242728883824885
17.243312537519028
17.25378196566404
17.25455607177455
17.269830118669212
17.28044392319866
17.280469009255008
17.283527910863036
17.30771392430109
17.31392837257514
17.32232250193894
17.347107961732988
17.350657159236547
17.355183462200653
17.357632210629852
17.358501503782144
17.366403221423944
17.36801145167252
17.397240556245126
17.403104220998536
17.40463820811879
17.41933497260741
17.42275832646464
17.42723603484213
17.428483959022095
17.442167991559455
17.445867297359342
17.446376455638
17.458456440050384
17.46386329976527
17.465459830598448
17.474163541068187
17.474665318770462
17.48414845121379
17.486205606479004
17.489674137213534
17.492823543939195
17.4933012696765
17.494095423291867
17.500781133178577
17.517238009047684
17.53474765202055
17.539376486383397
17.542047890482092
17.5448948018278
17.545024846230945
17.554036447785077
17.560435418026735
17.562629008370585
17.563952888797466
17.563959473449845
17.567928764578088
17.575738133858227
17.582753674460637
17.59844998412885
17.60026116214953
17.605915960081088
17.616900358745152
17.62368755325734
17.63028251830553
17.64626014503473
17.65818882510448
17.66666405214337
17.668136974908577
17.677743582821243
17.684822873699073
17.68987543177763
17.692001113739266
17.694079774630737
17.697653333120083
17.71556008046845
17.720447196694607
17.723249768831252
17.73022931203207
17.730521057733213
17.746623463406042
17.747714548222874
17.75523553220434
17.76482368730233
17.76495474325639
17.796992944319314
17.799332411860593
17.801158026982968
17.816396140708523
17.816464903062418
17.829485071760562
17.830242001772373
17.83632067864938
17.843443008937925
17.856948997319897
17.860215516125063
17.87575322421299
17.87947383561629
17.879488669073105
17.883587633694255
17.884493900476688
17.908771661114983
17.910165198809295
17.918977008851776
17.939963291311606
17.943273125636075
17.95836540713945
17.96337479595145
17.967089587263132
17.974165761339318
17.976091007509233
17.98275130314844
17.98412741661102
17.99531880882654
17.997585864689952
18.013855696487443
18.018385618937355
18.02001091891493
18.037775701017843
18.04756724331145
18.04950857157175
18.05209272255442
18.066052688847243
18.075295812636615
18.076204639668944
18.08993932820846
18.091770263572528
18.115890936466958
18.138112469407908
18.141281482948308
18.143418726048488
18.146992568694927
18.1589728019415
18.16500726557228
18.170863322480024
18.173097313156013
18.17690295985238
18.18947319101129
18.19092567659569
18.197886415887275
18.19873965724357
18.201428992834984
18.202671102131585
18.229010346185262
18.23555096377595
18.244901642232392
18.246982499564147
18.256759712218937
18.263335641553503
18.32347356321941
18.32874131866759
18.33025305821705
18.337205549786685
18.35964206670819
18.36459059319938
18.36532659824169
18.37894166031314
18.39661815153929
18.399378098605844
18.400506682900755
18.40302388533132
18.405801540761587
18.43364203090208
18.440338456991757
18.44552470032312
18.480995830886016
18.48651814501219
18.487593495454583
18.49521224581808
18.49712625938062
18.50155519787145
18.51273832612462
18.51561310880552
18.517849301719927
18.52970350683104
18.55178920700916
18.56014117108568
18.5611307663104
18.562612146315303
18.57271269750752
18.577987110679462
18.58044252339773
18.593496363179952
18.597260283179743
18.598596923480105
18.600387231393107
18.601445330672867
18.613574193290763
18.617006975803307
18.62057429983328
18.62177254423653
18.65780128357209
18.66929705929652
18.683738464018028
18.687169545982364
18.716423271569244
18.72389696365461
18.77016609480195
18.779876016925407
18.789105754895573
18.789972239712483
18.793348259533836
18.794372687325545
18.79716620642527
18.803329634116043
18.80350232663628
18.81337847467121
18.817036846960388
18.824119163729915
18.82540871985608
18.83050325218484
18.832002649101177
18.8363769204078
18.84619636055549
18.850929499924774
18.85640825700944
18.862295897439125
18.87619067780013
18.8785842849939
18.8791784811104
18.88689174102189
18.887037508553423
18.889230715194124
18.92551932826589
18.927473997799098
18.932097039352666
18.95130140886981
18.955063317930524
18.956149817477424
18.959595045115574
18.96030604185022
18.978082353191496
18.9820246473166
18.991112242429367
19.009974476649692
19.01023658524253
19.0129528667178
19.013666216949005
19.017045553917093
19.02234439833697
19.032606613544026
19.04888314690641
19.04940946720512
19.06789013453228
19.07183959024545
19.083346493044857
19.088685389896888
19.0899986927827
19.10525268417253
19.117097987275823
19.12519490700633
19.12777495220977
19.14121524911196
19.14292163946303
19.15748078672584
19.16398949622991
19.165326424697987
19.174559591940746
19.17832535320336
19.178908008836476
19.18412348205738
19.184757463800903
19.18676189867034
19.19229439042109
19.19381032008985
19.202486716654903
19.204765782556567
19.212214052172943
19.21475872239152
19.228413774271587
19.25478146862218
19.27734323436708
19.284462888624027
19.28704101401827
19.29746523639279
19.31250367677011
19.313643469309497
19.314035332101977
19.323871537416824
19.32594835983436
19.32990423505377
19.34132349839401
19.346227666480704
19.35190321156272
19.379321381251906
19.380378214359432
19.383521302963025
19.386381920212447
19.386535334945343
19.39015242122025
19.394208196704923
19.3983908371509
19.39904803255098
19.40137663852155
19.405844805993556
19.40868417786845
19.441137990364037
19.445782112223
19.45496934264777
19.457186779090677
19.474085239815928
19.478730822827657
19.485552587518715
19.510352840424616
19.513415420315063
19.514213831710844
19.518715488207324
19.51951142784212
19.520129228580032
19.521609034369742
19.535852324570804
19.53813764810585
19.566175484160148
19.566732282565603
19.578171160783512
19.58063400694489
19.5874026788381
19.5995219209858
19.609272427998484
19.61080994129024
19.62274272132709
19.639259047776875
19.6610653675873
19.669808340988297
19.68736167095781
19.689896252498805
19.691032571524275
19.69541891277081
19.70732659938346
19.70828805148331
19.72209528664425
19.73861644960262
19.747971755547184
19.75281430561502
19.754520311569376
19.776496152204476
19.780737692967666
19.781030483746207
19.783244556386244
19.78620215228434
19.79169107668557
19.800345571464
19.80376704152053
19.803971639011
19.804129363872715
19.810718774191947
19.814575017660896
19.81844174298983
19.8188008399775
19.848270714519472
19.860237805264497
19.86099004315194
19.87231327063354
19.892158274465224
19.908104210845423
19.9086338734396
19.920234449727023
19.92240381782509
19.925955611981543
19.931017152656267
19.932663074827303
19.937954866060988
19.940179865130624
19.94158723833417
19.948179060053484
19.950884386582302
19.95366295593367
19.97037131235514
19.98402069770913
19.988474247705994

==================================================

=== pest_pressure ===
Data type: float64
Total unique values: 2200

0.0381033382592321
0.0656899861653403
0.0664443234503209
0.1417493703449568
0.2912858162559595
0.3217760729364971
0.4223340353030624
0.4580682279183179
0.4659333647148767
0.5227106537737614
0.5614210194318514
0.6390887070379714
0.7068301657443321
0.74848518583156
0.7968872666747617
0.8654756258006935
0.9029841632646972
0.9386876215173312
0.9548984428930374
0.9669516224375396
0.9705246730235316
1.034478009144435
1.0479509166304355
1.0834987569113277
1.203722404241636
1.2100892407415187
1.3091974620817235
1.381714488530561
1.3882783884024752
1.4172862509735706
1.440997992392612
1.445438927997944
1.4722843513942374
1.488883089532167
1.6583647777020705
1.6838691453127108
1.6983831463376564
1.814341481660553
1.852384794551165
1.8598415610821208
2.002447204415725
2.0503168584691367
2.149918135654738
2.161502979426944
2.2147900278036814
2.253652286860619
2.2743437479968764
2.2772659267670026
2.286993835886464
2.3998457990038413
2.4411191940279298
2.528157289536792
2.5936299700129006
2.6070591207796423
2.7200192410222424
2.757849056082684
2.886482133037094
2.89755257524178
2.999618645745028
3.064195412509374
3.06784500729661
3.259690907889623
3.3092000435237745
3.3658861848583688
3.3935594910512457
3.396995012902781
3.41743717537889
3.5145788671858247
3.5741911097655232
3.5892979557944016
3.653843785149502
3.6638480186973688
3.672449476420992
3.7007045470598734
3.790408349118002
3.797893955160802
3.7983580495319136
3.858049640413885
3.897490877713072
3.959239740200416
3.968043961172085
3.976145351830307
3.9808351658158094
4.001347049031201
4.055445896800681
4.057829067310714
4.163888210012834
4.178685433798812
4.249559593759578
4.281976211538052
4.342274444716232
4.353965185209818
4.357310345089138
4.367640379548998
4.447605238355445
4.456910723721952
4.489255783363144
4.494926318313763
4.524194101428525
4.572489845082927
4.589745420585711
4.61107478125018
4.715132596730265
4.739794714120071
4.854128851179185
4.919546003054465
4.951688716808478
4.95235848878367
4.952906113269318
5.000830207015228
5.023994159038569
5.081291415735745
5.150475976178504
5.211421652847859
5.248957745208537
5.249633382789432
5.256702169123928
5.311328221908296
5.335543427749556
5.352578303793509
5.3734039376570175
5.398529688285136
5.462051716870175
5.476183391580292
5.553972078659197
5.626261207147221
5.851772047107251
5.856722915637147
5.923853939317436
5.924323150352418
5.942648096659675
5.951117689842144
5.958802156942133
5.972522237408418
5.973358138236895
5.993289318553108
6.000846969202611
6.038912513880145
6.04008008220659
6.142642961606592
6.1511736425680645
6.171702411391133
6.246486557294828
6.26872119566837
6.343705855618975
6.363183448273757
6.39297450833769
6.409650395793609
6.418773604403083
6.423778544903858
6.453921700720411
6.54027127711303
6.670529897760669
6.6853148920502425
6.702505032170791
6.713849059724131
6.7471469456108935
6.748173922094958
6.779701711148323
6.868434212639296
6.90391056486842
6.947564227419035
6.949340298689643
6.960984551302696
6.994867744293476
7.036277248575329
7.073426705972185
7.08997334441298
7.128296960017211
7.194244291984974
7.469597572576514
7.485672410851274
7.559914917806088
7.663946366588448
7.729502671158606
7.847222919683839
7.863461668268989
7.996987706132952
8.034086025467534
8.04590438527878
8.072132384541476
8.112501635995928
8.131603863538173
8.325817911822197
8.519389590527416
8.527237301545565
8.604832777843407
8.67008251978656
8.700531740345085
8.822399594300768
8.84601342805068
8.8648315856092
8.904757695427346
8.948641311090311
8.999001777870209
9.04826478160884
9.051909332210704
9.055361942485629
9.120261008995934
9.13870491309382
9.183958155483774
9.24078295850056
9.285506758817776
9.288800893597726
9.31917070587529
9.381201328707933
9.388962427804026
9.556894506909575
9.578282746338962
9.620473115710826
9.717404684582032
9.732517356502036
9.89526588465981
10.007672253102706
10.030387975043595
10.03712376080118
10.058564514541835
10.090699125368507
10.10369043448862
10.165241920978518
10.193711226253644
10.201279321839763
10.228139129492131
10.364412091450523
10.368168190678972
10.395513720240036
10.423496231446949
10.424025153246175
10.444626282556158
10.447275840691262
10.447536091915389
10.627325286040712
10.66701848482059
10.783436678327462
10.784445777547468
10.855966717103849
10.888280121314708
10.90577861773838
10.937526990128177
10.953229601268644
10.989172234264032
11.010510353792712
11.01176860295554
11.084107717682256
11.126372266143449
11.139014315828788
11.17464953993984
11.24183505642453
11.35763771398871
11.375687885418596
11.375796551074458
11.422324882026846
11.43298573892315
11.472389469661492
11.566829253446908
11.593773261884088
11.75591866793776
11.85807321354746
11.915692086780016
11.920920206413854
11.94718856912096
11.983669715567755
12.00774245346816
12.043661665399709
12.08803969571186
12.116362071525998
12.141341159915864
12.204933052511002
12.22318417041006
12.254951181438956
12.53051187257549
12.564163735655033
12.61520713925406
12.653194512390066
12.726035399916547
12.760387974057783
12.79322167212996
12.797245190699236
12.799899994777451
12.86145789610974
12.908864585610967
12.941719439253784
12.986825240417089
13.018482086353222
13.034343145125735
13.048374516159356
13.059975510986089
13.079243500530811
13.289574023746145
13.358098388005168
13.39615899461074
13.415560327065524
13.416580343785734
13.418535334500238
13.445380845596954
13.634623686314573
13.680753741687155
13.710835045428416
13.731712070600045
13.732498522496606
13.776235633911782
13.998744811462306
14.015417092366732
14.02201019292596
14.118301723722473
14.167041069206675
14.368457070070416
14.42831879371582
14.43284131608662
14.44653865790164
14.483418321200748
14.49970931463078
14.502048674541356
14.554253532748984
14.573784428232328
14.593309229835128
14.593575400066785
14.614540249207252
14.65827099700151
14.688525995303737
14.708915813658418
14.739703314315534
14.743381338790574
14.757121558613171
14.772800360645832
14.7938303056253
14.806039959644334
14.856152630265996
14.865382099531022
14.87964432498703
14.915508739120796
14.971882003786853
15.011668850394422
15.06515034204944
15.163486841693196
15.185083235621622
15.20054937730736
15.224678626164811
15.315046707125257
15.333488382127069
15.378505447760029
15.390573068871229
15.466718504380594
15.492241343391344
15.549190720796735
15.560573364494925
15.657468934276231
15.725754102822108
15.733637607200937
15.737003462095512
15.74260257996899
15.756452795115816
15.77207477645276
15.849372917478943
15.885072218634155
16.13425110697505
16.169267952289445
16.202263617753843
16.211175587809613
16.237775739019455
16.380641315099275
16.392675947257363
16.411257491631627
16.439099715152427
16.464097955123457
16.51228678371367
16.51742823287401
16.566582868615455
16.588145587948343
16.594426910489744
16.60671766059567
16.629013552660744
16.639564220213366
16.64939691870626
16.66223058973879
16.73861352164967
16.818533029190462
16.861421874450976
16.871414166767686
16.930808537915464
16.97532337852016
17.049870293077852
17.14126267177666
17.18517852972632
17.19012917426086
17.285648704535006
17.29066392277635
17.305225248719825
17.370140302455006
17.55642366934844
17.608914066608406
17.626101614922206
17.686227862486003
17.707709113916504
17.790862069907163
17.830304125834274
17.83712989970797
17.847818357543055
17.85880150818482
17.872940262843805
17.88582314683599
17.90766495707595
17.92540415695585
17.939552308629757
17.947884029348305
17.968902100386998
17.985366253138167
18.008088330203176
18.084830383971877
18.13449391810653
18.17862636547416
18.212925427423
18.22983797970228
18.25028266250249
18.296057935871712
18.29664874587201
18.299802458198695
18.321796658126665
18.34559698798426
18.38082581481454
18.582171647334565
18.592823085504907
18.598826821563087
18.626052095979485
18.65813991174652
18.660956862827728
18.685893804904897
18.80517726955916
18.825127922492555
18.90789671752726
18.95046005018535
18.967161850471616
18.97444431762033
19.04615805088483
19.131150782360617
19.157895378069657
19.245261551592428
19.28984363934344
19.34727528480462
19.4391788287283
19.468981782557083
19.469523617499995
19.48018064140652
19.5638592658686
19.57497777052133
19.65100037593393
19.667948104339292
19.676514114086675
19.869522443870625
19.95420713331374
19.956112935827807
20.01839654357567
20.11965630041336
20.122019108692317
20.122956874708365
20.13914721550394
20.142149977528067
20.16684905938988
20.175634961200505
20.224677558739323
20.27532574272129
20.416296545625023
20.49833041058693
20.504022605895788
20.575425742507413
20.655526854295225
20.75972524963624
20.801617420111285
20.902777569587915
20.90282928731833
20.975602105443603
20.997756096630397
21.12991713381044
21.188772063302576
21.22330543948724
21.25612381553299
21.280650759763
21.287054494381078
21.356160194469275
21.36041333983646
21.3618209842094
21.378697493509748
21.42755696379507
21.44335963987401
21.51548190093091
21.559675242408115
21.63677942644424
21.652407132402157
21.71469305735925
21.803855897666725
21.89894982918912
21.933664870228053
21.98784782998433
22.003132379392387
22.006865046489
22.00828139351647
22.122644926632905
22.125455925882065
22.14552295132607
22.14687499970892
22.171801215110037
22.17683939975881
22.21187480563848
22.34021929025988
22.343136772083383
22.364049487884763
22.36745214112261
22.386006224317345
22.41430014337597
22.477539321637185
22.685509955830096
22.68732429880928
22.691659831675693
22.707522638224287
22.74388018482325
22.77090248125116
22.80717886938336
22.842667364725155
23.068484545509804
23.072847383351693
23.07550038345002
23.095767642106622
23.114126992495063
23.148377767822904
23.14839141840055
23.334166447670825
23.38495369648017
23.414214163657853
23.51005810995619
23.516699780553463
23.5212562553598
23.53401886022472
23.66893910420017
23.69599570115527
23.70713749066993
23.75819508799266
23.849539716591277
23.850571517281704
23.94292109227372
23.99420262724924
24.048948421460658
24.05886596717296
24.09188793478396
24.098825633487607
24.15995215583202
24.31642879356446
24.32184327179201
24.32815581113552
24.3699253300506
24.373200035119847
24.382088361289544
24.445940854869875
24.67387298683
24.70196361464898
24.70869650119084
24.72035450108878
24.758554240807207
24.76429292631056
24.919602686303865
24.93515968943929
24.950538210796022
24.98202532059447
24.99863137888757
25.011433941214868
25.08264943674936
25.091289064833656
25.097291847709823
25.11948531806113
25.17687950060754
25.220063562570328
25.243916832515755
25.2884824098478
25.390876606654565
25.393216768000425
25.43901945527732
25.468451954780345
25.493397950602947
25.50140248336029
25.50946069556246
25.57019968665985
25.580870190991146
25.59491076272401
25.59572346156054
25.633188799136143
25.657587157150463
25.69909402219209
25.72708576135403
25.72878538527653
25.96809287969377
25.992772521455358
25.997072512920404
26.18640033130206
26.318748624131207
26.402047907932012
26.47516825013311
26.505881165945567
26.53748760983085
26.5442576049046
26.55143172198844
26.626827961338986
26.76354361960353
26.84773446828848
26.90585215624942
26.95787822283492
27.107031342348662
27.353748570185445
27.494888037222744
27.49589642025012
27.565351433852825
27.641614193290287
27.71774119138405
27.77801220358973
27.781503163030678
27.81764204367283
27.82289426330574
27.86030237753497
27.90604752816453
27.91645471998552
27.954159782431653
28.01460829166904
28.09357312305769
28.264055495345172
28.44797223233897
28.590868323658093
28.5928420175164
28.636245175283012
28.65755244537877
28.675876886304152
28.750413183602387
28.91747696800716
28.929101204641785
28.929658408895754
28.985405935969037
29.06502517451164
29.07413498105963
29.08195864131342
29.12432246888932
29.137157431355643
29.27905759198883
29.3301447773372
29.35492705782943
29.42040946904689
29.47993716060585
29.48813406533667
29.49801118784537
29.547742012218293
29.67879324016599
29.6847401708668
29.696969396198515
29.71142871510296
29.73699496763465
29.77239252138999
29.88387503818357
29.90132929887428
29.916675730556356
30.005963650270363
30.021212620449933
30.038942423895097
30.04899292872899
30.0516860144041
30.086582644205507
30.137838389737936
30.187275860883023
30.36065987718621
30.38958236119702
30.467506113101816
30.46837392008581
30.558984450101946
30.591092095286665
30.606500410386214
30.64912676234236
30.71993742060716
30.790299768514405
30.8412734270816
30.887002304879484
31.006760561550305
31.00715649291702
31.02748591627984
31.095419628381915
31.16284718684752
31.222512485403364
31.242267525532974
31.245745823086317
31.3139622375319
31.32553918753187
31.372624421314665
31.41998747971848
31.42938168793934
31.54671766558558
31.550125705435928
31.55769292111913
31.57680577040744
31.629052933350955
31.635749428267868
31.63598794615073
31.651001931689905
31.699481285984543
31.724552549025333
31.804907974028986
31.93416461738077
31.958326477339305
31.963150966422948
32.0252839374364
32.07310474632433
32.0896582550581
32.09426098797306
32.116045569709584
32.18107344470167
32.26800792901487
32.284062561735524
32.28991247337195
32.29148179612109
32.34621816218971
32.34660641571684
32.36743713658176
32.3741023922442
32.47549497326977
32.482353803212995
32.48700928869857
32.49741574149822
32.63584569365378
32.664062115052
32.69961064470955
32.71417629489021
32.76954018189521
32.77240037238561
32.815172445879234
32.859956069984065
32.91812312885416
32.91850237563174
33.02576539189007
33.08342578107543
33.115625927157
33.11682171143
33.132219921217384
33.17820170878281
33.1872188296365
33.31182540659876
33.32442009921718
33.46864086903457
33.520070548634266
33.54431568469738
33.56750120687965
33.57254711309762
33.676846936167216
33.72786602276808
33.79512887063417
33.91551511398264
33.94450949227623
33.94903913879806
34.08218891391923
34.09854996877014
34.12657847522734
34.144506700398225
34.16757228100553
34.168194443420965
34.238089004748616
34.24390576794464
34.25699110653097
34.27695444529169
34.30874484948383
34.34895330560608
34.4137840601472
34.451966058248594
34.51815271586389
34.54561499679749
34.58255180685946
34.62350964471283
34.63207907787281
34.74370718983179
34.756039188882816
34.83612659692766
34.88139033110579
34.89744684346886
35.00164519555007
35.070426874924074
35.08684140225905
35.15057049279255
35.15909687899709
35.20003695511315
35.26848896332236
35.37943431984395
35.46534555152574
35.52647463854295
35.57855010389389
35.58475953580368
35.5879515083131
35.597760018114485
35.60159477374293
35.62251870762292
35.65522207290639
35.68583590696458
35.71652959075706
35.74725669250686
35.75693194773114
35.787020459290005
35.827188388035644
35.86732171213733
35.89195708738016
35.90318545895853
35.904759395639275
35.929992422073965
35.99340273357855
36.012221776047305
36.05016103804032
36.073363415089176
36.081525421016046
36.08879753424412
36.2641984441752
36.49148742374373
36.56025071736326
36.62305958108599
36.81586793492953
36.83027364192885
36.836968536178375
36.841457540188905
36.90087272519592
36.91252423000154
36.93391893496096
36.9554874980362
36.95835436323838
37.08392899537516
37.19198005428698
37.220353270560445
37.22295437522365
37.23698618973456
37.23787209507024
37.2751193357058
37.31328583105372
37.33870430589318
37.37428476715756
37.41668013521304
37.461647522841645
37.48095352646765
37.62304480665454
37.667349218606304
37.68427719413339
37.77340380484176
37.86435988844825
37.93090275554432
37.954475616088686
37.96804067298086
38.005135587835305
38.18364849343664
38.25491869969248
38.262427115976806
38.26635295493901
38.275536689267234
38.33685412106932
38.36357473227289
38.3637985495601
38.40749139477475
38.45188690913947
38.49839072026045
38.55566511027472
38.58947571034705
38.70730457812781
38.72725459523664
38.75887172963689
38.811481435085696
38.81481129230203
38.817196672062025
38.82550121377331
38.83775059989665
38.85909183357593
38.8699702273552
38.94334989197564
38.96876783618588
38.99639196828688
39.27257354479104
39.50075116604344
39.53383200907111
39.62000388653322
39.655889756130506
39.717974239698414
39.74296817049174
39.75861810136381
39.80771504628736
39.82218398020191
39.82833238735511
39.91820678658994
39.94142728060136
39.9701076187208
39.973371102215474
40.03812129918569
40.0785001460237
40.11809546844381
40.14150557522558
40.16116905192597
40.26401349747897
40.32031112507306
40.33546374508583
40.35355917750029
40.38815006835029
40.39908931779029
40.410333684367984
40.420992573585714
40.460341506329065
40.53007548944112
40.58738553751561
40.59706941397187
40.60090224835089
40.68538241032837
40.75739482899292
40.877345510381005
40.96368923766816
40.98109660839617
40.99961880221786
41.021404124268976
41.02531325559757
41.045785239140805
41.09571996044994
41.24176654635223
41.2482653682816
41.30414879586007
41.54140990756285
41.556331929529954
41.56000215352197
41.62839697955012
41.63716169010248
41.6501605994882
41.65999981307434
41.69138823387376
41.72254045993387
41.786773298656655
41.78807874899145
41.87171720324131
41.87255586939409
41.88805544084497
41.908834460254354
41.96842317375565
41.993814912312544
42.01228869217829
42.16774630447002
42.16937760141538
42.191909963862784
42.21803502522268
42.272878359003805
42.3022071478197
42.38647120021344
42.44087872388286
42.450731077778215
42.46925257979663
42.569033077842654
42.57121963780162
42.58665791642373
42.68945995710794
42.7029233793639
42.766874691805015
42.9609187643818
43.0149813897197
43.10119809759644
43.29270424757342
43.30837564855556
43.373526023124576
43.38731405276066
43.39644647775189
43.40807993652115
43.510860473123714
43.55435354770469
43.559413613401965
43.602494183157766
43.60529131776904
43.61904284821132
43.65510480127962
43.66419712766961
43.67301931020937
43.67954866817977
43.69007472214415
43.70821709513933
43.71246986512895
43.74991875696456
43.82413772019298
43.84489119090678
43.869084369758326
43.88541612350818
43.88923426777917
43.90737902737381
43.934765931993525
44.01276031533013
44.05801407595852
44.09882530660242
44.133141556303165
44.22490937532035
44.22949462670083
44.23022550567304
44.32343257649044
44.33413893215968
44.371007636263
44.583280550703776
44.61665719266937
44.709602929505074
44.71999901031345
44.74239243001102
44.74638447315101
44.776936686283655
44.77956453129058
44.78452809132213
44.87018346856762
44.93988022978135
45.12270660480904
45.20504156684125
45.21026160524742
45.21671170869025
45.22873452598076
45.27869732010279
45.38817595937845
45.39981946361213
45.54954262915827
45.57980344027099
45.60880989017204
45.6128857691609
45.63814997948141
45.72398640406542
45.73350743512405
45.763668056646566
45.77258189825273
45.8892218288413
45.89259574210707
45.951737120773096
46.00049178137229
46.106829434966926
46.255193140033846
46.28842713838526
46.29687765884996
46.38185167197619
46.3821341471032
46.52277116668753
46.54558529644929
46.59621541754919
46.67522708632483
46.68869972806738
46.72542365743689
46.767643466717104
46.804244810117545
46.80636242706407
46.835185865894815
46.90151239749854
46.96743547423195
46.97023043664984
46.98706044200727
47.00759237518491
47.11808907845859
47.17226506077539
47.20326685878504
47.22709578714991
47.299550417957605
47.36218569514181
47.37313922383727
47.4587736510368
47.541704670734575
47.59342342240968
47.62165825902667
47.62393832842167
47.6643685600168
47.69444587354512
47.73270601351744
47.79923600498152
47.80262286402876
47.81901453062412
47.84099194412511
47.85163722224974
47.86033763688574
47.865090077993386
47.98496554990229
48.053784295785285
48.13013130051317
48.13932281375168
48.16151629502522
48.36269347040309
48.36410392206982
48.538228806963126
48.57451161045505
48.70216635798267
48.72939718403902
48.76937550860684
48.7883058125548
48.80995443313253
48.81462557502119
48.852104201198365
48.86042981668879
48.90689955107425
48.94438553454279
49.029673836300304
49.13614302519179
49.21283865469586
49.22027462850708
49.24770120075143
49.27118072929883
49.31694333576336
49.40356417964426
49.440327608148
49.4791239109173
49.51991816670791
49.603077830365926
49.63348971699524
49.63497688724969
49.743899705352966
49.7830802187736
49.87758785872427
50.08725363009975
50.16163399739286
50.241013265608416
50.28482956993214
50.36402731589222
50.396694908526605
50.40849678858177
50.563510147349
50.5871732995423
50.62880046296776
50.71018392194593
50.72960415834213
50.7437285969786
50.84103894466
50.90643886325006
50.93582002553754
50.94086544519703
50.95465505065568
51.01640011726777
51.08689910025191
51.11855813356543
51.2371668641043
51.29112054684109
51.31985891047406
51.36085243080865
51.37414294322088
51.44485323129312
51.50388237755143
51.50982369776087
51.53359901794784
51.54497974078106
51.56207922787544
51.60750952933475
51.64439112731623
51.666657553156114
51.71251281440138
51.76972308796641
51.77765954214306
51.78617405301475
51.84114767210608
51.89154674577606
51.96817848874
51.9748868593766
52.02031271400146
52.03743417568446
52.038419946178536
52.054374876759866
52.074861433269206
52.11400095137779
52.1248138321187
52.15080048409772
52.18932540905763
52.25777314483076
52.28123252866618
52.28593901846396
52.33152627394014
52.362972805916606
52.38547729055938
52.39873541599045
52.42063475122271
52.453433320175336
52.624550258489975
52.67998376856517
52.6936920119495
52.73674984778831
52.76661604139462
52.80865531440243
52.86706157446772
52.88872290446511
52.91560582796904
53.046189167257786
53.05652802309554
53.06598697099145
53.15579662752336
53.18450433172036
53.31245666476552
53.31855314689234
53.36238643447064
53.42581604273447
53.50598470610687
53.533726878739984
53.56735875923256
53.60714098048548
53.71393636270786
53.75771670227362
53.77803970521513
53.920307484104576
53.95645729278493
54.011222670516766
54.04695648205616
54.14434451312184
54.18300583042846
54.21980040702646
54.27662274503401
54.36771667925756
54.38874549445904
54.390863460683
54.45934387571172
54.49950529943253
54.55277276325282
54.67695373423778
54.73951940882075
54.75705951202513
54.796305664556286
54.82872454357999
54.88757526727608
54.90029596973691
54.90289908324527
54.95685805073961
54.96703957988509
54.98857936836136
55.00597878693748
55.06142002484171
55.07184725605968
55.17728597685514
55.20479783507155
55.28812326117611
55.31077916779801
55.32698827597444
55.33931810810064
55.37381233840232
55.63545459123628
55.69802681900854
55.716383062708
55.74187844546535
55.75103266542835
55.80230444806092
55.81753262004493
55.83744386425204
56.0094689089333
56.085433102483066
56.08911013858695
56.10345896699454
56.10461154252149
56.25917128842318
56.26388641777825
56.26405680409713
56.31352757581802
56.3205653465064
56.39115145938959
56.43846684781507
56.60630079586457
56.60715839324294
56.63322140136631
56.63450592172165
56.64360918856618
56.64718722087716
56.64746342450406
56.776725971070775
56.79527288515983
56.80896239661492
56.85547128625378
56.8657618981927
56.8688398022247
56.880961018634544
56.88373015104903
56.88557046207761
56.91217009830151
56.97130643330688
57.01158612337706
57.01665059662613
57.06282847095188
57.08770912648716
57.2374599523225
57.26210228964287
57.26784609985194
57.326149065205314
57.35768359809322
57.357700176347606
57.365928519711176
57.41985879079804
57.44318648744772
57.58339565124082
57.60730813596583
57.60959618195541
57.65089423464222
57.74020376998982
57.79310255760484
57.80412125490687
57.81940592659522
57.89451147131556
57.90837285963063
57.97611468762815
57.977666047433566
57.9808071471353
58.01378616361883
58.06263400753764
58.07847311485015
58.11604841695374
58.11745110331942
58.13427645016299
58.15916535276676
58.25952637087379
58.45779471096733
58.48123322103663
58.58890101322156
58.61933544616019
58.63846535812134
58.65137527891166
58.698851525095975
58.79904825883016
58.80673471963901
58.85647833499469
58.89888208111651
58.914217131157706
58.9345448944986
59.03383567581408
59.1138176230815
59.13109437631534
59.20285623028199
59.21216103656346
59.22137252517938
59.26940336328378
59.30618127352312
59.34826119896434
59.3651907576288
59.42479727163396
59.48086971098988
59.5555455410242
59.66078317769564
59.805365613884966
59.81392790086844
59.84297395396661
59.88238023447008
59.93535367880369
59.98134784433788
60.02285262140341
60.12708950158849
60.13613001589574
60.21005850141776
60.22777152888254
60.24211492581443
60.30887678392985
60.352928621981135
60.35737145365153
60.41607759501204
60.631115625697305
60.63270964073583
60.63446560673727
60.72385480187431
60.75580159042477
60.7671719514601
60.79984583724315
60.81298209716215
60.81698725418547
60.90004993194691
60.91771178464786
60.92001050806009
60.967159303999885
60.9908763338962
61.00939867666849
61.06565122082299
61.06804863785102
61.07592178820267
61.205595350981554
61.28948846202356
61.514992963163614
61.559491888741945
61.582773890612295
61.59077512151969
61.64521246539113
61.71534225074568
61.727031588119566
61.75227883321031
61.758970986025616
61.8059845084544
61.95347221370556
61.96483422312682
62.0258423917545
62.06594461901515
62.06961459548421
62.10350674488844
62.13732416015099
62.16619975440017
62.27677997458439
62.30045966805792
62.36845018467784
62.376352253333934
62.38827838095349
62.437928824163706
62.45178570570536
62.45447661167408
62.516098268209085
62.5663983211316
62.56677286013839
62.613064678750376
62.68066235280879
62.71503007028074
62.72165409250524
62.755731142764446
62.80940210758123
62.8978922310107
62.90332698068691
62.96852601184318
62.98278627508687
63.00202390141784
63.02410024863647
63.15249704023616
63.208216837907415
63.21820813301468
63.22546938807508
63.23212380945598
63.31728718171596
63.31907081107235
63.325220592495526
63.34061175156555
63.46835412030083
63.49071187479104
63.51622484773989
63.51933564693726
63.57346960176522
63.6220624923512
63.630787477322095
63.808698603534175
64.07349102064501
64.12721170918346
64.13971403172899
64.18483411400857
64.18630578773784
64.20942524246426
64.22810995738644
64.34425166024353
64.35522640634339
64.4069494125463
64.45872913094712
64.51343391119512
64.55332518907078
64.61569832958212
64.69117238501696
64.76523037957898
64.77856576813026
64.85282445111888
64.92722665699185
64.9713998489903
64.98478526789985
64.9912465509
64.99441265306486
65.06141840971337
65.10915994588645
65.1174354413185
65.20241190578517
65.23134862893664
65.41354078230823
65.42929939559889
65.46069173007292
65.4660565481061
65.51434926241406
65.54843999688579
65.56989324619167
65.63109649177721
65.69245658490343
65.83464416471226
65.86097298068677
65.88031730833627
65.89579442962766
65.91444188538958
66.08846416181758
66.09380200029064
66.14267710057045
66.20191569959634
66.20934108850935
66.2639812785327
66.27066113443594
66.28808257406162
66.32758467602986
66.37333138441791
66.3833974926405
66.43121073134148
66.45094605443475
66.45150425361285
66.47197175806218
66.65577871446716
66.65883918537111
66.68658019500681
66.70104494797708
66.80565816912744
66.8140846231147
66.84309430569877
66.87910668138838
66.88799366818279
66.92070845786286
66.95747692121297
66.96630853056874
67.0398326585035
67.0785943863858
67.09443765171088
67.13482843140206
67.13949267198196
67.16843519724114
67.17379583940122
67.24167478095501
67.31367040793347
67.61513092498616
67.62454758726645
67.64023822917551
67.75625932943122
67.76734051558391
67.79059128250118
67.82602810678344
67.8433725368516
68.00752974815153
68.01188642108986
68.01657074272896
68.08824220566248
68.24932342435335
68.3048787679651
68.49194070366936
68.5329893241213
68.53483893330966
68.65614250772512
68.67657623259036
68.69956434618702
68.81630537634918
68.81675954423258
68.90982568302124
68.94815590491868
69.02426740678733
69.08412850817253
69.10892334790981
69.17302025929001
69.17307590236025
69.21266795930427
69.26865247717579
69.29188020915988
69.3040563424938
69.34609122363452
69.50674197633258
69.53407660068646
69.5388579162638
69.5452500519428
69.56757292010822
69.61771392718562
69.62919254848961
69.65347817072832
69.65648569264833
69.81154264110334
69.964443474296
69.97663780354762
70.02841333536716
70.05089554978348
70.09632455090939
70.09988989452744
70.12681863034099
70.12886318669163
70.15409225544983
70.17442105783033
70.21030642246134
70.28689618451757
70.29119766505491
70.48314313755496
70.56134789190057
70.57924991150077
70.61923112928065
70.62633951527407
70.70320479592385
70.77257001930647
70.77372230442333
70.83869482143355
70.85331880982056
70.92182332883787
70.92186953901066
70.95905140423659
70.99911747321036
71.02663901734522
71.06154282829911
71.06205915353328
71.06261228056438
71.09435719648845
71.12434142606327
71.18245871306873
71.19900806439094
71.36484852226477
71.37334549172665
71.37818411303755
71.43570882742895
71.45275596371704
71.45364926043996
71.4881409713671
71.51866914165048
71.53490768087742
71.56820710479495
71.60335532776163
71.63868014748995
71.64338521415937
71.64484159111477
71.76904979618085
71.78558733971589
71.78760706149521
71.79933375408353
71.83185882714704
71.98012289738294
72.02096613988199
72.02399111878836
72.03256358717269
72.18538639341287
72.24277529680538
72.25175226791244
72.28773596599592
72.30928032570804
72.31552202033662
72.33332389924287
72.4047794926328
72.41392762200877
72.42898304601184
72.68772870707213
72.7151523464044
72.73466829816546
72.83861793260836
72.90855817364499
72.9129551464377
72.92305231027387
72.94605548142832
72.97108931382394
73.02743129535219
73.04698140420949
73.10490604309965
73.15099475398165
73.17344422196199
73.20933440295346
73.2126689844116
73.28436594821346
73.31581149423934
73.3728708044459
73.39638903916502
73.3965229109283
73.4088616475051
73.42347271310275
73.55118791501147
73.58991039370508
73.59436066405578
73.68068397665377
73.71132587176228
73.84948850374343
73.88308625300832
73.95022853040551
73.96699686754609
74.00184641274879
74.04818755858318
74.15333531683783
74.16172432657592
74.21731936393104
74.22359549670105
74.26872923606575
74.36620510948036
74.44860891473986
74.45537944418284
74.5183297311113
74.60810283473947
74.64723652678093
74.66357885263196
74.73687900741903
74.74421807387068
74.80553720234431
74.80624577650414
74.82528068512129
74.8422898426792
74.84494790251048
74.9204389900727
74.9703357884373
74.98404631778031
74.98763731620348
75.20145831009214
75.23881751194001
75.30656884785947
75.36782654686527
75.42079335688204
75.44616907713775
75.49864804445686
75.51772535807635
75.55143863128988
75.57576663299153
75.63688981705394
75.65218934306105
75.72776407443669
75.759091363561
75.79448728289555
75.80461692091531
75.951484160126
75.99078301754139
76.03519712258641
76.06371706901697
76.09384661279304
76.21961990982241
76.31931037232788
76.34389733946388
76.37917034180974
76.41057578574383
76.4686880037692
76.47276369138355
76.50625388614232
76.54885794351736
76.62537786474877
76.67992739258796
76.77591920593886
76.80558635676003
77.04206167833692
77.04491597686594
77.09097344279195
77.10854473591296
77.16387143755196
77.20367964618457
77.24229548343284
77.29511142154314
77.31043944604944
77.39191934681148
77.46893186117966
77.49295886357427
77.5274938892253
77.5561200793116
77.70747338432817
77.76104344095715
77.77151779511888
77.78708272672694
77.78734720869814
77.86972155525973
77.8945482891502
77.9132640255481
78.02783991460164
78.03156516099388
78.06295098668106
78.08255510386356
78.09352144477624
78.22148629227657
78.24936784611874
78.25916555892715
78.33861177790578
78.41596566857551
78.44089014797953
78.48669415073385
78.48717442795412
78.61176035432237
78.63178056653503
78.64516984607066
78.77068236299164
78.79843977510215
78.7989173527513
78.8109377959032
78.83125140122658
78.83700795458655
78.92375477593997
78.95000007566153
79.01579291080839
79.06296965868911
79.06473715248815
79.17011358573075
79.19836974154278
79.20061359973344
79.25996443420644
79.26453051363697
79.41792450521413
79.44196312121973
79.46337659585481
79.4704144449591
79.52545134432043
79.53418458051524
79.62204538303598
79.67865796464093
79.73240359564373
79.77446236308893
79.81820739939762
79.91656902358892
79.91657299699317
79.95477775039265
79.95587222935924
80.03471242297287
80.06747238249568
80.0685522103035
80.11399442801658
80.12034151154982
80.12783103951577
80.19024787724877
80.21306913962447
80.26119635477889
80.31078401220695
80.3887350055627
80.45711705179862
80.4778900254728
80.56162600819718
80.60434936136231
80.6212931315953
80.65324973090013
80.78380897006187
80.81300435190198
80.83270465944659
80.87369167918159
80.90943605466082
80.99674876743215
81.0871414282641
81.10348433700665
81.10735266935973
81.15299291975569
81.15434660510901
81.23989918055776
81.29325655350875
81.30622641239317
81.30788103914537
81.43505856200527
81.46311599069445
81.54280710856095
81.5500929277901
81.64308005371697
81.65063846921899
81.87523500271139
81.89223232175623
81.95126369016734
81.95542228250365
81.96716991785846
81.98425082376126
82.07341331570409
82.07842976595529
82.1279826091589
82.13979551698755
82.17204057073666
82.26439213562536
82.30129443371555
82.30579120911639
82.34839540424883
82.40748785389783
82.44182352938914
82.47447413212741
82.47892105508534
82.52167444268808
82.5825368119248
82.68538018412187
82.93738386445487
82.96361104411935
83.00983292599187
83.04973571425558
83.08000964985163
83.12929147372763
83.18572594263303
83.19017242246758
83.25699665255941
83.31292847891467
83.31810965619054
83.32897883579858
83.34257056734201
83.36006389015498
83.3875693178738
83.43551365499751
83.45287359178775
83.51429876538478
83.61378677730937
83.72802182258143
83.76175987488237
83.78298076978213
83.86533690705689
83.86635456389267
83.86720481900898
83.88977965524886
84.0329804506935
84.17840066530927
84.21808845378636
84.23016970287026
84.24498480283349
84.30791684304533
84.5213502137492
84.7589980566184
84.8225720100479
84.84877789414753
84.85260998467434
85.03701968702
85.08895259939267
85.09178423681351
85.10087981678474
85.12975746457009
85.18943562238923
85.20503231387296
85.25535724785782
85.25994683735094
85.29931509617745
85.35205824147219
85.35233658076258
85.3941027991614
85.40715087311865
85.42152823409276
85.44757115664035
85.51139569980164
85.52825243705855
85.53687742505383
85.56782899705304
85.66566178329018
85.66741800375823
85.70078117389967
85.77149912167982
85.82209094624453
85.8472732342378
85.86586274487388
85.899408088922
85.91952410032852
85.93575540239962
85.96235364259128
86.01012654087322
86.10868470482323
86.18134725793892
86.21805374639372
86.24368585240424
86.24981188262514
86.33861906258188
86.35810662034218
86.35814868791569
86.36946413396342
86.37193496156841
86.50986440270209
86.53946101505369
86.56522641623332
86.6528603885178
86.71488486432531
86.7180603140091
86.77419076748542
86.77981987178508
86.82938135676135
86.8606693262562
86.88072197332394
87.09815402262855
87.14838007901878
87.167564959173
87.1750003899084
87.21853212357598
87.22418003946129
87.26160734748224
87.34646676279631
87.36195926298227
87.43119850497924
87.44810857361375
87.45876366000755
87.48582567366311
87.5219839422208
87.58754643150517
87.62649462582064
87.63887499618836
87.67793720687128
87.71966777358324
87.84479566748094
87.89581589546484
87.9054365835576
87.9271720959559
87.99000818331743
88.03847942756924
88.06559262871983
88.06765418632077
88.37735060652888
88.37770947761771
88.38305322173792
88.470864632309
88.478642925792
88.5524671721141
88.56496673304649
88.58182814068985
88.59112310691435
88.60967432713794
88.72074093780833
88.72919194341164
88.78100281668921
88.79185465173238
88.80300646686628
88.82895314704271
88.8448622957402
88.84990126848457
88.8643409824953
88.90534364943925
89.03373395819946
89.03383333816734
89.19969192682682
89.33240831353456
89.3841878511034
89.41115034395668
89.47333635932176
89.49947766095691
89.53190634045289
89.56458775494617
89.59746357536899
89.61166749060816
89.64286722954043
89.78860094482148
89.80737201169843
89.85704123536237
89.86790352292105
89.87019212181914
89.94165562227481
89.94779957026088
89.99534546775618
90.02019656713342
90.0395984795438
90.09073038644414
90.18923846333756
90.21528272029572
90.22131246176984
90.29632802073309
90.31038422405858
90.36287087809497
90.37057458127192
90.44414379990286
90.5005029871606
90.52946052962176
90.66065568342697
90.69093242038544
90.7053073177228
90.83390475114248
90.86756132157744
90.87507422306253
90.89262724815732
90.96242189660954
90.97542950929282
90.9847461249218
90.98484779672437
90.99911368149677
90.99922868809242
91.01678855499252
91.08972100916836
91.09218086984188
91.18119461356468
91.20196030473168
91.2104516914188
91.3489736746868
91.42943478850736
91.48492904898316
91.51431149859158
91.7188882485618
91.73647020818817
91.76380435918468
91.85179332529364
91.85756925589224
91.9498884260416
91.98233865959496
91.9824794406158
92.03340144377708
92.0687385225172
92.07260258801698
92.1731110876458
92.25161079977724
92.28329676089052
92.2989643302478
92.4287460284115
92.44517999016082
92.4468708392934
92.51355976215574
92.529345725829
92.57190893243364
92.65544384376707
92.6823007422312
92.7446791620957
92.75133572376131
92.79665883219312
92.8415723322146
92.99352217404262
93.05107884349135
93.0686963601568
93.1595494878558
93.26372329595117
93.27100319822716
93.4165971633336
93.42653644843072
93.448354402676
93.52162764747897
93.59315801966028
93.6580665983726
93.66291853960092
93.70777460410218
93.74236451314682
93.7498189035566
93.79909141966884
93.8264169466639
93.83030322951052
93.882603616123
93.89194979994564
94.0125271087746
94.0276981304365
94.10709396744404
94.15471968944593
94.17638438111074
94.2030909202964
94.33511181063324
94.37990031520002
94.44620680105751
94.46746962139066
94.48427266266204
94.49799668881693
94.55457597577266
94.57030281686971
94.73685499808504
94.73907299687858
94.787859176463
94.84780304150358
94.85465885767584
94.91474203223623
94.98265612730184
95.00709364141632
95.03373072027792
95.15637861517484
95.23808412683682
95.25066434331676
95.2663638833872
95.34139445636002
95.35509045270324
95.35511296721988
95.38151251706743
95.40023529375566
95.42073627275713
95.46660912035786
95.48733256486145
95.53222858557848
95.56669581782651
95.70099383744692
95.71343617191744
95.7241103523145
95.73033372942628
95.76192763091352
95.80187666395142
95.82016815133184
95.82161749524474
95.82393263241204
95.83670165151942
95.86357335482812
95.87193779503632
95.91286100596706
95.99603278086792
96.01580620642608
96.05688832395305
96.1159317583696
96.1240084690219
96.1328131608065
96.16504191722008
96.211009829775
96.32969504571034
96.35201995676984
96.47137923862668
96.47567243717312
96.62295868778337
96.64266870038216
96.71358283582276
96.7259572164268
96.80566279680208
96.80722519006736
96.82422518944526
96.9323932789592
97.0858262796244
97.17837194002
97.21760002197806
97.22310741572548
97.29541590307548
97.39876898294546
97.4450730619158
97.44530770184998
97.46579183575956
97.4733316243736
97.4830464490651
97.55643544605763
97.620301424591
97.75357442077552
97.75591542346524
97.83375635640893
97.9101957951615
97.9241473232186
97.94910784594936
98.05321972831244
98.08252395892698
98.1955991944612
98.32453762959288
98.35448069181356
98.38571614897114
98.4994217497938
98.5067769897878
98.53192199244982
98.53229078954443
98.6789299589765
98.71621334583293
98.77575323835336
98.88813288802014
98.89310716277176
98.93380607385065
98.93733455295266
98.97977938293066
98.98309142043888
98.9995425042727
99.03135775148684
99.08578762433316
99.0965657950097
99.11254849946218
99.1353612383801
99.21471129924872
99.216638493547
99.25979517070807
99.31161833505556
99.38119141134656
99.42325184651747
99.43025731792928
99.47548862979224
99.60050638184556
99.6684209563422
99.73985950449836
99.81644429020956
99.86540536898106
99.8719349760149
99.899746444624
99.90675719545892
99.90956902704858
99.94570244673972
99.9544740812911
99.98384949755518

==================================================

=== fertilizer_usage ===
Data type: float64
Total unique values: 2200

50.20999036684216
50.23297973155482
50.31997772500782
50.38834294155715
50.42472403517268
50.47950098293671
50.5137904119127
50.51541590890589
50.575000290818906
50.59066760979931
50.60435372748454
50.63697165072813
50.6998237195811
50.75259534219755
50.77746022122046
50.89515262658392
50.954417880407
50.97205047104805
51.05472640846486
51.11617165795382
51.30104384258071
51.34953291673352
51.66199226377792
51.708005261829
51.753279586206
51.86176667044706
52.065936254978766
52.16698676252896
52.31099106975566
52.41205256248171
52.61145259552561
52.91151251891797
52.96484560113024
53.06463216807005
53.07939838750246
53.21213083999676
53.2330702961511
53.2835793139323
53.28686107745293
53.32331105162666
53.43846084784839
53.445356185109375
53.4847086882253
53.49338153291603
53.50160477378381
53.51958225515938
53.67693480360279
53.69999432609255
53.72585695826199
53.769386633263714
53.8175605751648
53.91278689911475
53.93529112035176
53.97530155063081
54.023510964660375
54.14399328550846
54.301752600177146
54.30901306223228
54.331370934796176
54.34566149308729
54.41892583282219
54.46000266994612
54.50146691508304
54.50653012316506
54.61860794195268
54.67683678575163
54.92061500195933
54.97336759069617
55.09117389599558
55.12069480853036
55.191308811407545
55.32030300915854
55.32314645831764
55.34380260488707
55.49886082300576
55.509855090416806
55.61326172153046
55.69251692863946
55.76138848397649
55.82584035452409
55.91068111215151
56.04815367115822
56.22154661233122
56.246533803522006
56.27167364518724
56.29101402022205
56.359224984718416
56.382029648308986
56.41980671575871
56.42574427700407
56.53822219553542
56.75320571605474
56.80563952591434
56.82282248985309
56.844488326645646
57.4368363577773
57.47004577105094
57.50181445050095
57.67770222215255
57.79366971753189
57.82081369386991
57.85897807744242
57.9637403385222
58.07817506594002
58.227375897868285
58.24457670898289
58.29583581205883
58.40886177097968
58.47081771157484
58.51968813793391
58.534785406313375
58.587838804379984
58.89684581873291
58.9990592594726
59.05723322645373
59.08923793896368
59.18255794147022
59.234874881477324
59.36474248096073
59.53224919680108
59.54664820922447
59.55049462480298
59.69178781079182
59.70007420660832
59.70228819804632
59.70947809294499
59.7206261876251
59.76557434005949
59.79659947949696
59.82756219742466
59.881271064007976
59.967085749731545
59.97389337799559
60.037905735770174
60.04976133364728
60.08990062055904
60.13001053688698
60.20959851793643
60.27905269154682
60.29661497795084
60.31843581473337
60.38948498563418
60.4888514255235
60.55799294468706
60.56229027196673
60.64298108777543
60.67619902218952
60.86100923451223
60.8791805192695
60.90600452216072
60.91262251652109
60.91366339051772
61.0359298873191
61.13385788468252
61.46814443865807
61.55656742589002
61.95875604462668
61.97061959420441
62.00159685734603
62.12247787492086
62.12600925332787
62.14217555060688
62.32583125548061
62.41911573572013
62.46309885826663
62.499750155210734
62.52098834181867
62.550071797767664
62.69417794902066
62.746796299975976
62.77071764540508
62.91307477345761
62.94746357426948
63.019140869967686
63.08649555151926
63.11008006764848
63.11786693361304
63.16795283211216
63.17126024087995
63.24601529947475
63.44562444176315
63.50617900278353
63.53919782739117
63.70842566808378
63.76699357254688
63.84226764809659
63.98318110736047
64.04657307232945
64.07907127470942
64.11279989095868
64.1520826617105
64.29046029603937
64.36667170653654
64.4249385943942
64.45643709539047
64.467382468398
64.51951608323938
64.5454667859827
64.58607772384984
64.62263325490517
64.62505399434005
64.62797134381891
64.67934168250915
64.81147079120959
64.90979248812386
64.91055509058538
64.91873963859064
64.9602113199584
64.98481666077642
65.02089887532615
65.0409171983259
65.09420423563071
65.1315118703144
65.14449898572833
65.17159146098425
65.24990332515739
65.63500131260565
65.68642913016697
65.69228814761644
65.69833986214387
65.71082491127477
65.75033912259543
65.76244156394868
65.83655439898922
65.99854769206468
66.20559784957513
66.28186119150821
66.36210819149159
66.37212078439187
66.63436130821667
66.67036516664521
66.68024230037793
66.74536138917273
66.86053887350167
66.89124515598157
67.18167385925389
67.1883483586093
67.368604034944
67.37642970029091
67.52705254523843
67.56219982028082
67.7232105892359
67.75173160506834
67.82375808154919
67.9321834390274
68.20600730927012
68.27353251553252
68.3801094728131
68.52576369985275
68.57463046394965
68.74730964413166
68.87109012508323
68.94242075091458
68.9503249773089
68.99984517438678
69.02751453205184
69.08408655433956
69.10336413976074
69.12106949243804
69.1423489369196
69.14680302954363
69.17362155791035
69.26566539091439
69.5250543637903
69.77260870422785
69.7809545775652
69.79957890183655
69.88824642409867
69.916176229547
69.92985117485986
69.95604214677172
69.97518015217105
70.01148158526053
70.07485656858276
70.29259414435741
70.36439034657317
70.37777676276994
70.4126351253287
70.41464777902965
70.42307201385259
70.42554517173872
70.45662778244707
70.48868534896987
70.58021496314488
70.59540478674438
70.62341794508433
70.72553267929365
70.88071344821763
70.96362942364794
70.98280936652947
70.9905654056479
71.06269247215529
71.14582367300697
71.14635494827195
71.19616412063493
71.22365474829576
71.38914955068967
71.4078706574277
71.51163528374308
71.60138048904422
71.60545368971304
71.62588155356148
71.62654108913281
71.74147023571035
72.0669149096092
72.08055734151029
72.08074640097868
72.1137879378363
72.11757015862318
72.15140896743843
72.19142098690531
72.2049318713776
72.30713628663838
72.33558555901921
72.44552108567827
72.4624461797907
72.53311159524988
72.54698356028473
72.60430392587723
72.6382077363155
72.6506806558766
72.6739770822027
72.75606820523552
72.79170148098056
72.79471468140349
72.82220008131874
72.83044951894448
72.91822191097563
72.97582053038352
72.99056012372688
72.995371326739
73.0004976028303
73.01433469753412
73.0235131968403
73.09052931264073
73.18220250888163
73.28630513993075
73.30732639108447
73.34907317305174
73.37568349208142
73.44697633488323
73.49137448584582
73.55137622003463
73.72876935924288
73.73495527144723
73.87188460178672
73.98434354427917
74.06432056298912
74.10143217829099
74.1463654486272
74.37916665193858
74.41770991767802
74.42049577513521
74.4938501084522
74.62377489951865
74.7326110897238
74.79008678109258
74.81203324299918
74.85659030924579
74.88790175286982
74.89969577858119
75.0219092753126
75.06525515108467
75.19724981776201
75.259615568046
75.27380919682
75.28772241518749
75.31009670732925
75.32923724020878
75.37124859615275
75.4008561756873
75.41706822969478
75.54402366252853
75.54763806100813
75.57770860579086
75.60097227870389
75.75147164765943
75.75725763658251
75.79029387760536
75.79408069846781
75.87943190560725
75.93574860573187
76.11877588535036
76.3411469234891
76.50941211221219
76.97382344171658
77.03014587497077
77.03901767446263
77.12408576411302
77.22720703090002
77.50585042481956
77.51230591761626
77.52136830296298
77.71366892549729
77.79460668512309
77.82306231727507
77.83189227854476
77.87450358965383
77.93494848418956
77.95457635828373
78.0782379946382
78.0997368708477
78.10462445279582
78.15760186642788
78.15967896209568
78.21373884062353
78.241680550386
78.3083947509769
78.32041495933046
78.32780393541171
78.34577613332343
78.50648007611984
78.51227358684415
78.76704627423113
79.02620312711905
79.10303559723077
79.1857549214844
79.34047464731918
79.34951018095876
79.3620932170511
79.36313101485527
79.37790618089647
79.44622616438309
79.44767278280503
79.4819471700776
79.49257075458524
79.52207931110493
79.52362590478475
79.62804323875835
79.66631936179628
79.80731930159591
79.82206258496839
79.84532811480098
79.9700454526329
80.1082714377829
80.12740659571429
80.259544837464
80.29805841517742
80.3320131567748
80.36856868382287
80.38030899614631
80.39865991915731
80.5046332109429
80.5088989621827
80.5101650011845
80.53423027896366
80.62196063019674
80.62705005038588
80.68377651171865
80.73659140489772
80.76446303613021
80.9585165361021
81.17487461980579
81.17609615791619
81.20702457685772
81.23566601135084
81.37968953619989
81.73447500534702
81.77991296914234
81.81545760654961
81.88184770662065
81.90678243999565
81.9316744947925
81.96454449515383
81.99505163008746
81.99904938066902
82.0149498853448
82.17341704399402
82.204708513072
82.24074584436177
82.29613921373789
82.32626339444275
82.37363432397902
82.42792699356917
82.71159650091977
82.73182407679495
82.76020645587563
82.77037833553902
82.82202308488746
82.84986088221976
82.90189296034364
82.92349760862379
82.9523141465906
83.04145140397361
83.06454514117044
83.12536483820415
83.13118127617372
83.18937561577343
83.20248043139586
83.2757211170948
83.283197225888
83.35247686197148
83.36220378606667
83.3625975461365
83.42295509022486
83.55117940975367
83.59398800199217
83.84224190851623
83.87280823515061
84.44065673348354
84.52425171463749
84.67342716065369
84.70099219371035
84.74815710430966
84.75000582500161
84.75182050119653
84.7752433099965
85.04684201197321
85.18682216924896
85.29477172866314
85.5268868908761
85.63316804697791
85.6429552683619
85.82814174036538
85.88590405276469
85.974353186178
85.98139515218116
86.03300245354444
86.06217357088326
86.06635344157867
86.13634506083083
86.20303706454222
86.26157186087448
86.28313765206225
86.32779065484485
86.34403896857418
86.52833522466042
86.61070677800393
86.72438065470436
86.80142964390808
86.89098958851878
86.89475594378672
86.9081438883487
87.01920348090971
87.06233455607287
87.18404174212755
87.37678676139276
87.43087634094319
87.4501510324937
87.47150540588083
87.47214750948181
87.5650796516407
87.57735236538299
87.58039411789743
87.60129437319478
87.89114469318281
87.8917147529627
87.89464619059336
87.94052548675873
88.00600335674346
88.03898210198298
88.04408120752419
88.35389727182411
88.36887333658018
88.40605515252025
88.43146522804989
88.5096312055496
88.55773094043481
88.772189629152
88.78776333617608
88.93148007885189
88.94216406000888
88.94495060282044
89.08092975689905
89.09424079466251
89.11704199613982
89.16928413341029
89.17570909603396
89.24663345599373
89.31210914127567
89.33713674118
89.34279936720634
89.35547461258068
89.3992975284932
89.48282616023883
89.48404263562622
89.49092365451492
89.51464708720701
89.52382420142655
89.53170937255086
89.60474845952584
89.61214012869137
89.64248019859518
89.82692143137432
89.8798796510059
89.89334344973517
89.94207353374462
90.038070568537
90.09117542879709
90.25123166275117
90.3097770916595
90.32702492013723
90.34594853642264
90.36997909549744
90.71533074830155
90.73060862841275
90.76441502130152
90.76772313484383
90.76985197987518
90.77778002834698
90.97254205712233
90.98925686543431
91.08008173258064
91.15100840908072
91.24112569778949
91.27591632380502
91.361134262089
91.48132388761478
91.57575487446012
91.720155830778
91.74046195047956
91.77330336082127
91.79399187121398
91.87792496729833
91.9020154279376
91.95561593563122
92.09545066731168
92.09802794361752
92.14397378109769
92.15260517357126
92.2156358266072
92.46507763832074
92.48101099932856
92.5292979001844
92.53851990842692
92.74499870877445
92.77118102875129
92.79412051831956
92.8247601563515
92.89077549599833
92.9304495126446
93.02423841221172
93.09903631181432
93.15715494443177
93.28564001541702
93.50844436839998
93.57449174116586
93.64842568508509
93.65842811310648
93.67651031815072
93.71657364838556
93.7207325793955
93.753587828945
93.76314280269176
93.7757453365334
93.8098323732352
93.9828192879358
93.99043405695396
94.00318740089084
94.03569099237106
94.0555619916651
94.12727903547056
94.15617383873035
94.1873355775962
94.29559554033244
94.40254529005638
94.41574136216605
94.42803996985612
94.50164703380148
94.53131341632512
94.53547347950274
94.59863293422804
94.68018892581722
94.74695707138623
94.75979929375828
94.89607315602036
94.91751510641296
94.96520622103009
94.98826067190492
94.9913289418162
95.00626343603636
95.12348051277266
95.12893874147936
95.16569532665643
95.19039742906912
95.32043388213488
95.34627692635584
95.35114280105624
95.4069949603555
95.44522793873357
95.49500531647568
95.54231955177748
95.91380501974996
95.91734238511444
95.96285687867028
95.96432240050252
95.98675306839488
96.02627961201024
96.04580067095772
96.17313824721587
96.41907705083196
96.524692677145
96.5890597807709
96.73329433689936
96.76359102397306
96.9527603057806
97.04732635043786
97.23084059358806
97.32467280795538
97.3670638513376
97.37811807988484
97.43424879026092
97.46521532639952
97.48689569336932
97.50124190798894
97.5131478051324
97.705825018495
97.79828414472313
97.90348653238536
97.9659991903941
97.96817829051771
97.978077428222
98.02721357338356
98.06971732242108
98.11425778695008
98.16274814973391
98.17994985320148
98.18447734746894
98.21511003205694
98.300501869008
98.31206247356693
98.4246107750133
98.43863613543245
98.52467306064544
98.5371975997906
98.59417987999171
98.62938788443682
98.6687847794456
98.77029643768734
98.8434458998906
99.06898365313128
99.63635367225574
99.7459900077683
99.75117476329008
99.891483893477
99.92315719772444
100.11407641958608
100.1320043635288
100.14754802451723
100.1668949802169
100.16792920777236
100.40715349485444
100.41706609048376
100.63237033264744
100.68136184336748
100.71169551443022
100.88329992197345
100.9275705422738
100.93672057870154
100.9614403749539
100.96652717377616
101.07652864776117
101.15413851521564
101.15899477501355
101.21400155139924
101.24255467488209
101.24366482888196
101.3128211428695
101.3488154533488
101.46591411909164
101.56258993777912
101.59075383220367
101.67694295009824
101.72538685372793
101.81546469652604
102.10683839764002
102.1504071970941
102.29354150771128
102.30621896907198
102.30853153222664
102.32510768412166
102.4069556815423
102.53898626170164
102.7245311499158
102.84335315147642
102.93148149286117
103.12848262273968
103.1965213955612
103.2289550857089
103.29541656452724
103.31310870234512
103.3656204648096
103.38397336666306
103.5874017357248
103.59936007380684
103.63097631738655
103.64972568576056
103.66412530165331
103.9023372108404
104.12017826725751
104.174370102864
104.1995601673656
104.21391783535574
104.24454508478487
104.25653441626622
104.29173227112187
104.300861506187
104.4420320671254
104.4500431856076
104.46759744959552
104.4842425093012
104.48565759466295
104.5190869980034
104.53137484517814
104.58511312069894
104.58563697151985
104.78459305413752
104.9010500758297
104.97742665561066
104.98692431810102
105.0172432800368
105.15702117516886
105.3239386518253
105.38261729102705
105.42243131698444
105.89513780179216
105.916133140638
105.97283401491156
105.9968443526586
106.14279701735036
106.1663840138588
106.1888904057198
106.2236939279766
106.23472911657636
106.23942590188344
106.28959531394024
106.32891145592926
106.37861436089086
106.4400803141661
106.57211441033525
106.72827996056486
106.8661270173158
106.88710097637318
107.027406624033
107.03346401279396
107.05543847780145
107.1857264023904
107.33412752411095
107.43116395731514
107.43748095346952
107.52075426853716
107.75428531092112
107.80064147950878
107.83159242222382
107.88225859661672
108.0102982610089
108.033406931707
108.0819451111833
108.12586318195407
108.27932768196312
108.28549828102352
108.40347174624212
108.40822058204476
108.44596160421976
108.46449825704296
108.49218094873126
108.49517382088932
108.71324040127936
108.7559752621434
108.77805833149615
108.78074946007293
108.82131199252792
108.88304447587058
108.9088756920103
109.0361329204643
109.0676714935862
109.12063987880084
109.21127413478104
109.218648206975
109.26400411388622
109.26891104685524
109.27265748940968
109.44631453871511
109.46735374335653
109.46797305121976
109.50067254914391
109.65935973017294
109.68732037488228
109.6933759824006
109.74874634292208
109.79351370442777
109.80672690326148
109.84339982647128
109.95121303031766
110.10457348712976
110.12290359038155
110.18419685355283
110.28795171033818
110.30103782164042
110.31192747268996
110.33546152077083
110.35238385794996
110.47108043166624
110.545819697527
110.55182732646747
110.606988854816
110.69171816953704
110.76121976142352
110.93762484310342
111.11511016724111
111.12982220320887
111.23811524036503
111.32606950802663
111.48571649144034
111.55123078154232
111.58437942852538
111.66790528806304
111.69765438364496
111.76343857772152
111.88469883792584
111.91387152472907
111.92986900866882
111.93346662648948
112.13425567540412
112.14150979645017
112.2517031298554
112.38070935767104
112.38628828487566
112.44735959212738
112.63467953972662
112.78792329339365
112.7979138370323
112.80201618444777
112.80966771998814
112.81273123519844
112.8584464207368
112.96638527262525
113.05110286089462
113.07828278245152
113.18112791386608
113.18721463676528
113.34548329158793
113.38844856342548
113.51330147935133
113.72324073670846
113.78180183756136
113.78725148276588
113.80370464769744
113.9790573587542
114.03875781083808
114.0648347834285
114.30601636912216
114.4325132652738
114.59086392109124
114.68805617232346
114.72785694205729
114.74288319379257
114.74736875201228
114.7675902185968
114.81555461561844
114.84027538489264
114.86358735953718
114.96499227927268
114.98219635444806
115.02329779434896
115.07131093177586
115.09741006321192
115.37056598476032
115.42511319876527
115.45965542586548
115.48482677845352
115.60950887521344
115.7926273533095
116.16818244352449
116.19275842177083
116.41148859303776
116.41522335611764
116.53077378215482
116.55764357221682
116.7154630883587
116.73738171867416
116.83778477149886
116.92754646988348
117.21200367055792
117.26676065919187
117.30724455676926
117.30729812273796
117.32934165021186
117.35881103358966
117.46636790658356
117.51270786951746
117.53397303357164
117.6780472521611
117.70349254221928
117.74159336186368
117.7791919535364
117.79350826302276
117.80240379451624
118.1412619908518
118.15717889321736
118.1578343495433
118.48322037922809
118.58062381506628
118.59008039681912
118.66986461047102
118.75556175231566
118.79743314609638
118.81855400711676
118.82675084403276
118.89215353500872
118.97258350847514
118.97639051041106
119.37304155990785
119.46996553954534
119.50298824045484
119.64704260314237
119.7061575911174
119.74433700694674
119.91495334365248
120.03831653295757
120.0753439618402
120.10039387658452
120.1546989159
120.16398859301589
120.18236790224748
120.3627224781592
120.40306872208537
120.4462779683401
120.56714336454505
120.62498938190116
120.62724331766952
120.7772764451618
120.79611718561684
120.8385755614118
120.89310430237936
120.93984847031098
121.03178339074496
121.1736596015814
121.23391848759056
121.27967822228166
121.30225101269946
121.56979071519592
121.60021550260196
121.69200601433182
121.75759784343404
122.21610525792188
122.33706548769418
122.47174379802878
122.50392426926216
122.5474627948831
122.57117304040804
122.58442238147552
122.6251744623977
122.6433651080593
122.69279795628792
122.81308612722135
122.84109623346085
123.05004763265087
123.06528174361712
123.08791682710324
123.11369498702734
123.14717910109164
123.207132632611
123.32145763633378
123.37947873472778
123.44539325149393
123.44943016901335
123.46346585724932
123.60563924023644
123.855756723629
123.88094527863902
123.91618268614567
124.08871632013896
124.1025900374143
124.1169805911808
124.14983543912705
124.28650757682946
124.35302289956334
124.45694859700934
124.47594178376303
124.49528681289584
124.50062155154735
124.67794503336516
124.77367930959284
124.78550780130074
124.78645033513808
124.79094402149045
124.81861532958484
124.88223124446776
124.91581943356606
125.15825561875089
125.19015966383434
125.24542034036092
125.25619331237893
125.26639085731208
125.27353873095548
125.38439689725244
125.44311060182989
125.61092857081644
125.66994046168377
125.67340631304896
125.67752272746044
125.71728859286546
126.09323181397222
126.16351024579018
126.18548013083372
126.3123458443681
126.3408696871014
126.42537348564473
126.42838700104328
126.45468590001254
126.57700672097238
126.71016693926956
126.73007576950194
126.76347682996813
126.83110482603188
126.8376477754022
126.8711016436148
126.89525398683388
126.96855250845972
126.99140157649605
127.10205805068446
127.13765674405565
127.2137803144458
127.23637324936809
127.2907759934466
127.69643411605914
127.71224823901218
127.71929565888988
127.76690214778164
127.77157188414058
127.77659063440504
127.80651505647134
127.87082240192696
127.8709880901036
127.91789266095192
128.13692601333287
128.1851338244163
128.23188523274808
128.37322086780338
128.67267650647986
128.76021626961207
128.89512448422803
128.9369769910385
128.99762556641122
129.0487393455678
129.1971075875992
129.19948973563672
129.26515867212646
129.4272078394163
129.51005311597203
129.53025310412784
129.61421446574238
129.65755934236736
129.736753962676
129.77503007345933
129.83547481040168
129.85806102189594
129.86446070526964
129.9587894841057
129.96462966860045
129.9997512190551
130.00948679223578
130.07543366050697
130.10517342022558
130.24024403885724
130.2794538965753
130.2798842463123
130.3430383523095
130.37475284044007
130.46750481159933
130.48816989268084
130.61575212717233
130.98840685460982
131.12639719611798
131.16201999919878
131.1759390675589
131.22994914109483
131.24198060086317
131.3403914582902
131.47925278847293
131.5541856611116
131.5650423396615
131.59770333561914
131.77956199612916
131.7978832877462
131.92867480533897
132.00618789090888
132.09347303471415
132.1831986863351
132.18604929157254
132.20877116174552
132.23336948200455
132.26659088462736
132.28741642007822
132.32370121208743
132.41378417742283
132.5031800088976
132.539808630373
132.56550711881744
132.68552470180828
132.88521727386944
133.03865745152572
133.09081500702848
133.12688793792137
133.1536054131301
133.2209310875953
133.24279479028075
133.2872655603867
133.50837263268656
133.62653435192448
133.66784955192446
133.75254055073822
133.8168623728943
133.9575737472112
133.96539496961844
133.98597976313476
133.98925020705144
133.9913064665919
134.0076579778979
134.10739186977622
134.12398555651336
134.14889439761612
134.1933724816157
134.2455911192905
134.34555973132368
134.39213187443812
134.47108304361345
134.54231677349554
134.5862112896906
134.5919794451369
134.62327371890927
134.6839331670297
134.77764423891185
134.85684466631554
134.883311430444
134.91927036530026
134.98556772081304
134.99564651810348
135.01115606008565
135.1950054273402
135.37321556442475
135.40246335772966
135.43701561765482
135.44257158631348
135.45289720660742
135.4694481586128
135.49984369999714
135.55711637823214
135.55733176017026
135.68817026686753
135.7033850373049
135.722410908214
135.7377885014937
135.78244246209266
135.80677614696026
135.84359887193932
135.8560201864664
135.8812099297652
135.9048160568414
135.92906584189868
136.02909931446464
136.37629868408635
136.49242735419497
136.52812950472273
136.55047740249117
136.6628479939916
136.67465270054322
136.72146349939436
136.83634986946586
136.84939977105222
136.87559990063562
136.8778857054766
136.9636866266148
137.0380544014738
137.05991608616355
137.13483831777512
137.22047165016235
137.22543962820458
137.30222940779225
137.38599652401876
137.4364929841551
137.68668492743717
137.7724042089612
137.89720380913064
137.96694805741024
137.99130805882788
138.0230653907572
138.02610245594045
138.13067316391346
138.2029020239989
138.24007836765517
138.26944034209043
138.27973225942475
138.30857038925944
138.30996178062065
138.38235925906838
138.38444969912155
138.68233548882418
138.71353935936656
138.7770689068788
138.78509223918883
138.81985669420368
139.14192755622366
139.15722806348896
139.16901748610525
139.34980036646454
139.55052821065215
139.65365017368123
139.6791809291173
139.84111070565928
139.84672168339898
139.96582279338912
140.08477892322514
140.2290349013113
140.33962000081482
140.37095176599914
140.3822080773886
140.4591296447267
140.52397899763963
140.54430102643914
140.73452527343795
140.7413931209254
140.79218594993338
140.8788773030001
141.12587680711164
141.19355893864417
141.23295765435176
141.34673528238787
141.51172728195272
141.78113696913422
141.9852223927301
141.99022831768212
142.0114351619101
142.07962565693092
142.11954544072432
142.17322355458816
142.25218145025667
142.2998374544171
142.360576497977
142.36409571467544
142.36918200156327
142.4198261231162
142.4222220056953
142.44955946225565
142.7926757284559
142.8194488043616
142.976686436046
142.9774075782269
143.0151720293891
143.1594121272793
143.1656958270931
143.2130660647947
143.28337589266903
143.3450708523203
143.38875839244855
143.4011115741675
143.50055339798018
143.66925639260648
143.70680006155115
143.71975808146686
143.7552328149077
143.78770997752196
143.83393670900392
143.85779771982436
143.98815300871024
144.02693009425735
144.0582826092894
144.08870430745085
144.12419207177956
144.17810757194673
144.24179620189426
144.29637134442208
144.33491944585325
144.46740640892386
144.47395894144205
144.60947761319864
144.64149658791513
144.7176546223448
144.72862041740888
144.8199745948752
144.8429930713454
144.91924297014918
144.96347686198936
145.03175125241577
145.03510317652302
145.056030870783
145.09261470629886
145.11760033124744
145.29000112141526
145.3109905266887
145.35805048578587
145.40000161285036
145.50793722437163
145.85744220412107
145.9956272682502
146.0076261603397
146.0603777102092
146.35756501438993
146.3702009082898
146.37218810389942
146.4564477356177
146.48202857459376
146.74711575342664
146.76750770069083
146.770955929652
146.87665706891502
146.9055825803878
146.98071359501515
147.03936237480713
147.10704852975869
147.12779155679016
147.14808723458407
147.20971780241263
147.22444635798695
147.23531360005626
147.2642965500864
147.27590151496395
147.3650968859624
147.45909433889156
147.47028618002685
147.55935061973446
147.87500524727858
148.0183145382528
148.03075467634451
148.0560576055633
148.17511127804087
148.19280414683715
148.21394882632706
148.31944962193256
148.3329136887229
148.34399646506313
148.4426525548937
148.6785351076055
148.7010535358363
148.70915148085135
148.77804162927305
148.86119798149065
148.88355226995742
148.88882305980923
148.96483184278736
149.01800314887296
149.05049501552014
149.18123915120128
149.26296739232674
149.27264479590212
149.31122732827652
149.42298760922466
149.45025430962647
149.46146378980507
149.5442802314285
149.63760803872756
149.6601923340302
149.76693048590732
149.89228123683662
150.05138747500175
150.12815322700828
150.15861990749454
150.2109306161392
150.25666850684064
150.26071411915325
150.2924298169918
150.30286046657392
150.50872882532622
150.56251841857284
150.5704491376427
150.64694806976306
150.66977606930715
150.70526580365572
150.88962236027547
150.99400840434404
150.9985254746033
151.02006458177112
151.11576396874543
151.19603335103704
151.21530925627837
151.3597257104543
151.3622231215832
151.39212603584306
151.52352085772986
151.60388893327962
151.69375527092274
151.77160143792923
151.80501921476332
151.8923373571551
151.98828590293806
152.11563219325274
152.1965332537667
152.22147269372917
152.24460855187027
152.24530754196064
152.25029262775763
152.36010018960314
152.41668215557087
152.5063049534814
152.6189142347218
152.74213974097623
152.79123219406466
152.79247734549136
152.8117827755376
152.93451220153014
152.9955973904517
153.1361601927435
153.25370991857812
153.4998724982956
153.60052412097752
153.76497951273336
153.79970077928374
153.87646097082438
153.95309928980754
154.0690890069302
154.10427469865033
154.1485706177147
154.20445015719667
154.2956162824938
154.32569950263985
154.3674169663304
154.41193582304
154.4853158709322
154.5213818023066
154.53103676689994
154.56542616742786
154.58206965789654
154.60800348787296
154.69495012621178
154.70129490087294
154.80948645235458
154.85654775776177
154.934642056815
155.05788916752206
155.069503923141
155.27413571499994
155.3053682808843
155.47061887207352
155.6591529376839
155.75860658256528
155.75930047011695
155.81085615975425
155.84674722568252
155.85935528792442
155.89871386775502
156.08010202144814
156.11533701288172
156.22444744804625
156.23339403126585
156.25669793594778
156.266629819775
156.27800171407574
156.3039986054594
156.38451463515426
156.39372900121202
156.43312607480055
156.46814223935624
156.5443354532003
156.54657477867374
156.5596174595184
156.58038863375015
156.67289734318328
156.7035367746551
156.71569404413762
156.80611532643263
156.83349954557946
156.83633674580958
157.16962318939147
157.48038245153631
157.6281074590163
157.67568209107765
157.9013663391306
157.988831977907
158.01638692250532
158.06994422078694
158.2043406876614
158.25459172539072
158.38056632585693
158.4992311323428
158.52983957528153
158.60746395196685
158.6897048483919
158.75207963010973
158.8562078594927
158.875942161854
158.88715414329522
158.94908165448794
158.98328408349303
159.0612978646435
159.0952197795702
159.124328827684
159.23748821557956
159.27389151368942
159.4495161394792
159.54434391971674
159.6303245962132
159.7020166179442
159.70702350617273
159.72780159724152
159.78335427298515
159.82449310760563
159.8400644661903
160.15599456340544
160.16413606534178
160.1714048413134
160.31776082560293
160.4323649637663
160.44535006661815
160.46350289723225
160.510896792121
160.51334488902572
160.55476192728185
160.5700206671807
160.57205317923018
160.6337250087647
160.82450580403122
160.86213273186013
160.90684564463436
161.0074708460191
161.0080343731229
161.07910666314754
161.1511192985543
161.1763131651524
161.20814345370042
161.21925512563695
161.2377189490994
161.26803363553313
161.27349181695152
161.28518180011326
161.2887164678362
161.4683243095217
161.62913034429772
161.6658188784206
161.77995862720428
161.94945171388022
161.97563041305943
161.99888092080016
162.02079593347247
162.0651469017243
162.12832940612995
162.18119764575658
162.2115142975116
162.28107493535322
162.2816929151758
162.31865569220687
162.39579093341422
162.5997835211911
162.69555002293913
162.70904483875375
162.8530689133645
163.1320381593003
163.19587042124698
163.20158796758875
163.27810036766954
163.2871170261023
163.2946577927375
163.43800910790304
163.4620666185328
163.60040788315183
163.6520288102647
163.6580924686328
163.74878454383958
163.76032302773902
163.8462939504583
163.86326353788792
163.91622978418593
163.98884187683456
164.07256879546418
164.09135101732903
164.10915029354345
164.35702005773132
164.39093274730334
164.66024351651748
164.7096716691027
164.83459344987793
164.8600279221189
164.87351229655803
164.8741166092643
164.89638779262273
164.9275724718721
165.13135951267918
165.17017328031994
165.25335565029658
165.2600118877042
165.42229088622418
165.54972520658615
165.63728297599863
165.65608019107017
165.72081081707876
165.79366141632315
165.86231913387093
165.86602552643964
165.94990266410656
166.03620633787108
166.04727940670887
166.0479016258637
166.09544676544482
166.23807531343883
166.265297640808
166.32532771304403
166.40316489001674
166.57147874658767
166.57231522635095
166.57501416749966
166.60087881602348
166.63596843628682
166.65320338716063
166.71645261209306
166.8135913833921
166.95904670957788
166.9901505026583
167.21439823918263
167.24947652345196
167.30579177622758
167.53660060263786
167.55163719360405
167.58019555749286
167.65971112990937
167.77064746707694
167.7721023607175
167.92490009510308
167.9479081298221
168.04943957666626
168.05913500315523
168.11809095514155
168.15983659460858
168.1958611998441
168.2725521814658
168.4121573583074
168.44399298878298
168.47286975292036
168.49897510630896
168.5822199141312
168.81338534918729
168.93573909544585
168.959420004097
169.0513042392963
169.08993056819628
169.0991222838419
169.17738776838848
169.1939008270801
169.23831107647976
169.3729531513219
169.4328990770692
169.48296366236775
169.53659841875515
169.56510545966745
169.62259056532866
169.73686727741472
169.7458183478942
169.86674221726693
169.96024929949516
169.9866401927882
169.99995393891058
170.09907330161417
170.1537412234884
170.1647152006396
170.19914880503742
170.27179532513938
170.3587734643768
170.4196141886935
170.47018716051412
170.48394930956465
170.48577827146218
170.4998435771385
170.52421669656854
170.5637601461586
170.58868315984253
170.64946473485531
170.75711101332783
170.79019417937394
170.98431012417248
171.12560398866833
171.23370171870343
171.28128766778366
171.3266760179174
171.42217387702792
171.5160235737656
171.68021322194417
171.91035872623956
171.97510511970555
171.98740161433886
172.03400089093364
172.06074618132618
172.22092375134736
172.23787995872692
172.30570030808298
172.4208991438148
172.92472883249303
172.94818176868122
172.9760334545142
173.04439018246595
173.177902240913
173.20601767433058
173.2205530986008
173.23137948751315
173.2837914673207
173.4000279177962
173.6484312572954
173.81983700175644
173.89997621003664
173.95436604816672
173.96416813631942
174.02835566705485
174.13136626885782
174.1325321968036
174.27636651034845
174.3271360684962
174.44108517911155
174.45942019867135
174.4805144828922
174.4996444834756
174.60254598807913
174.6626620899322
174.76189519589886
174.7781740882922
174.81614704427233
175.05313499022634
175.09407966380385
175.10424061806972
175.19968712731446
175.20228947499794
175.23213079211382
175.31427140341918
175.51582967415646
175.53791354036383
175.59666308434575
175.5998131314331
175.60337085708113
175.70639527144527
175.73687771843703
175.87754398196898
175.89477094436978
175.96911718670944
175.9838657764697
176.0496171642922
176.05158674655735
176.05472949422534
176.09719037371823
176.17768692245426
176.2155671139116
176.2610977771576
176.2615802492927
176.27241468035012
176.4055643498201
176.4944206941241
176.5869346559838
176.59092295464893
176.805006972234
177.2173099167901
177.31715702677437
177.32410271255884
177.33795580329695
177.3899730581817
177.4639238170444
177.47223893405862
177.53011086159125
177.5494190482779
177.5520904594253
177.58432507769277
177.6444672214584
177.8189288474846
177.8561845062281
177.89276826503374
177.95358783440952
178.01525136395938
178.03667223125913
178.05323719589924
178.5027974917523
178.5840260359625
178.67179927151457
178.72965586230927
178.76407708699185
178.80655691289454
178.82944878902032
178.8524442643163
178.86914690043935
179.03630022435976
179.056655107626
179.09836786234132
179.1024591202059
179.133721699248
179.40272482446582
179.47937353077538
179.51523737879972
179.5541255861399
179.57380433576606
179.59627225967
179.6158835391582
179.6803975469958
179.69058134877503
179.76101771844552
179.83212132332608
179.90972750152187
180.01543751970692
180.18104003405432
180.31079213191427
180.3156871963681
180.33018142635652
180.4040271237194
180.4699161363673
180.59551886170507
180.60572692020085
180.65125468786547
180.70842699158237
180.78760129111865
180.83173704297076
181.04607156181368
181.2150130763364
181.3398894759908
181.35636770905035
181.37260550499823
181.41354229855995
181.44932599857037
181.5013610913242
181.56692027820043
181.5982824154924
181.660152592948
181.6964047695043
181.7079578905352
181.735222210214
181.9037122773005
181.99635360652044
182.0508467996191
182.09581558472436
182.14286974123425
182.2686981342696
182.2706500419665
182.3865652721956
182.39127625283865
182.4505183242789
182.5901243624268
182.6310306728817
182.681854889132
182.7848544321559
182.8472792828556
182.8726454614149
182.8726660417336
182.88175156487472
182.9951374348527
183.0088671621624
183.01863299393767
183.1554601710277
183.16726339664
183.293246619492
183.3286736782044
183.4788858193433
183.49684900802328
183.49783908910868
183.56553503648823
183.6387930341021
183.75570065479465
183.8360159360633
183.8644627091056
183.9097310415527
183.9586213001541
183.9641309870998
183.99429737436927
184.06290632078964
184.11407044715557
184.20178071374147
184.20765856674905
184.31341879493667
184.354922400092
184.3890075474088
184.44222143919737
184.5842361921965
184.61170512474547
184.73272952225392
184.85533095768463
184.89915236043356
184.9570551423476
185.04592558926535
185.09557951286305
185.20976571402215
185.25970154082896
185.26459460837037
185.3384339003948
185.3772992005613
185.4124677488549
185.4679255506686
185.46798667770727
185.57782693209828
185.6628827991948
185.6652874634005
185.70645377513867
185.73748184444383
185.74288171329476
185.7570161701242
185.7874166292933
185.8120390273185
185.812297993258
185.8333807032337
185.91206953466624
185.9673843488424
185.9919749922708
186.01945319442797
186.13765990389976
186.15246948100108
186.4145156277011
186.48685102113703
186.50269846897783
186.5566680066508
186.7020681710056
186.78007391067692
186.84642598195143
186.88821455381276
186.9055514633362
186.9294298835475
186.93661598195615
186.9399583187092
186.9701868718644
187.0996702339672
187.1053772921209
187.30077377825896
187.44019395595276
187.46655981055525
187.5306309203067
187.56723975298007
187.5883888255628
187.63211963423333
187.6363495518408
187.6483667148349
187.73782800471037
187.89553618285592
187.89880840317807
187.90639629883864
187.9560414325008
188.18436225462816
188.19495775411988
188.2341126004427
188.24374717444857
188.26723330830296
188.34717771095097
188.4896958564439
188.55757541290689
188.5975130541039
188.60076191114652
188.62834720899727
188.716862852116
188.73347457189928
188.77076259945252
188.82342966762656
188.86501570851527
188.8889778732133
188.95414187482595
188.98464258484907
189.12140155181967
189.1240521096317
189.1480747453213
189.198798563846
189.26313026753405
189.28173817132395
189.37306810857336
189.4695040897273
189.47641097269684
189.50176376909363
189.5251187999463
189.5339907178241
189.5644399706865
189.57989571154047
189.5841508572656
189.7188305869769
189.74731309561963
189.86700450443
189.98897760140355
190.3058554769988
190.4045172655387
190.42776986798444
190.56710446391864
190.61647353307183
190.8154419389171
190.863552769897
190.94487581847693
190.95066355422324
190.9958625616827
191.0977066975583
191.11147527632264
191.1797472721646
191.2534211555187
191.2988880236906
191.3005440783266
191.37822611046167
191.4007487508728
191.4140284485437
191.4291436179693
191.44476595253823
191.48394745399847
191.49752176821636
191.56001905721564
191.5888374663804
191.6410110480101
191.838880151938
191.9222335308865
191.9234439281717
191.92938931615672
191.97607728111197
192.0184285933717
192.04750810771645
192.08180975102624
192.10339009153964
192.13503225182205
192.22689965854005
192.2284224026493
192.38838170532205
192.4755319175036
192.4802887911603
192.6223789965811
192.64825248339085
192.67623820392848
192.71602737962223
192.859235646241
193.00337185971227
193.08952705065823
193.1377293725812
193.351124606585
193.403415197646
193.5000945619261
193.6555155808313
193.74679060695505
193.80988853688527
193.8331498056675
193.83550134129888
193.90270283857663
194.00269897218308
194.0162531452228
194.1069926454753
194.12622174805483
194.24591722676288
194.40826186030029
194.46537178757612
194.57941698092668
194.6125768494068
194.6207879685117
194.63639907381616
194.70705710667465
194.7114229527087
194.73841426068023
194.74072848189388
194.8081603016334
194.8462494962094
194.95483184509987
195.02625406452367
195.2294955713066
195.2346878090338
195.2599860635088
195.5193840649691
195.59519923855683
195.6073354149032
195.7361604567481
195.8162786796658
195.84908559672576
195.9146550892993
195.96949710013843
196.08297109004903
196.08957382808669
196.10186297008752
196.27523976474484
196.3036365283328
196.43105045416303
196.43177752092893
196.5687514513752
196.58796532887771
196.65335693722
196.67365090159973
196.67522663831517
196.7066562998277
196.73922781149773
196.91445049736092
196.9320972619908
197.01038588191165
197.01967181900736
197.05595676081188
197.21994231502356
197.40290968781517
197.4292169939028
197.5500081937698
197.7090028013876
197.8552941549168
197.86721849164235
197.87012983697647
197.88295846111785
197.95740865981156
197.963726336477
198.0416735829436
198.18363124538595
198.18831931961984
198.24606166941552
198.2633189264652
198.32016072814443
198.34024289581905
198.3465759008838
198.4233497105028
198.45304675823485
198.54102074271773
198.59147432343516
198.73414152438573
198.7702532837622
198.7775467148289
198.85529488313992
198.86073234488808
198.916139691058
198.9523482048007
199.20101231526823
199.25068069960747
199.3009022781461
199.3239390961693
199.34446417920003
199.3891934617723
199.66489031281287
199.75266291345133
199.7696085130453
199.88157956474925
199.98216584521697

==================================================

=== growth_stage ===
Data type: int64
Total unique values: 3

1
2
3

==================================================

=== urban_area_proximity ===
Data type: float64
Total unique values: 2200

0.0177564878703462
0.0510002765686468
0.1416449413979059
0.1625524871048944
0.2134059110439679
0.2321993266906241
0.251000860857703
0.2636957763911929
0.288603668204751
0.3017229802193766
0.3108019141365492
0.3228383223785158
0.3468537761907975
0.3832862001415693
0.3850757628526546
0.3850781073277909
0.415997807100954
0.4646916044235394
0.516971074202166
0.5378753543326675
0.5622011977599706
0.5671276899259725
0.581889380204198
0.586265820331483
0.5905335264858425
0.6031900057873574
0.6054499468604202
0.6069531234466463
0.650495067016188
0.6585268262909172
0.6973995760514939
0.71324937125537
0.7264491056705347
0.7349057764742373
0.7452125730909365
0.7720179223026591
0.775878150027759
0.7782541988605507
0.7814819256247385
0.7816359790176253
0.7892802288247291
0.8228097238958176
0.8411888947684965
0.8843807577655294
0.9006575236781167
0.9075737494833092
0.9490771023170752
0.965030238427972
0.9862809751114144
0.9989367787162362
1.016687733033772
1.023681288866768
1.027971043028736
1.048151784356105
1.0669375779377877
1.1175626742326803
1.1960148013349603
1.2198301621376029
1.2435731378973636
1.257897127552754
1.2989234870194155
1.3028932416761008
1.3093317938740412
1.3122056164789897
1.319744225232916
1.3359412336788945
1.368782417851766
1.4059166181180305
1.4138136359547526
1.4795347064884223
1.4904323779681985
1.4951797795991206
1.4971213125616556
1.5118172905314031
1.5148232427392103
1.592171825417832
1.6043705227876293
1.6246786537615687
1.6576727114613332
1.66379851977983
1.7014440614145587
1.7143222452754014
1.7186714186944507
1.7378188762561364
1.7580950527365913
1.758717705490398
1.7743125354371223
1.780732152807124
1.7824553272847488
1.7830325527044888
1.8196697349286304
1.8233206878226824
1.833968966270244
1.8606160719431108
1.8940112230016624
1.9091230143778948
1.9145197915639625
1.9501967408222245
1.9631792354564137
1.996705461635284
2.007879864575396
2.093686147517598
2.1014026676201114
2.1033043307092605
2.119843779269359
2.1564420678990395
2.1599421218509773
2.190211023804012
2.19651743292249
2.205524411917648
2.215462143919156
2.2938714730128487
2.2960246088567504
2.297820502907649
2.3188803402420524
2.334894659604736
2.3616627853399184
2.403105847491488
2.4508080296692047
2.4685429446858254
2.4970433078432497
2.5253346198019444
2.5264928579438406
2.534770053091484
2.561189200002389
2.5770707415240626
2.6096072744295764
2.6945611484281984
2.7196142681382094
2.729027855252536
2.7518908751832774
2.75202209842233
2.7723671327484323
2.7817769705454576
2.8292550355828503
2.8477566172317506
2.854875355888659
2.860184996139576
2.86735554521687
2.9083262135413293
2.9100869578331245
2.910249616931365
2.917295977621293
2.9697062309190447
3.0383432774663097
3.0447921777839726
3.0451823352083407
3.0518096558960983
3.0680263490406534
3.069025657830421
3.0809550941842065
3.104145924264934
3.121397893136652
3.1538141216433893
3.224739326113818
3.2353428707002307
3.2649478670135346
3.282094809061742
3.287193052337367
3.3247710602555216
3.343288758961638
3.4314829320139184
3.4430112297040685
3.446747772795178
3.448945717649571
3.4513361573214327
3.4529150989251525
3.4643239345160337
3.471637003759476
3.484919487487676
3.5021582396895843
3.5154381351317934
3.5225913617418723
3.5278297409456263
3.5382986185505336
3.548702259054781
3.5504123429854872
3.5565101873162863
3.5939648060086924
3.6157983874724686
3.6162076204539817
3.622663818946792
3.6339073874645456
3.635956750207081
3.672825917807143
3.673418204666034
3.6799656545810633
3.6839144098085255
3.685060020334535
3.716450900550805
3.7551038389567526
3.796757156112968
3.814613181396559
3.835744661342233
3.8393354365707344
3.853887383258292
3.90080149426228
3.9417950763689538
3.94187966560135
3.953666259292338
3.976749933629992
3.980968250828065
4.004620039881656
4.009759647512462
4.020877711638598
4.038049027266882
4.045545810300616
4.095248605924878
4.12780122100111
4.135160141236738
4.194985620642871
4.233709674900959
4.248663134646103
4.307914033775656
4.335156741635321
4.33634603185149
4.371497947856751
4.404796040752751
4.438089265648642
4.452168951636715
4.4529646545517725
4.455124811854915
4.4635301060318096
4.472954345654462
4.523720464597847
4.531077958351326
4.540941515511832
4.580019100852178
4.635155102792682
4.65409925376663
4.6670802423831645
4.714427327225068
4.83770581399714
4.844258560297576
4.852330346328937
4.85770616327591
4.861199048302972
4.887897777785383
4.953312485140815
4.969032622644293
4.970428090272394
4.995733608304359
4.995897681185657
5.039669238199762
5.056436652040841
5.131734354284196
5.142477751892111
5.162644854398296
5.173570137464223
5.1861040797590965
5.212742279274591
5.237154050854781
5.258451529725644
5.260913481587759
5.288644975579782
5.319566387141656
5.420510469972784
5.423462007267404
5.428551936316007
5.448930070731761
5.456456768746298
5.459624815826652
5.484265314638731
5.49256345807253
5.510014012877839
5.54547659472534
5.569805288773994
5.571976682300289
5.598804003963193
5.631798173528252
5.658761975512938
5.665279434640796
5.752068871491778
5.77573688980903
5.78590846580278
5.792494299249879
5.802295833218373
5.834697406921857
5.854667226981047
5.913048462057108
5.923400342060265
5.96468717447281
5.98846278748717
6.007991296173759
6.044217553171244
6.083707367285896
6.158774755379448
6.1797061831319
6.187008780024467
6.190504312857447
6.202160617644953
6.203481960846608
6.203623365148419
6.238499860437996
6.265937847329239
6.334056913628555
6.334963616786659
6.398978234102392
6.4189904008074175
6.448507977338696
6.478122584416507
6.480086255261853
6.499175693601201
6.545228761665384
6.547539853987533
6.604137137384475
6.628054492140628
6.659135697162805
6.669174268873595
6.688184188273805
6.693182383138313
6.707805125271133
6.753621989008024
6.754367051941496
6.759563076506714
6.771111386270478
6.771608780020999
6.79093563889327
6.830558302286066
6.836079498180775
6.845270438197776
6.860807559737975
6.886015294294895
6.893873320551536
6.912874168257998
6.918201163979182
6.980330803421742
6.983647225825362
7.007456561076847
7.016145355521291
7.0184602173603725
7.030797616012851
7.045371424843971
7.129856308733756
7.143310879960091
7.148058853930428
7.180117472143505
7.181177761786339
7.181554809152896
7.18321087338884
7.237031439759711
7.253230278776035
7.289069138381132
7.326573299707261
7.330069580390819
7.330710201161517
7.342749318181285
7.342904567684727
7.359083751337575
7.417749045577294
7.437883396966666
7.477924741677466
7.493823430737651
7.504453034610559
7.528830971671247
7.583673027371796
7.591295401685294
7.600589668165108
7.623885438312506
7.641042673429855
7.711555753164584
7.721813274953488
7.734178463661928
7.742245433662803
7.7608456130557
7.776370569015578
7.819564734264006
7.825643121583337
7.932424734322319
7.9384539450655875
8.023073098335681
8.042056296817135
8.054422566324938
8.084026512388931
8.124372002402808
8.126186964400468
8.128292136048126
8.148822504837966
8.15994377886135
8.179879735331468
8.207947153728574
8.245701996937205
8.24992608246513
8.306636352988994
8.308775439438577
8.3351726033142
8.381102818845227
8.395497784784894
8.426748307004118
8.447824591652909
8.449766810802368
8.463016371367049
8.467878606426215
8.469410839964864
8.486648988490703
8.496116953152983
8.510428342517063
8.562627921297716
8.575076617643147
8.583264440551192
8.585772558600718
8.629335603992056
8.651581224393556
8.660981948697316
8.66123043183331
8.68508673196821
8.689984493995805
8.699633045728527
8.719592588891656
8.728063733841596
8.730742092257831
8.741243458732907
8.785741397922047
8.80320267414722
8.888352949390587
8.890726437896474
8.896378605792538
8.911509102256849
8.956987271527167
9.009656450559197
9.03447217479702
9.082351746830067
9.127786572187746
9.150663021420286
9.1717551887112
9.1722701878795
9.183066681075214
9.229531219906828
9.236759992220255
9.310323033646007
9.33831170909138
9.38705629030492
9.44212132999388
9.47207576865824
9.485963946883375
9.501954565086946
9.534724133943527
9.590604048772455
9.66209681504836
9.673273360125595
9.696227166782394
9.70094513455853
9.71499517998351
9.717869411293345
9.72011919020158
9.757608685232338
9.76322669578053
9.796705667526378
9.823946162797098
9.839023564020785
9.8460503368499
9.8764648740296
9.87913206347968
9.879507351223287
9.88474019296624
9.909025658725708
9.909156547937014
9.91597761515346
9.931552525473652
9.99030023792492
10.010534401084842
10.014136216086596
10.020322211924288
10.05512320434616
10.079795388537004
10.084132267556612
10.14425346651308
10.150818325071551
10.157776806077878
10.16398553599242
10.19287102298922
10.220379410290198
10.23664028612304
10.247071453295604
10.249037880259747
10.256480485468929
10.334829300308083
10.362238021056095
10.379766122699808
10.392941728960064
10.40247184547572
10.403198830652276
10.439229790470478
10.523572644714124
10.554650995058925
10.61193878653674
10.6726722964077
10.680369806268937
10.697940754976017
10.709648306397796
10.729445852207236
10.731507879482011
10.753839484866251
10.756825058653646
10.76132110859755
10.786827216800743
10.835636642198264
10.844951792061568
10.861071276483274
10.862276731269976
10.88439472386979
10.903785003218124
10.903805385839672
10.945680895513998
10.951517540471368
10.952129322817866
10.975537971306732
11.060487862539702
11.064872913830524
11.067760834809388
11.068468775310992
11.093004080134271
11.182231203060228
11.200451297971036
11.200639102784733
11.201699148310606
11.221200492010563
11.247155565094152
11.26188457057985
11.277726887542382
11.2935824687049
11.358650862743374
11.377722982991934
11.407584172130548
11.520506194214148
11.59830975356576
11.637725372254904
11.66797274068636
11.679116871575934
11.700079038499617
11.711689038415583
11.721211876680432
11.722363792144058
11.735814165293856
11.769014405205011
11.872132615699003
11.878644674996808
11.9019897672917
11.960797835605552
11.965474155610966
11.978986265868796
12.041754877495087
12.05824978234838
12.074966430745354
12.108435535070022
12.114823267848374
12.14047903617545
12.145016671015108
12.17537629126369
12.175771911781268
12.224867392471817
12.264436171628285
12.271642594236582
12.31703372260466
12.33402567788746
12.36274066943716
12.37146533845328
12.41189669791684
12.444479126511048
12.45522379982284
12.474276575836225
12.479189491000808
12.525378412232453
12.54393065657028
12.553191192971369
12.604456611684256
12.621257373056732
12.644526969690215
12.662472158242055
12.681232810623776
12.708021714042022
12.72833734534507
12.7539628395388
12.784041583855805
12.805655974103974
12.830121360645396
12.846762897858726
12.888195788450934
12.90665156736392
12.92155952276176
12.925644049047852
13.028816628360683
13.03319791861331
13.055427705211798
13.110857578813578
13.148044024296697
13.148375072726848
13.155469273392306
13.16491571416553
13.19785228797688
13.199484649819237
13.200756384985768
13.275442141524325
13.281726441105151
13.292637681930126
13.319585444892343
13.320951967207744
13.340950518327638
13.38511950392835
13.439963235932211
13.469121041077544
13.50284869657342
13.61263980713336
13.63577058723649
13.657851892941968
13.659378242123916
13.662100147944123
13.669812043066331
13.675491050790225
13.697315885434774
13.728279190087443
13.778474980183535
13.838677336257652
13.91828346241214
13.960754528985644
13.968036875310307
13.982788693711768
14.007089730189875
14.03033476838912
14.05083979751574
14.052703827279894
14.075684987558953
14.1150550402927
14.192814050823682
14.19923380612394
14.240641354573762
14.30571068121353
14.34686926723754
14.355624187448962
14.367363248491577
14.415279885864967
14.416936615252236
14.42007699435378
14.429855160047268
14.432614971069702
14.465073224966313
14.486082459985944
14.496601118974878
14.507992404251002
14.536984994086954
14.551559803824404
14.57346623824201
14.593600827653669
14.599739460457345
14.619538059820863
14.68209008633674
14.694442430631904
14.7338583591417
14.735106781470291
14.80201568672489
14.802124600130162
14.836567732239692
14.838059795350532
14.86501140258108
14.870276405923534
14.936392741512616
14.957078827033865
14.96675759491546
15.010904050812224
15.031763808923998
15.076130068407096
15.1288871740911
15.15694891594162
15.166063743280915
15.21077146764933
15.21701936811713
15.239527814175824
15.252876265844725
15.268934476082936
15.307644584172683
15.335107904959338
15.388351975067954
15.436361578757564
15.490396191410976
15.502997018505091
15.50446205915198
15.50580755325482
15.524798271401712
15.543429870501813
15.566603704900366
15.61122086808636
15.61699181865593
15.639574763437986
15.654898788290266
15.658971277531252
15.660287801545314
15.685464265680038
15.717363309940907
15.718680974054983
15.742623579605135
15.747526080499837
15.752540477982556
15.786405729711628
15.808148130673672
15.840594303675386
15.859537839345606
15.870121676044802
15.9594877811628
15.987959037343256
16.015876191914636
16.019638661857034
16.022261879889665
16.026777621528666
16.031511525305074
16.056923214249537
16.061782553470888
16.071264008579654
16.09283478874064
16.15480066483172
16.17752875029704
16.182823964679997
16.213898432091277
16.267849790021145
16.28086075941118
16.310988822139468
16.344519890731448
16.370637088146157
16.377262963583185
16.3777903965291
16.388658966697694
16.42266572446785
16.429004244922307
16.436602099372234
16.469339678281226
16.48859903567395
16.503529694818848
16.531062631179605
16.534011649124146
16.536691195498797
16.562645375218505
16.583109723706784
16.616911103824783
16.618845892799193
16.726443286442542
16.728700411814003
16.759417087699163
16.802287876322925
16.8094340224828
16.812477345191922
16.820273107879324
16.853282571471357
16.85821321468648
16.862349244139306
16.86816936963768
16.878671291779668
16.919145065631696
16.91994897182972
16.94040727265625
16.97113869873069
17.01691588992606
17.068090813193482
17.095188460778875
17.10798930512149
17.14592330665935
17.192061472415315
17.195741346948136
17.21659492700586
17.21935439478923
17.231306164293734
17.233838732700608
17.280263379839646
17.39868293379802
17.423743826131428
17.43533924848243
17.43741928445831
17.460285209265574
17.565320274772322
17.604713622365814
17.60502386664487
17.606156744293166
17.633760302655915
17.66579816691674
17.681274636396104
17.712528214043527
17.752561594949224
17.76189656722772
17.773724028664127
17.777664681518505
17.878096579777054
17.956391641312518
17.98378726176476
17.987291880327476
18.00706004626559
18.023716966617748
18.03746085964169
18.06160055892857
18.062919480150825
18.08404861819785
18.10141980914096
18.10532844300554
18.131837395046325
18.14165939754372
18.14979430194726
18.163902811084125
18.16590755983043
18.175763458679373
18.17645519276208
18.184353126887963
18.26143682277273
18.277132306151984
18.32270354268609
18.35268937869956
18.44668106360808
18.472479201934902
18.49202368582154
18.5315340878856
18.53726217511485
18.54729039358393
18.550187281459053
18.586115288438563
18.593788525755823
18.598374367275373
18.63601255972646
18.73129367804544
18.75187453265028
18.79750965801862
18.827792340580235
18.84345601473514
18.84922611334869
18.86352112637033
18.87466219807
18.879050223833687
18.88078132072368
18.885532720592277
18.88569997404496
18.8893402706219
18.91382727059272
18.915887941914427
18.918563426276386
18.919240268302406
18.92136246253177
18.94918462099321
18.95569323669271
19.0046980683044
19.011270952029307
19.01309225560744
19.017799687761368
19.01808136948117
19.04447397426076
19.049281995863986
19.060004487984628
19.06392630277657
19.06835774200267
19.07171393255254
19.08118331642
19.11067418515668
19.134547378924243
19.15039368622492
19.1582012267955
19.210768382586902
19.263454889800546
19.26838285506016
19.276190455874996
19.28654263776132
19.296164090344803
19.299275594049192
19.3079181428013
19.353635358164293
19.35536419441675
19.362254054353038
19.4091059107012
19.444039032078763
19.48620561188595
19.50374793132465
19.51570861844315
19.516590325948258
19.53098383245056
19.537614002021453
19.5677348591201
19.568101778880976
19.571437705459577
19.586460157658347
19.64006540060329
19.646914287081152
19.69002302050215
19.72114292744743
19.731777079218343
19.78896068199664
19.810814951772688
19.848735896650695
19.855658392753533
19.8775290985029
19.88342270384856
19.914144095388707
19.915956391241277
19.98851493752226
19.99361997514048
19.99749579955548
20.022704668355264
20.07195083315881
20.117278719689157
20.17134735669679
20.209542773384
20.21146731720027
20.22361528589853
20.2378475395106
20.244674119406664
20.25110985563232
20.259843710324333
20.297399455595976
20.32132420591245
20.32570088026412
20.341553659834982
20.35678630279176
20.38684044094284
20.436254122476488
20.443456199193637
20.44369038769103
20.446461403052147
20.44994482077998
20.466353553402044
20.48841240135067
20.49056044906288
20.492286443781065
20.492573230553624
20.50857791576981
20.524902772071545
20.53880265922825
20.554686929645392
20.56861628670428
20.573181973892574
20.589680906323228
20.60353807311775
20.612399034562927
20.624727118819838
20.62906768834561
20.638041099528504
20.646927756586848
20.671769665987988
20.72517039256299
20.76251157572252
20.86266450103737
20.93395029188794
20.946101728117597
20.95133930639092
20.96397205186617
21.011290484585523
21.03961440941792
21.06778293898841
21.1109007668489
21.151099336515017
21.19410047753736
21.19415053899066
21.194788657693596
21.202105698521724
21.224834168974212
21.239167833863743
21.2593707708582
21.268610740007603
21.27736766887064
21.32805040211685
21.329861066557505
21.34579603434077
21.35276716450583
21.35280950230833
21.414098445610637
21.424004593279072
21.42986710466336
21.44507400630273
21.5153548614977
21.54590010236976
21.54864289531475
21.58758804009032
21.60537014282362
21.61443209411101
21.618255043146977
21.690136791549712
21.74750792119669
21.762485598341584
21.76446713324915
21.801301809294788
21.855042906713884
21.884875797250185
21.914961023549136
21.9793870975708
22.021138762734427
22.024747121528023
22.076318465169432
22.08136439551593
22.09287650525296
22.13056015887715
22.15058526980552
22.175216898480905
22.193884303513407
22.194022039680625
22.19490124653591
22.217327334339117
22.221172411911827
22.233061009059256
22.243249723939336
22.29846422108111
22.30156525341923
22.316570670464213
22.316850434674706
22.334565701480507
22.353106525136635
22.35500151470561
22.367383168793044
22.39112816062599
22.439777024035767
22.4678921273072
22.482809968992463
22.48715713675571
22.547897579239063
22.56525622668624
22.600933826134284
22.664930959984776
22.688049789306387
22.68845870206188
22.710003136056127
22.714501318257486
22.717898060710624
22.76717165305709
22.8115884369572
22.81370437253355
22.816533471634827
22.82035408784942
22.822621590745733
22.823900390909053
22.866389652085388
22.910995786199408
22.934935262785388
22.93944674847825
22.961499005069985
22.972076616170384
23.02258973653729
23.027155908900305
23.033501999914247
23.040592225554747
23.054530026612973
23.130979425338023
23.13274544495867
23.137404080264943
23.17977192080432
23.25453909578706
23.36132557756145
23.364534407816063
23.391924006508287
23.415335205717163
23.43365999859892
23.449073423157067
23.4552584868176
23.46979064359252
23.51413348325944
23.514765182000385
23.52476165963116
23.68048377266269
23.703225222301107
23.71292451021957
23.717992316796288
23.72242428934091
23.72703730082816
23.74337882510828
23.78805872925786
23.80642199024505
23.826744858387872
23.84427908894929
23.879019001306727
24.028511899407256
24.029489466466572
24.041173423751623
24.042336638436883
24.05557575567457
24.074377811001085
24.087683208405085
24.10088448475548
24.12238200946591
24.14714764734704
24.17602788764796
24.202406867462017
24.20564883987074
24.241040301227617
24.29705238384437
24.3128575221594
24.328602403715745
24.37506379108582
24.41144064512491
24.43941160711069
24.442875150239296
24.44809592514939
24.463013693482623
24.51508785140528
24.52575928744191
24.530938832305253
24.540838679451447
24.59962383571048
24.66085360338556
24.663364657435803
24.699916131253584
24.705041719116632
24.70709638130189
24.70711934608553
24.74026417240806
24.758953684551503
24.82749954431182
24.832284470914423
24.834122760153264
24.83894964192667
24.912561852531574
24.922197984666028
24.92289899306905
24.927888255362213
24.946083650105177
24.95214587934916
24.958203789485207
25.02029847137513
25.0311189788939
25.03183409893038
25.106384489821327
25.107784176170966
25.121042425294288
25.129455553620797
25.16698073628958
25.17881083969932
25.249274374987195
25.266777642718523
25.2781903703591
25.325221000588417
25.33488584850645
25.365652625450824
25.38821718785312
25.428614916510373
25.440294381307783
25.44276360101112
25.45050589130981
25.48596351364297
25.516598302408084
25.51844230794774
25.52351568110463
25.57101842262253
25.571541901878405
25.588450972813497
25.605297254845205
25.616852287575348
25.65840572536876
25.674493898409068
25.69269867132838
25.692980204792786
25.74300943332897
25.753076756276805
25.75534366802521
25.7767381446179
25.81084044661231
25.836296186041707
25.843225156749277
25.848419874035176
25.86131379673132
25.90220694201879
25.91914905221148
25.91964088113773
25.962916665797987
26.06788480960312
26.09824113735863
26.1315492908002
26.13257342188232
26.151367628277185
26.21045838756645
26.2299804405692
26.231749119446256
26.256622509427142
26.267010197691675
26.27613205805379
26.306940796964263
26.338107092766077
26.349401318020757
26.377474033021205
26.410105997028875
26.42727502804495
26.42750297698336
26.43983204921637
26.444989842964727
26.46554464155918
26.468298338451618
26.490806597263955
26.500729956660628
26.51671296879651
26.55786463052841
26.565047735840032
26.63894046543474
26.67278554558684
26.67663675729852
26.712135205444334
26.7606117073044
26.769780531618125
26.7786271103117
26.78499618369713
26.78917988695879
26.79289810693883
26.80547937139637
26.808598819308475
26.81083852352616
26.87026221198051
26.91756505523716
26.95689641904852
26.962124619137978
26.966940784868417
26.990178094741665
27.0285614457992
27.03707640099599
27.040693203935007
27.044044326745155
27.063149132499927
27.065267197973707
27.08617082826313
27.108369144656542
27.12085446483232
27.126745352429666
27.16903152774283
27.210340981600567
27.212137008629693
27.23682986930511
27.24226209630482
27.24345393259208
27.297270639100272
27.329056036699583
27.329844229914254
27.341598902691523
27.37464051611036
27.3841084861136
27.40076666098465
27.513657535428003
27.54442735425232
27.61743818470897
27.622077241005545
27.62317845058477
27.680805205374785
27.699122227521237
27.718515918084314
27.729661652341253
27.729916219222627
27.75195358578649
27.78524893870808
27.7935243892657
27.800775879554564
27.84434288905225
27.889843918751676
27.90621993963222
27.91541178675273
27.92439739390136
27.94057497870949
27.98568197948805
28.025086489447443
28.026076037162124
28.06850860333114
28.07849199312776
28.0869786332413
28.118690713561207
28.13455512780249
28.15696283327158
28.23930788314811
28.258862798617685
28.286154706873194
28.407064801676
28.420708151164916
28.45687245436266
28.493075299237635
28.496012044302745
28.518503680168745
28.55642697960447
28.562472633108264
28.57707369238071
28.581083023371708
28.61957387713023
28.632466204273367
28.65868200990836
28.69233807347351
28.693320911572258
28.69589149938217
28.72234941497001
28.73165218200205
28.75736233367665
28.767564527650983
28.782786127617587
28.791309684197262
28.81577359646763
28.82273680988995
28.895495531649168
28.89583402726419
28.917184423742853
28.93126609277478
28.940488767992896
28.95764336455795
28.96788560294041
28.993780423600235
29.00178474800576
29.017744501451453
29.04560353566869
29.065973393824017
29.066355612598223
29.071251220413853
29.094534872773963
29.1162936611071
29.125179044374285
29.138211158644765
29.167810804111436
29.18793875424081
29.191018446770663
29.21051315493929
29.236995857587484
29.254426470281057
29.28802688928845
29.292794786311948
29.301132801214635
29.336491212143034
29.338067546017893
29.452261325630047
29.4882690666738
29.530348486189077
29.53262229675718
29.57056886470391
29.583167016363728
29.61952578301013
29.65083333435704
29.683939677412525
29.68970355682759
29.711834607273385
29.76609937804332
29.77358446231071
29.801272180384583
29.808356985813404
29.809647584195133
29.8112756733523
29.844599029812287
29.903513615604183
29.9238499644166
29.93185195556929
29.94492992452464
29.98514498569301
30.038182661245955
30.054004296764077
30.054726175321644
30.056925725189267
30.114403359677944
30.115191022037
30.12338303044293
30.151309536018857
30.177367396895388
30.201742560194123
30.20720519068825
30.21716770552493
30.22982758930632
30.26722019556963
30.272533052328185
30.279356766834265
30.3075911296129
30.31844674808989
30.33113167855048
30.374463758697228
30.396229943253577
30.396497199810828
30.408181559796088
30.43173647520732
30.43659098033905
30.447488064278883
30.478580663185745
30.48507407714437
30.48635653692184
30.504132778164276
30.505387034970067
30.53018111668426
30.54158151462662
30.59030288214008
30.613258217909824
30.666320033995987
30.68086425097022
30.68328187998927
30.71919138969269
30.72540176084994
30.73623793106441
30.74265171952603
30.75466462223505
30.831104140378866
30.84832746837372
30.85724309238017
30.858656859575397
30.88120133036454
30.885049689178008
30.913615285414
30.929859934318944
30.94654401839317
30.9770688800553
31.00262565966419
31.00986223929836
31.01097440313042
31.01741999333536
31.05676248378557
31.069536938050657
31.08707776909348
31.09104827543325
31.09959910432035
31.10022803850989
31.164841794047295
31.181639561501207
31.20721700325994
31.21216102332393
31.22242222634088
31.24001691476784
31.25819816898937
31.263032268085112
31.28814858159844
31.288994332857545
31.291900239037496
31.37664190874431
31.39389387190536
31.415618482726305
31.476969101152218
31.490926881752102
31.553162533083484
31.576169053017523
31.587129294230746
31.622306581858687
31.65539161490829
31.66732342307509
31.70702114898425
31.72400851756085
31.736820786813357
31.749801819655083
31.750821620064272
31.773629362778777
31.779453859214424
31.785218060311955
31.799609604221207
31.84578020050019
31.848073284652163
31.861284017307863
31.862310121157893
31.892995885411512
31.897183482156056
31.90308866982247
31.90734794186067
31.911345169979004
31.91402728172364
31.925982141161917
31.935297187524963
31.94132213631145
31.99566210277028
32.01692963569515
32.031400995774945
32.06278950828626
32.16457332286512
32.19032887819103
32.199225982384434
32.21281191543937
32.2988607252579
32.32397981360736
32.332715711310684
32.35289347480727
32.35894482182171
32.376606063618354
32.411865423952854
32.44756555297195
32.4601671800041
32.50785587732725
32.52537313293238
32.538754136434804
32.54091331001322
32.598381934034535
32.60935609150802
32.62218355104567
32.62732094034127
32.6511251720023
32.69033921414921
32.70715018540253
32.71855246345728
32.76586513338042
32.78539224267655
32.78633563583087
32.81091640804333
32.814371371326914
32.81934165726439
32.83311093761836
32.8635621902962
32.902542709848504
32.90311473854091
32.933887648066026
32.964133183880286
32.97119291197221
32.975009926555735
33.00920481317985
33.01257553599826
33.02091619695332
33.04401510236746
33.06477543051305
33.10010699498457
33.10709879124295
33.12339265627998
33.12847621860298
33.148646162923455
33.17205453163092
33.18471121979653
33.20521376519993
33.212425146338745
33.240860469289096
33.2609226712504
33.26796201508428
33.323860896664655
33.32488885527923
33.346448676639675
33.375535746664255
33.39776232237774
33.400583749590815
33.469149566509856
33.4805760801006
33.54418661323647
33.551075053742146
33.55821259097579
33.60746779727431
33.62969456103901
33.67471150955671
33.68659979188914
33.68967707029298
33.69700694597779
33.70341307436038
33.74398721820629
33.77242930806395
33.81461205325007
33.83038047280012
33.83200512188769
33.873943905299136
33.87827329021119
33.89136361203388
33.901855825751824
33.9141151528893
33.94955012853916
33.95428035367268
34.006209353796045
34.070265613356874
34.10184531493009
34.12604122373445
34.12978830261202
34.14144683496081
34.16245591304561
34.20698385590063
34.21305422496039
34.22210086121554
34.24992127187122
34.272257114039775
34.27646107086543
34.28090472513986
34.32298041048651
34.33353590354385
34.373895240317914
34.38434019612725
34.416830540609844
34.45421746666232
34.56300370597923
34.564512034583686
34.5724475577184
34.591465818118174
34.60445014220267
34.609086210934194
34.636055457826174
34.68685021849828
34.70236354806225
34.72027668961286
34.72324376152116
34.726262939185936
34.75748936939234
34.80442678288334
34.818104138956926
34.82675934639328
34.85002152659934
34.88815235496136
34.92379920967915
34.96469382307829
34.99229299593874
34.99512828000616
35.017212418599684
35.06452841225753
35.08375395186483
35.10126378302781
35.11018868528435
35.1229878236265
35.14543854738259
35.14762403771211
35.16683809665268
35.20106735688824
35.240113808606274
35.25117231362394
35.27045568596509
35.30472775278633
35.37955804118021
35.42478704565121
35.454439554881056
35.50360862680123
35.538894391052054
35.58946778266804
35.63461842158595
35.63747536716709
35.64737313376752
35.65197034412009
35.70284525558453
35.73065332322296
35.885202998956736
35.9305218594811
35.96179276276575
35.97203078390796
36.01261617977819
36.03309028695458
36.059081687586186
36.18637295440541
36.2031883908621
36.20557666983261
36.208966225710334
36.22287462048497
36.25292398477429
36.264292729096645
36.28078659687494
36.29989532340239
36.30348835818834
36.304976747221644
36.30760632275577
36.34155309779391
36.39975138070278
36.43048610228846
36.47228811737156
36.49756259865708
36.501071460514304
36.5113734662266
36.52924646195382
36.55597204748761
36.56769292075676
36.61745228841443
36.637408573008585
36.65283920631073
36.6997390498239
36.70285298860311
36.72884309782761
36.7434964762254
36.751678995778754
36.779909768035054
36.803754601197554
36.82901631495788
36.88173438822656
36.893697164761605
36.89614853634431
36.93200118429885
37.01421915647401
37.02472559730669
37.09422070429346
37.10629113887449
37.1792411011761
37.18194275523605
37.18264427443312
37.18374503206216
37.19654155776618
37.250876270205765
37.26368861089372
37.3084693850182
37.322627004007934
37.32316481398094
37.32390526077624
37.45337343765176
37.47350177678026
37.47477621622803
37.4829693480207
37.49104231272193
37.50881665364456
37.53404159645669
37.54157773631281
37.6103865050852
37.65504860400382
37.66371595569794
37.69922958191017
37.72937009882267
37.74274479322497
37.75695863112446
37.80246307201909
37.80908705627367
37.82974880609078
37.844559067833295
37.84536070969103
37.85574606900667
37.86246984239875
37.89723190983225
37.91878465080736
37.93690685575367
38.02906610726529
38.0633226592188
38.11390775644986
38.12049172683803
38.12598646279954
38.12713076702009
38.13603118619196
38.17305861459076
38.1834060759755
38.18690362118949
38.19362146774877
38.19704692810651
38.31194945694569
38.31314220670094
38.33140444602739
38.34958003502755
38.34990097381099
38.376003590536605
38.38877450895896
38.40741565870805
38.42244388288514
38.42402743665473
38.43485536101973
38.46134963376464
38.47677764247125
38.5010703107897
38.50766078731926
38.53400849279675
38.53714625685462
38.59900510129025
38.61365947991386
38.61620495997322
38.66123242490566
38.75843154768874
38.76295223048526
38.80588845091605
38.807426802156506
38.82775300909674
38.83536521099765
38.899494610335424
38.93190560681779
38.97688611275558
39.00088379504362
39.02472488589031
39.09496142337822
39.12135290133456
39.15095646997872
39.15509050264488
39.20003347338712
39.20946182665384
39.21285245968853
39.22212709465782
39.27648104951812
39.29414511095425
39.338528050310586
39.34156691683408
39.35917653338595
39.36563993875235
39.37225494483591
39.41433595341513
39.41541846436922
39.41843864440398
39.43481819330557
39.49411297448684
39.50050937925871
39.50639505756428
39.51940306799271
39.52265052248517
39.52727734043711
39.55789724380659
39.59455757717947
39.60405652491491
39.64311406859103
39.65051744082343
39.65138581681208
39.677527382192736
39.68329243988673
39.7124423699396
39.72124751888767
39.725170782024406
39.73068609409254
39.73238481231317
39.7365958802712
39.75883986656911
39.773042948784784
39.79718856062269
39.84691544011017
39.84932522728855
39.88277176919184
39.91705440640124
39.95702601380175
39.99959289902095
40.00637718200626
40.011551414497006
40.02143710031867
40.042576134251775
40.08171949453727
40.09185576982474
40.114240806877895
40.15672639081654
40.16055340946384
40.170699093342
40.20983673008141
40.22367077537479
40.256400288139695
40.31552348030828
40.33473055869141
40.34586597240338
40.36432662227764
40.37082457952749
40.4247179730376
40.4709250429555
40.5349225859492
40.54873490258497
40.5491739950942
40.58674828785608
40.595627058758346
40.62007937803436
40.63252553282783
40.68077991495638
40.707568963033495
40.71251087468033
40.73679271746584
40.76998824238202
40.77750511182843
40.8209249627524
40.8434161056684
40.849611142149016
40.87672355012186
40.88574286201217
40.923278092226326
40.94074662667639
40.943491933765294
40.94431838677702
40.950019979554895
40.99007073280062
41.018469557293336
41.01847324395841
41.0319500554062
41.08109712626364
41.08195017079291
41.12208769203116
41.14122916828145
41.17340335222284
41.17808626492882
41.20751085007263
41.23216857144729
41.26265107376678
41.26651005422136
41.3201405600203
41.322494437908055
41.33611866456904
41.34672595414448
41.34875031190699
41.4463390910407
41.47818744809344
41.48127831159649
41.521310293166174
41.52588147021503
41.60618812978058
41.60946104160847
41.64568702145529
41.676474464564805
41.67821177761068
41.68499536239421
41.68530793287651
41.69235353970873
41.70058183062172
41.73320937570238
41.78646129734237
41.7889397801761
41.79832878736197
41.81402304518285
41.82999785970061
41.85548348154198
41.95254529341952
41.95858344665193
41.96179721013296
41.99903639377116
42.027669326339925
42.03829153320447
42.04171206289912
42.05640490351614
42.07625630855196
42.09323521116467
42.12640789582993
42.15873477813557
42.17098287519199
42.17762789718611
42.21221946783022
42.223744860809326
42.25093959020138
42.34130136657068
42.44243973977503
42.472746862084
42.497834861926925
42.53396483974716
42.57072930114567
42.597214083789545
42.62519408241319
42.62932595995023
42.66952219581532
42.68537362266174
42.715315197679786
42.71540477169628
42.72026171451932
42.74847621343011
42.75667705665569
42.78385548913406
42.794490340410974
42.83504395917244
42.93040374466491
42.93869185152409
42.96153583612492
42.96442053501875
42.99058856535095
43.008030609853925
43.02771042008818
43.05637000038992
43.065202766816974
43.07619350394103
43.07950506433505
43.10518429596646
43.14189227355051
43.16793559458734
43.203217466568354
43.25004578709133
43.25567427871714
43.27565016907384
43.288909777026646
43.29373222228418
43.30828590240738
43.39608271486477
43.39631070634125
43.41065092752765
43.46120027198124
43.476465497635566
43.47985417292708
43.5199352254557
43.57404833186008
43.60277061675277
43.62347417344994
43.69025374890722
43.69142349568697
43.71507878770812
43.72478954001057
43.75918987676439
43.84831710583838
43.880534205950944
43.89248362199549
43.89646255403537
43.916187044545765
43.93214434000989
43.94395777445992
43.94809797010645
43.94957927534123
43.96852194473964
44.012513505014375
44.01972478632954
44.024537937792246
44.03384055147534
44.07522386861299
44.07953255829499
44.135838513048455
44.1853390008047
44.20209350674671
44.2026588415261
44.20485697002182
44.26061379327994
44.26430368781096
44.283197846937945
44.29208440798587
44.31777615804294
44.33517050957706
44.376322057743714
44.41560328454103
44.43138353018881
44.44932814010678
44.45908410887545
44.57212810031251
44.579170554334326
44.58429975024805
44.58669256375109
44.59125466288734
44.60141807255605
44.68888808879602
44.70250201361512
44.72237053114457
44.80130741269004
44.804873553847926
44.83432482297855
44.85890711855053
44.86167898991568
44.86632092205215
44.90203171290382
44.91389285465697
44.95260600869276
44.99435109295262
45.02552451204915
45.03297141381157
45.03423713384171
45.086950263044784
45.09289149012348
45.09895493657137
45.20089373642154
45.20095956412633
45.2072535320894
45.25056352245708
45.26653983050325
45.2743383074135
45.35493942118649
45.35882501911984
45.36654534422704
45.40735517488133
45.47041396537419
45.50440579152959
45.53685171482309
45.5576904291672
45.58404609641952
45.605074365805535
45.647152908162894
45.74301912923368
45.78902274233256
45.79562077076363
45.80708166856856
45.81951611886165
45.82368162092179
45.84986719889096
45.85009662995419
45.89245799828209
45.90979430963916
45.95448423139486
46.00423391571693
46.0158749531781
46.01975870274492
46.021443014509984
46.0472280062448
46.06738954651159
46.09156993192308
46.11475082967226
46.13059373455805
46.14562639181224
46.15320406827636
46.19669037166359
46.217059729561946
46.21744778931283
46.22534285362784
46.23666004424658
46.2466479291619
46.28593905428339
46.34503740025691
46.35336463252632
46.36573660092475
46.36784593915917
46.38267302789619
46.38342263149758
46.41671992721479
46.45291777348057
46.49031613814027
46.52047286686194
46.55891756333332
46.58608581661767
46.5926126086011
46.64284780125082
46.65051039730494
46.65186634596271
46.672931635868494
46.83756868820706
46.86041868326887
46.868420934854086
46.90156379109069
46.905515616894114
46.90794936628453
46.9321147490321
46.93837180747231
47.00922795224749
47.02620023338281
47.0830384392201
47.09159133412476
47.10502676905361
47.10939508790569
47.131885286021685
47.19077674711596
47.21529359121132
47.24587657730934
47.253156414833
47.25917635409957
47.26280770116056
47.31342086158274
47.32805580812385
47.34881905795667
47.36262733961716
47.36814043081315
47.372567878371285
47.3800394053659
47.38884126310429
47.4019837847058
47.42083381640764
47.44298883836125
47.45741402286928
47.457602220865816
47.46367142309605
47.52729839925541
47.58167127477713
47.58673581047472
47.59362168428595
47.59886798756568
47.607017618485855
47.63017708599011
47.65292702206749
47.66023781223692
47.66305801347107
47.66348831544285
47.67804519527812
47.70789376799374
47.74448602994492
47.78866496692866
47.79051041700166
47.80287266540321
47.80726745251792
47.81547033708112
47.88056179107724
47.91104239210136
47.939695487588814
47.95011897171934
47.99200068890505
48.01634816729275
48.02820603846517
48.029160404047815
48.03162081905489
48.04922799440387
48.06501708621049
48.10154275920858
48.10492068014467
48.10676042404378
48.110109093871074
48.12687102437533
48.13877175140959
48.162697429234015
48.19911711989498
48.23867219694311
48.26408267157923
48.29346606170724
48.30709765338269
48.317640004432455
48.32960540692936
48.34980529262561
48.354878668016696
48.35737911211418
48.37757608848062
48.44172253704666
48.51869626951365
48.55032992861984
48.55123189669431
48.569130915607374
48.57396125250497
48.62571461609988
48.62739037929152
48.64671607512711
48.66431634249764
48.68084965178243
48.68269014388886
48.71899841386766
48.78535470874981
48.80631028614603
48.81378737722203
48.83186979892773
48.85820919489996
48.87259464991117
48.87402315936698
48.87996712188805
48.9004849077092
48.94995904564159
48.97569636312716
49.00653290979864
49.01607983396606
49.02557208181798
49.03041867874565
49.069225835521664
49.07879005776542
49.11793312758296
49.13710266867884
49.152541957163045
49.15832669840089
49.17493606668759
49.176200538614
49.18398007850983
49.18989936970398
49.19448979821348
49.23628500866644
49.238614344595824
49.25603412813157
49.2775838078464
49.35109025590067
49.352523407384105
49.367963802748974
49.40044224355378
49.47928111598519
49.518164909454086
49.52391450421744
49.52861751346978
49.58573645519264
49.5873913949624
49.59779840017758
49.60811730701244
49.61712706314814
49.61895012056338
49.64350034301409
49.65884380372649
49.68373215866776
49.68972998528319
49.73172075544813
49.751257587928535
49.7797569179059
49.7999586356249
49.82165834015599
49.82560446808189
49.83554587622525
49.84185964277522
49.91377799311904
49.966588688193
49.97218409725636
49.99204584876098

==================================================

=== water_source_type ===
Data type: int64
Total unique values: 3

1
2
3

==================================================

=== frost_risk ===
Data type: float64
Total unique values: 2200

0.0549113208661022
0.0732771551713473
0.101104178637601
0.1060403376656915
0.1439075521373234
0.1986059879087842
0.2508888234327711
0.2649266444043952
0.4118913242861399
0.4663099307558482
0.4831164426460144
0.612337234127891
0.629364367600993
0.6711863464431533
0.6804897443117186
0.7280946602128302
0.7375168927973297
0.767139280584328
0.8030068386047917
0.8898600636219167
0.8974103421731328
1.04188272944995
1.1244899065431468
1.1463639995337285
1.1467196158396864
1.2339438196844466
1.292525891338303
1.4315976075256698
1.4787739190078697
1.4820518232845248
1.5214516912189446
1.6128539119043217
1.6954239386019476
1.710626706526741
1.80558765489629
1.8351307727198172
1.8519188576182175
1.8888241114359272
1.9116639478861
1.9191871657191828
1.933926945659592
1.9471521187476304
1.9891436792416228
2.004239979225042
2.0558238807251272
2.1151469236361358
2.3462482287189723
2.3663271972851563
2.379873000605004
2.4402431880092834
2.444295827576648
2.470816541005083
2.528538799708624
2.648883649212097
2.688295107808836
2.795558879660809
2.800504151089656
2.8399666099433563
2.8531764492088274
2.8990064081105715
3.006486696932764
3.007494111957776
3.0274411275390767
3.0431481833970158
3.060721347310824
3.070325598982515
3.0887146513079555
3.1224825676689494
3.130629430080556
3.148601577688337
3.26367514103666
3.4519973331019527
3.589185826539953
3.694218979187691
3.7155727391854687
3.775425448317837
3.8175072581735248
3.8610374475257614
3.893703925206194
4.0827511909582
4.089198928264814
4.0943242751614655
4.123057646690221
4.232264029026423
4.238608443518288
4.2681271028335965
4.2878278650621215
4.330072294778153
4.398369653856282
4.41334308885687
4.432372028135855
4.437683271388604
4.442606007810479
4.506975405767277
4.51277406671724
4.535363379647251
4.5597034587093415
4.663569390422406
4.679212126598964
4.759044689874747
4.89307519662373
4.903798637906542
5.0265539995445145
5.161945204883378
5.209928131144537
5.2174822068246085
5.265470982022524
5.308778924174639
5.370390900236
5.399964479848263
5.544445858018965
5.552341307839059
5.626124369170904
5.645844384372323
5.737829186309873
5.921960171661289
5.92244288790903
5.988386194081663
6.113864053934615
6.137302526801392
6.158653855694862
6.160901887878756
6.261926757082536
6.2864426117470895
6.297676106232297
6.308523739098004
6.33018616582156
6.546134405495641
6.580660894974011
6.60456410189939
6.607224692221047
6.661267958280048
6.7463574982636665
6.801556749727022
6.815356618716296
6.838801095381985
6.8526759252996
6.867685490414754
6.935310256950356
6.940524022604977
6.981094761541485
7.025568880222687
7.047671970007851
7.049109332549564
7.080324140033422
7.083514310218897
7.128698132757338
7.165788120495553
7.232765455408597
7.234705049700763
7.240345838789219
7.374460104874214
7.377297652827364
7.423019530632702
7.454777151682301
7.45490066245007
7.504140711886286
7.519390059380438
7.521921937457732
7.559196663725054
7.569973547662256
7.605898200000006
7.615969274712652
7.621344726971746
7.671267364170797
7.688647976454521
7.689656361533458
7.751729397669282
7.833210983014283
7.889667498026975
7.90397700911476
7.938344944155851
7.968255405879954
7.996957150392459
8.040522337600542
8.045140096250236
8.06113152367054
8.095278372948478
8.119585085852432
8.145829169708897
8.226413311805258
8.233446456835347
8.27716646724056
8.286654204706457
8.328396702255592
8.416721483964562
8.433993175711517
8.4472925798584
8.461173114574228
8.510561665648419
8.53882363897036
8.573927773290457
8.575457284665934
8.720474941506895
8.729263909014783
8.85472183645084
8.877128923948586
8.997141415084531
9.000340723490607
9.004401448160804
9.007733755308378
9.015567455702156
9.07253393126699
9.172952536950053
9.174379745815454
9.221100678294937
9.27232416564604
9.292087124966342
9.295081044467102
9.315582959203006
9.356713934737105
9.364126748529555
9.404887421815268
9.489044280624093
9.489527802817188
9.496897998917964
9.555144618643608
9.685291886637737
9.702331721106184
9.723331738962848
9.965941695605618
10.017235240924972
10.03302386589996
10.03879291701294
10.091052507469955
10.102844384145529
10.199504255258184
10.255749061908448
10.26302906189539
10.280069310577266
10.29083239496119
10.359632793076036
10.401699466046676
10.484498111926776
10.498451236084104
10.508562689161383
10.576808559063576
10.712846420267674
10.722033358024408
10.72321818421571
10.862265201735378
10.98211625466914
11.030281219282845
11.032124827970405
11.07045571800629
11.27326978860691
11.293445145295475
11.29779820542579
11.337315969987538
11.409450972799162
11.441041217834302
11.448965436396977
11.455543326311536
11.579721296613766
11.598617592232552
11.738676227159685
11.761352922430223
11.799474243377794
11.87071216461797
11.883734881760466
11.91074642503126
12.011771389272509
12.033072647245625
12.043291217252383
12.069954006087524
12.092905072536308
12.130973613426866
12.216221126342464
12.278700047022785
12.359811077369809
12.420410648160408
12.423317014506342
12.432670447790084
12.45162810967173
12.561058257546964
12.578947344743629
12.582194424427197
12.5872268178705
12.614755926887678
12.65170991141672
12.740562489965743
12.857864249253137
12.949566920544587
12.960066683772196
12.966578148841034
13.021129364594408
13.063397614844108
13.09087172735033
13.093938432332974
13.114707387271077
13.157158428654192
13.225173500543496
13.310989529387662
13.313148957864108
13.361415980280666
13.368062567845218
13.409580698445687
13.41945558237223
13.464062374517349
13.487324004847846
13.557431288892897
13.56106603822086
13.580744827190848
13.626203298986727
13.73378312935577
13.876496959401807
13.92362409827923
13.95272581532926
13.97114341422566
14.033001317224658
14.064688357293075
14.102486265261827
14.159863605161371
14.179006534016326
14.26571987382178
14.316911284432642
14.319492404577428
14.46580349418628
14.492699234510342
14.527354618976718
14.654915478788766
14.697580847456582
14.72689880925695
14.74816755921422
14.765475560231977
14.782124127234065
14.78670304904821
14.796929505859612
14.80457001537664
14.883474121746351
14.897813856217043
14.902698534094982
14.942843914778967
14.994566171085175
15.017200746442194
15.092263460459144
15.229306369325055
15.241243599169715
15.3120703457867
15.364204558712114
15.392180006377387
15.402950131366588
15.47295955998289
15.502632603083022
15.53085869725066
15.533399106499402
15.573631604486614
15.602045354034244
15.609798534695884
15.63988694692612
15.731727941785678
15.831080804176043
15.894539405080154
15.965303558043864
16.000826665074964
16.07976342466276
16.173813941752723
16.198476173144993
16.215571792178185
16.217751868107165
16.279393942759334
16.30386230606242
16.344431172361663
16.353592760953028
16.360922408510092
16.36278637811406
16.368409118904992
16.52377092647399
16.60003042164322
16.756663653133952
16.758696167969656
16.78358364946464
16.87378899273292
16.907763631837504
16.992405445615134
17.00948274452522
17.055777258179205
17.142840297218733
17.22963896482319
17.322648469327383
17.357185947998268
17.38446471385683
17.40881027102068
17.46964102767873
17.584086207736604
17.644583059757903
17.67328714554499
17.717004761098686
17.753445252430023
17.774300117131304
17.794526587390635
17.86729936411161
17.89926919969985
17.90409370930902
17.912191934681076
17.944154994015605
17.956282883717634
17.972231549152806
17.976945599728676
18.00314014625949
18.08996232939174
18.100603140909374
18.11935145051259
18.12960776736756
18.144492798392854
18.15089549120531
18.153460725171733
18.1903230316688
18.192167864978813
18.229750827767788
18.241900210310305
18.25366915661896
18.33425108498282
18.36143055853744
18.38095775134737
18.398970529890136
18.494558229034357
18.50400233818218
18.5181708109026
18.54321193645839
18.574318282464557
18.702851334627525
18.705148926966665
18.82304361846331
18.863385517796804
18.982348429753195
19.055958194611865
19.201751864245608
19.26504102356024
19.40643850994081
19.437771349461176
19.43897553475873
19.57365632992686
19.68073993332523
19.6873021147866
19.691295885084948
19.777216228956817
19.837487964758203
19.85793442532813
19.892768163969865
19.9188175750872
19.971489310920663
20.012340025124576
20.031144033719407
20.092086493340776
20.110531563232968
20.13563572535022
20.140472654441886
20.17154561766328
20.173265540442088
20.286454207902903
20.31212812983124
20.510575841670494
20.54522016954997
20.59929158764849
20.756182841633407
20.84317515988414
20.86706021172852
20.926994270124133
21.00468699185747
21.03533017621653
21.05220992386935
21.129192235481376
21.146305191155516
21.154919470070965
21.23892646232168
21.249620150241565
21.28481707244533
21.46145844514107
21.61345939390672
21.735943778693933
21.744516317387973
21.762090085331355
21.806255938188706
21.841123045104627
21.849380643025608
21.95350472597738
22.11724424469771
22.282451838926875
22.28862878301343
22.336838635661127
22.47515661757048
22.52152398937344
22.596087517644225
22.64489584716195
22.684571074479464
22.695007718847528
22.75962052522829
22.826766919921216
22.8878705061336
22.98689645648334
22.997895059095384
23.10666243799284
23.202766540167563
23.24873575888352
23.257368366471454
23.27049112764985
23.27854095969129
23.291139081656485
23.338099182564985
23.34502627561551
23.40627216487093
23.42928900309569
23.54312163673624
23.656292621719523
23.696850723523543
23.71197042376647
23.758428463079373
23.91864921892629
23.92179139305052
23.94888080249505
23.988822249400943
24.036190512940493
24.079101189899237
24.14803781686076
24.25051166013995
24.33247321336274
24.38088944398637
24.38321518825912
24.39602943817449
24.471908514252217
24.477274712679154
24.756620855330542
24.769198947326053
24.781288716057198
24.826013565545317
24.884930026718887
25.125033705292378
25.20127038312533
25.282714292784718
25.294236576929077
25.33262373780517
25.39070925780625
25.45985028123895
25.466498927055326
25.488753888616436
25.513000230878934
25.598524550507108
25.65163721490693
25.694598106583467
25.72694897749193
25.75968849566118
25.76694512183425
25.793879587513317
25.843721635757653
25.863336292175752
25.863807215697364
25.929456508516022
25.961516341020385
26.09503947670177
26.107885887734877
26.14688170791749
26.204863864523958
26.234548066505518
26.294333993845772
26.30196540979203
26.532216979132272
26.535610312955992
26.615444700662984
26.6225757924494
26.654595488460288
26.72412345028374
26.73617442073441
26.803205066647998
26.82033907290321
26.82312106302622
26.863909962896734
26.950453295944826
26.98992670960437
27.0784436372454
27.11437320619981
27.158414043274405
27.26525958798564
27.266663957955465
27.33036528394269
27.415865802861006
27.509956367105936
27.60390218574853
27.698265945996518
27.781142687466897
27.834756928642246
27.973358277861596
27.987555544343905
28.008464560688928
28.010829549208992
28.0116829815946
28.119868880864416
28.31343965322757
28.34105476220457
28.499070714580625
28.534513479081813
28.540357076043588
28.558636387543867
28.564027550934547
28.616658063607737
28.642625753517382
28.66960751257035
28.77704906715896
28.92887181123228
28.939611908199332
29.00824790733667
29.02594628493478
29.05474926870926
29.06435336871851
29.11056699660324
29.18394508171467
29.20576037489552
29.235572164910597
29.249259860061528
29.268193047679425
29.30011154983575
29.30755030309181
29.31615790192236
29.337332671099546
29.448398209477777
29.49503294394119
29.534592474233257
29.55542338810243
29.56478874541294
29.602826171450975
29.701184310001693
29.765104493625586
29.79462994817596
29.845589972386964
29.896496935944928
29.943009023241
29.970289700460164
30.023342556457656
30.08389196604795
30.1754582629694
30.338527964256837
30.389216009717323
30.389776745561623
30.40239450327969
30.40902279063885
30.4915110739894
30.569372587717503
30.64104503980819
30.69616048333081
30.71243535709793
30.76431714255285
30.920527378909245
30.920927474762586
30.937605912470023
30.97323830389641
30.98365250897006
31.024511334985693
31.129592541073205
31.13373207034348
31.139881487668664
31.21505931828724
31.27534008793973
31.291135751010167
31.361396841471688
31.37778855974026
31.461077411969065
31.46687187248417
31.686544928669804
31.697533026912797
31.727080435722183
31.79467097826568
31.807785395596365
31.810278913821044
31.902202029316207
31.914456082520186
31.9520323507658
31.95272039870628
31.95788225627343
31.974293817378477
32.005523354215434
32.02400037667946
32.05330198079628
32.06297543101091
32.08614917126735
32.173329493429435
32.18394673588837
32.21590855996318
32.22375032542995
32.233184252300454
32.31527518586568
32.40568155287621
32.5183729591195
32.55192296295766
32.64937918265678
32.65532705631999
32.65593194168696
32.73359236832509
32.79305858068899
32.81785985592629
32.82728208766051
32.851751957607924
32.87276082058441
32.915348262842905
32.98964904938344
33.01715348727906
33.02319610973146
33.03312049852708
33.079290146763306
33.10591165125892
33.106916494267914
33.19890873317745
33.31988911005192
33.422666661530634
33.427486907500025
33.508788569727535
33.524735926173534
33.56073120901877
33.562316809925086
33.6597417545724
33.693318780117146
33.71741488288642
33.81372900755658
33.86236931876241
33.86781455784733
33.96147441613348
34.0569832797955
34.12740969424276
34.16548714568012
34.1684314009776
34.225897872771284
34.32365238280769
34.38465248860507
34.56122926492523
34.5882641635808
34.59828724315891
34.64980437045393
34.663865847429044
34.720313873210195
34.73328064904091
34.8257502963094
34.90753729071474
34.910097682929894
34.93332038418638
34.997315130536286
35.00561501213141
35.01971544401445
35.022759272092884
35.134174584043954
35.23664690550723
35.25407485096024
35.27464384812342
35.32776859431765
35.34728303248589
35.36367605492692
35.38950014110663
35.402222227436866
35.404079381607104
35.40714712102775
35.40853056485037
35.41839904699421
35.52413389529308
35.52674600925372
35.62414988897257
35.65121566725233
35.67409507494806
35.69201501899556
35.7233904175992
35.75136815052045
35.785934383999965
35.83278739097322
35.83890517436713
35.91753981796405
35.94595984343179
35.98467126815653
36.0268631433922
36.10912076151161
36.12329597223955
36.12767272603692
36.17365135573761
36.174270948917
36.17516052530153
36.18810187710872
36.25938241071667
36.29862010584228
36.315315005422576
36.39230928188796
36.435427767906106
36.52291974067328
36.55407893042033
36.55805684308399
36.57274253048194
36.5853936743491
36.59740104019218
36.62356957228623
36.68805902781104
36.90025767066773
36.92147305256569
36.936743581037234
36.95263177708023
36.96948720572648
37.01121006327831
37.02352784079864
37.118052401570125
37.13838432636795
37.200254639651256
37.40208752815976
37.40478174855309
37.42692228739166
37.44007681099788
37.463930604593074
37.49928518284125
37.50584960564159
37.509265126747295
37.58653143248838
37.65267991942805
37.70033450106457
37.72303388268431
37.741890848545
37.78445683273334
37.78509354317292
37.81441834547138
37.82239711955726
37.83360826682076
37.83366467273584
37.89242378369736
37.97070711999056
37.97642150969354
38.046937555546535
38.19774710376428
38.2197253352357
38.221399353845165
38.23503718670073
38.26410271219438
38.31235820233824
38.33126182604909
38.356629199866575
38.48476774483601
38.54262535099685
38.567315745934735
38.57234137226557
38.574184427302185
38.68300438556499
38.74461816236238
38.85078133130989
38.91909890284446
39.05490499986185
39.090588689564775
39.18615519181036
39.23306104212055
39.23377227967955
39.243362091305066
39.28076862122148
39.3054086431507
39.35298665706474
39.38362485316691
39.4079691721129
39.52935306914658
39.56579738002974
39.56814483673989
39.7445881297884
39.81081939622676
39.830284969298
39.84200085946706
39.925280914533005
39.94158605880556
39.942503331754274
40.053313952972566
40.09420152014509
40.14600762842054
40.18952085832871
40.2256868144128
40.23011805392112
40.26866798805755
40.336887588204384
40.38518645970428
40.395851596587086
40.39873564046235
40.423921328160496
40.45347159293695
40.46983396646628
40.48316956220591
40.58998088573156
40.60210142402953
40.61837706274816
40.62044426107527
40.623162030357584
40.70191178109409
40.83775354148334
40.84458192147834
40.96530341642731
41.05329141913438
41.16622765456116
41.2537642009134
41.29659021359268
41.3368359142505
41.40991446208571
41.413424237486005
41.42199040525014
41.460292977783794
41.503011409128845
41.536774673184816
41.55648973293344
41.67681974197368
41.70962599917929
41.750438938962965
41.78272921121084
41.86682700887363
41.91785585791475
41.92005730187189
42.03467507759805
42.1011065529623
42.13124771871316
42.17533794655307
42.22708139720211
42.23117351554303
42.26914454241661
42.27702823438512
42.29062386902365
42.2975115792381
42.32199988983304
42.48301492655317
42.50795108554677
42.52966207350389
42.53895010478236
42.635369692011615
42.65007853304426
42.67253287673033
42.747793877435534
42.81375323562152
42.82098612293197
42.82834829120782
42.93254505523705
42.93455008251487
42.98005613891799
43.01389246689581
43.14961762999783
43.17363104938712
43.18773072097601
43.23573745712835
43.239706864786406
43.26134173738737
43.29868702604696
43.351612328802126
43.387930202188144
43.42633430045652
43.50416102039478
43.545487375284885
43.60769997944701
43.70538282726187
43.71205135510061
43.80830583715942
43.83212859302196
43.861868275189
43.91818332949588
44.00618661019382
44.01389950896366
44.09536957821069
44.148870019065626
44.14971996991248
44.18727050767567
44.19784943857603
44.2051744851492
44.23354577504169
44.23937121236209
44.240441913184405
44.27944786611202
44.29469574490456
44.31711482019029
44.42394872558376
44.42984952819696
44.45940842137925
44.461166056348944
44.483237210318
44.505996897925485
44.547751278230216
44.60379052623678
44.625483743000025
44.73949871069311
44.772869528343065
44.8090195132886
44.92553979198437
44.93298668426583
45.01060714218049
45.04181595380484
45.05589178223855
45.09125890593118
45.09682338320101
45.15901144503276
45.22754995092894
45.34785000785653
45.36693481832528
45.59520586122586
45.64997327019535
45.71340072674512
45.7308997454234
45.74186443256796
45.81780590631021
45.84160573795389
45.84171089277081
45.8749524534074
45.9756141593372
45.98289268382856
46.01182656696574
46.05430237647562
46.06870132818089
46.074354531794334
46.19984620355084
46.31510329987676
46.47107682406776
46.47125693275819
46.47527079661836
46.4971940770443
46.52652613722735
46.52916961164389
46.58566333826983
46.6022956628057
46.63679227783927
46.64749572651732
46.65083117194778
46.68542083107605
46.700413258832455
46.75688870362095
46.7770812954997
46.79608631867072
46.83597984205164
46.92243414297253
47.07600971836663
47.12323485743698
47.1327434243671
47.20460820659053
47.25272658101253
47.26517324644933
47.27126705890273
47.308195054078
47.32347822146975
47.33684442247203
47.38491329145296
47.41226499599159
47.4563482959665
47.47925301140592
47.616348824871245
47.73851841020611
47.78046586734811
47.83334750817044
47.86273638760582
48.00019706048053
48.01280467311895
48.02184632660337
48.06290332896744
48.09517326245175
48.11109997150289
48.16128032944297
48.220711649934834
48.236477578324376
48.24028685070747
48.30141247495157
48.345058584849895
48.34961649137095
48.36322621386692
48.36953463874125
48.440863762199946
48.45018632155897
48.48056701292186
48.49318090893677
48.64512826154168
48.66275287640544
48.67482780259612
48.71949793959893
48.72180390853752
48.75868557633613
48.771518717789775
48.78311561511849
48.79919369825747
49.035460930036336
49.070343250123415
49.092626084718326
49.150871986453936
49.17617357712925
49.176820732934026
49.23509262359846
49.25854292423458
49.3664607137875
49.40789866524785
49.486356806029406
49.51670996926777
49.524195229900535
49.52509258039326
49.554728913830026
49.619791249176885
49.655719050317735
49.66884655041955
49.67048177136802
49.68992057136191
49.7198841237377
49.73906723092462
49.834587199231606
49.83559953630441
49.92381248547365
49.9305541237568
49.93076567390665
49.956619223883706
49.969046240847234
49.990453212098096
49.9982438800276
50.01897066431516
50.03302997550292
50.07166170307328
50.09446897877239
50.14492417769626
50.15182236368132
50.19204495771796
50.20628143766799
50.21851312954768
50.28211383974072
50.39889549176869
50.41613030679704
50.43879297866323
50.47434443163694
50.49744623044568
50.613751787905215
50.6261137422763
50.7534858423501
50.81909003287165
50.89498989752007
51.06902342901191
51.12118482958267
51.177923385594845
51.18254203249173
51.218068313817454
51.23328786580908
51.32046753360403
51.32731796105507
51.382203393030366
51.42155791592455
51.43406180629421
51.506352633827966
51.67677987168441
51.70907312607172
51.71972963944078
51.74039408610194
51.7412066014898
51.7454180936964
51.76465908784424
51.916412055031614
51.95037583821941
51.97521725244837
51.97755684291104
52.00607622697277
52.04284193630134
52.0522869293736
52.05343791940511
52.11910234784583
52.15214520820989
52.15619989734045
52.15940392242747
52.18373864732552
52.21090210868722
52.211015030209495
52.29908125021113
52.33491042501788
52.34981248380552
52.40966895683095
52.420987351669226
52.42581981447745
52.53853843441071
52.55218301059171
52.6843743063509
52.71860897017806
52.73731819830797
52.742064722170845
52.78029645572961
52.84407589467291
52.85013703914488
52.85291915538481
52.86290933411205
52.86390654497723
52.87620342915918
52.913698619602734
52.915298472868685
53.0151193876688
53.06378012871572
53.07589838369149
53.09516717409305
53.10149382619578
53.12913532685073
53.21674080467842
53.21777218931247
53.22983104157473
53.25354332039801
53.31230406022406
53.40738552352328
53.41398364952218
53.45224736158283
53.55230143307077
53.56666920631632
53.67983877633936
53.70979089693826
53.784179222459926
53.85855942012785
53.88177029416863
53.904543538709504
53.96992972376326
54.053633232994414
54.08781998123497
54.3016431211033
54.3370933429266
54.39639222398293
54.498712379347936
54.60347379983076
54.62872542929527
54.632539929657
54.75731119140736
54.80059981316967
54.89394391089724
54.93452961416415
54.97921380732518
54.99125271022957
55.02836477689708
55.03750739272601
55.06134486163885
55.12182974738206
55.23343305698195
55.35242096235542
55.35620492885723
55.53001222798426
55.5349248760158
55.590478915846994
55.593093607253486
55.71600753587609
55.72761443633092
55.74397757937463
55.91429975695262
55.96148132094464
55.98452929497086
55.985479590730726
56.0014901012154
56.071971669895134
56.172914408248296
56.178089490775626
56.25389543240924
56.499965792646144
56.50828910910384
56.52394268103913
56.64198625918559
56.69439997342949
56.7143482205333
56.77409542686293
56.84241005350885
56.9683301313197
56.997686397369954
57.15418309356334
57.22237055131024
57.24122257162016
57.30462164897895
57.4400738517224
57.4460199775499
57.48010280073774
57.48047774101077
57.52084758629658
57.558659287398
57.558778592883385
57.582198563808376
57.63335150363893
57.63680063022102
57.683129018582434
57.71875864823525
57.73288490828834
57.74241995332762
57.764446852955565
57.8268863199753
57.87737558142855
57.92638043160563
57.95921654296209
58.058789570142544
58.0879042749414
58.09406660342895
58.21671804391604
58.25969184738252
58.31548680823973
58.33450994690874
58.41955363899935
58.52650653742594
58.583438221532006
58.590449975548765
58.60590473033106
58.607770465678335
58.67322566300185
58.7230603141463
58.735612789192736
58.73846493687744
58.77072467084334
58.780479549872034
58.91784880309253
58.94788076396742
59.02002762709249
59.05815825970737
59.114708625459
59.308094178353485
59.34889982136383
59.35995424611284
59.48362682340733
59.49387987746904
59.513878043347
59.68616571844463
59.79990542444554
59.84541813807584
59.90389746609471
59.968533694020245
60.00700642106555
60.06218848385101
60.12253684150461
60.166297257067136
60.18168394840999
60.26723564198137
60.32481976290992
60.3362807784382
60.38916828800481
60.42130147863924
60.48668488552663
60.53873964236536
60.587880462409686
60.62679941083644
60.66309937631712
60.718001062256974
60.75139543404752
60.87966558059489
60.88704193758638
60.93492251710073
60.95080721214987
60.972056547494645
60.998213770414736
61.0481026527256
61.06000211952305
61.07678231392688
61.11486392126577
61.18234545534843
61.18810570261915
61.1928752093302
61.27501270590579
61.280593138273495
61.3173822263886
61.41433368890779
61.42541169732802
61.48317822225782
61.49783307300958
61.51929802015703
61.52344248654544
61.550834432575954
61.58924421605306
61.62433145011802
61.72390606857003
61.730052872688645
61.85552093917713
61.88928289240951
62.05724224044224
62.17363241511248
62.2063515233653
62.230132218132674
62.23285165297112
62.23478576736365
62.30899516297257
62.36810919499791
62.37843674736327
62.38411170401456
62.40100760454808
62.414838764644365
62.47553565117836
62.49022737819724
62.5210412576062
62.55155278676211
62.5574092258754
62.55921928632674
62.698759877454165
62.70727287874255
62.829604346663125
62.86431314242111
63.088957441034566
63.131271468400485
63.21849750374864
63.2677275393563
63.27436801635835
63.33575198203821
63.34066977781042
63.36944309925347
63.376262585810586
63.45354402782729
63.4699931313985
63.50618664784429
63.5229989096202
63.57342354166987
63.603897970666736
63.76780162940261
63.79884929046368
63.80719431474333
63.81996924079986
63.82922923090456
63.86372816560981
63.88369419627394
63.899945608529976
63.90464640008714
63.93357518343476
64.07716683225043
64.08311201883114
64.09621659221952
64.15550840614524
64.21834523537355
64.22073678411876
64.22533392921035
64.25674130317589
64.30920035138445
64.40016425030977
64.45366800148746
64.45514156303686
64.45630231612026
64.45809371881758
64.53883907891502
64.5887153801255
64.6070806289935
64.66001930270714
64.669241714141
64.69503285509865
64.69790666351692
64.72764247946668
64.81361309988972
64.89035655476414
64.89237361237468
64.8955726943374
64.98613402529895
65.0058276479195
65.0172479281433
65.1256786870742
65.18168545370106
65.24624992163848
65.27968116971184
65.2888596700758
65.28986182078896
65.31320578863922
65.37252575931586
65.41840102109762
65.45209666101243
65.55490814145453
65.5643894813797
65.66749088926352
65.68537637510846
65.69596292506465
65.72745549332076
65.7283546353167
65.79232810285924
65.79516897785618
65.8144512106195
65.82511491607632
65.84559781668001
65.92827119300644
65.9620129893643
65.97583651562601
66.06295865572535
66.07595319509304
66.13962203449972
66.1657712765903
66.17521865360345
66.1925945428744
66.22154842160171
66.24277217211676
66.24336098308976
66.26871372790183
66.3107406693747
66.3630567879059
66.46545093026657
66.49305536786451
66.5798243158472
66.58225813490337
66.62767715411536
66.63057951671674
66.68340147618859
66.68808550176198
66.73347194425764
66.73513113586725
66.76971928814804
66.78094398730433
66.79306603291107
66.79908576974834
66.80295910961426
66.93606570207635
66.96640907922003
67.05678364391477
67.07301448895791
67.08881550406021
67.14698558757331
67.16875836034355
67.19822226664515
67.28258087046977
67.32921722076702
67.34876070877073
67.43339040151072
67.49091165657603
67.53866777645185
67.56984387976344
67.65339695294185
67.73461567337063
67.76069582065286
67.77301236402458
67.78593240432608
67.85394957840779
67.89817123217507
67.90228913508464
67.93701249328508
67.94038247613823
67.97266195829839
68.02076696864347
68.03778561239437
68.0414926115095
68.0697123686819
68.08082239262372
68.08270480000127
68.33173969981779
68.34540989360012
68.34581561351727
68.4152749300404
68.43907762157919
68.48798617979502
68.5513079840399
68.68180563429213
68.83013440351641
68.86234029016124
68.86566465514994
68.89636947831053
68.93801879136409
68.96410011074785
68.97798630695648
69.05478630822344
69.07568175678655
69.11455827605741
69.2043942410171
69.24332695563264
69.32193499628833
69.3564285622321
69.3568714144565
69.49096922280833
69.57312618613682
69.64535216730927
69.66298346028168
69.68357850833551
69.6844159768035
69.71479809617928
69.72657334370606
69.72955767330372
69.76822623845096
69.78811099907699
69.79383095899672
69.8060518326831
69.85981230898142
69.92512908037837
70.0089266016951
70.04856309766483
70.05643133376056
70.11381187351641
70.17285506049159
70.17955654326195
70.22310069561225
70.45334558967762
70.49484985269643
70.52943983971296
70.62777844750879
70.68077128376137
70.72101713838917
70.72992777701124
71.01680187825711
71.01908660131659
71.0343959275815
71.05751756121816
71.06733199806864
71.0715314989671
71.08536366851826
71.2109121341481
71.28015676851679
71.2902252473865
71.35195702789136
71.37189488648616
71.45152025547326
71.51384950893846
71.5197743887691
71.62385606318146
71.67767282108495
71.78533469383129
71.79797018716702
71.80111149308664
71.89863036444987
71.93431802691461
71.97717208510502
72.00251533792262
72.01179843603326
72.1528698741107
72.24625534452422
72.25644961041607
72.26627503808855
72.26775396102057
72.29219081889899
72.35378543457223
72.36117605525541
72.38911275613678
72.42722090829294
72.44831092389418
72.45010605397746
72.4814574786914
72.56256925315027
72.59603353048021
72.68841219983062
72.74584219996268
72.775425717233
72.78694824865862
72.84856220919735
72.85928563426684
72.95802840371158
72.99377525855077
73.0591027911533
73.14725206396203
73.17456535822878
73.210630391249
73.21625426649929
73.22274651076542
73.26956261766703
73.36582784981785
73.43218342075525
73.47984397528661
73.57680005067198
73.65782956760837
73.79141278579317
73.80931189845381
73.8273655097617
73.8536845695366
73.93491461744216
73.9864136818539
73.99698152051417
73.99830620821457
74.02092254638963
74.07777773893307
74.12291396698114
74.13086855297291
74.15920454286797
74.24751874738308
74.35069868011723
74.39868542126251
74.66630263870651
74.73484543420795
74.86243095133553
74.89848150051472
74.93251760419156
74.94155737855436
74.9722448178763
75.05481149204861
75.06507363965994
75.08315022942173
75.10612756838738
75.11843265111946
75.12174838978406
75.12350816058637
75.16468097664662
75.19432559758025
75.23177871738217
75.26073973287257
75.26848304306128
75.28169110914124
75.29313209920417
75.29389404931351
75.31940044338373
75.40355689788854
75.40749005777026
75.41771130836273
75.44260769888038
75.48529089324909
75.52895985858721
75.55631868520798
75.56065016887388
75.56094196383658
75.56941295940646
75.57690417949613
75.59416996361217
75.61933765785858
75.69386453735095
75.70951781701228
75.8208518605932
75.8766558126532
75.91396560628976
75.95540772356551
75.98014421129938
76.09175261963932
76.09638378851825
76.12493818616466
76.14111630980562
76.18186919797185
76.25061192971717
76.27668208192968
76.35230042592845
76.36693963708645
76.39186277298457
76.41745343467062
76.4176335920374
76.54050054237997
76.56486017669998
76.58257422951633
76.63054423243177
76.76771874469912
76.81332346451318
76.82174145174606
76.82706844145144
76.9798757571411
77.01631924384664
77.02308799492903
77.0674661726959
77.13132561057198
77.15182533785733
77.19050703617971
77.21531893801831
77.2293203446676
77.2448468258024
77.26569365523096
77.26682352728022
77.2982896463321
77.30143834522663
77.33427498190974
77.43179254354618
77.64465454693773
77.70959981791007
77.7196389992403
77.7423197071933
77.75469251395249
77.8334354761513
77.8685812971585
77.9288728634444
77.93952677708141
78.00022009949915
78.0139735419078
78.04498392158962
78.06274051764883
78.1171023446337
78.18973453295385
78.21228661788498
78.22225812300844
78.23544150287918
78.25239109989212
78.27637874114806
78.28115052750786
78.3372724368921
78.44525777731768
78.47661169737316
78.5256001329812
78.73427324139745
78.73955619008586
78.83405081873346
78.85873960152453
78.87429136630153
78.95524569271083
78.95900113990369
78.9684350362596
79.00648719562187
79.09408939355859
79.09846833731524
79.09971437221193
79.10298233065387
79.10905133474354
79.19770372686067
79.2025929060199
79.21176901091427
79.24347323551095
79.252279971044
79.29263335641022
79.35040092523936
79.35478134213156
79.46693076110472
79.4798521508006
79.55329503836295
79.57749911981355
79.6159480812863
79.6415303797557
79.71969105200336
79.83734609510363
79.86352668208652
79.95442886654696
80.07291499408315
80.13442318753802
80.17128038911436
80.20093987264364
80.28588808577001
80.28606550409954
80.32368486196576
80.38203716999492
80.3856593430933
80.40516323082772
80.40645151796045
80.4747861467936
80.53832359598032
80.56353348649273
80.5788544351989
80.5965801827112
80.61491941919309
80.61574613972056
80.63467938126219
80.6860874778635
80.72789538020935
80.74378487076855
80.77708642281046
80.84568734237124
80.84732996195902
80.93485958017843
80.9470779703431
80.96126386478558
80.96799379261705
81.01769731017642
81.04188873872057
81.25760071668577
81.39506209494223
81.5265956073904
81.55634329958858
81.63991031531191
81.70894573723741
81.73559359754438
81.81949398373696
81.82954559295081
81.83857283391397
81.89093856093395
82.09382635083415
82.0986942080776
82.12315051263278
82.15709750124108
82.1843321215376
82.18647318299853
82.34808245660746
82.35062333040922
82.40960859076758
82.43951231269595
82.44241544906274
82.47113419314682
82.49201546672697
82.51507701289633
82.53756676856794
82.63755085080179
82.755005274053
82.77388663332894
82.81533838713784
82.81872017326596
82.87747936643055
82.91241152596598
82.926380779971
82.92744834894685
82.93454702234945
82.96005324564412
83.02144931433727
83.0439742163446
83.06274285044593
83.07433132610342
83.1087785412069
83.16991783223679
83.20455667238541
83.21858964188698
83.25191997588729
83.25806597493758
83.289455549128
83.29311073762507
83.3107456116617
83.3247121944187
83.35936421613933
83.38894045853674
83.45238329967579
83.55349924558985
83.58091978846177
83.59295911078948
83.60219831303561
83.67987787492609
83.68687215004906
83.69461211291572
83.76342830669155
83.79120850951658
83.81268817415865
83.82672727648202
83.84656799400054
83.92509538841634
83.96540776900801
84.04635579237056
84.09031519600887
84.09566900044896
84.10268479462717
84.11374911034714
84.2370450757781
84.28495797061926
84.30355687720149
84.304563020987
84.31627510362809
84.33116388808432
84.55119574112895
84.56037123735092
84.59806825974326
84.6166227041781
84.63714671552437
84.68365830350277
84.68987868234443
84.7094727164004
84.74198522321528
84.74650386257538
84.8327609721675
84.86494918105
84.92609587908677
84.96883342732872
84.98440849087187
85.10389333549568
85.12113162671386
85.12215475327716
85.13783650658317
85.18235193298005
85.21689981482926
85.22970852232609
85.23222682577698
85.29529746054924
85.4307390698953
85.4888846980033
85.64415164406498
85.6977911304507
85.73100066563661
85.73170000447064
85.74127139429972
85.86355701417385
85.89521782365122
86.03219848576765
86.06387188638928
86.17157484495104
86.2072700690447
86.22439988452804
86.24720879780006
86.27092572521985
86.3256713601544
86.45282845498659
86.55994085398837
86.58539132781354
86.68687056283959
86.75590314217587
86.85752244723486
86.85914379132925
86.8781127123308
86.90835446619704
86.96029693351545
87.0300022819573
87.1132603855511
87.11738363584031
87.20965453316657
87.23012611655435
87.2346352307003
87.23955669756691
87.25348144964026
87.33094314474414
87.35628684273347
87.39256467407293
87.44669457509315
87.53474747181676
87.53566075896472
87.5853534121824
87.60060947665231
87.64536289421878
87.65264422201172
87.66939276800923
87.70096231705094
87.74772588296493
87.77633147185472
87.82006368671365
87.84249410859692
87.90359432778183
87.93010779255673
87.93801307518771
88.01318654695997
88.06156804992304
88.12283542803235
88.12767084566
88.16679647488482
88.19131559366141
88.2559796343018
88.28464864146562
88.36356341169642
88.38392792310394
88.43142782628448
88.44335936984376
88.46440806064892
88.48464557276321
88.59923610206668
88.68146899410435
88.70234539466348
88.86018715331524
88.96734455733026
89.11822211662881
89.18026765214034
89.18276045752143
89.32009609411783
89.40534726268645
89.49180692821872
89.51313080277625
89.56139640297094
89.59571333514829
89.6266359440786
89.6654480408335
89.68950029693
89.74674867276813
89.75614773196276
89.80774063003423
89.90241919427632
89.90464182807905
89.94346251953608
89.95940094542547
90.09583642536232
90.11547922911858
90.15347084010465
90.1951639349122
90.20202131627772
90.32671959557644
90.42296835182545
90.47890613120232
90.57576170429331
90.84126774421892
90.85330432584584
90.86297907582734
90.86432426533774
90.87213735548151
90.9405498944429
91.02142201659989
91.04808455988116
91.09228252614432
91.1139680084242
91.219338006955
91.2901819866141
91.29478551750368
91.30440211671367
91.31826410600164
91.36980617485028
91.40107787698408
91.48876486051678
91.48932095551018
91.49547212061884
91.52597075144595
91.55400506408226
91.68471637793031
91.71148311263607
91.72068723163248
91.75900255129449
91.77639502384388
91.78224171437516
91.99722468734572
91.9974931468128
92.01907247463676
92.06230002312633
92.07414843236036
92.1035165368812
92.15642855353462
92.18671159612418
92.25768325692162
92.33155479967937
92.38368920499522
92.38531724048364
92.3879545210987
92.3988818325925
92.42429639209494
92.43318217851076
92.55059076302004
92.55506734732954
92.66679474810697
92.68418186695952
92.80570600008662
92.8078915111719
92.90913444205384
93.01664336616857
93.1186238383711
93.12351227250656
93.130495011934
93.134871817826
93.1934393698682
93.2132688904447
93.2405561435586
93.26723137404096
93.32479361009588
93.42226807802852
93.49342720795008
93.58146307852428
93.58967974215268
93.61971461617593
93.7306447011146
93.8542406374528
93.85456717991644
93.8963467688802
93.94034782626714
93.97683731601482
94.02367370079484
94.12762043342872
94.16407939728629
94.24733640915572
94.30269801082513
94.33279833163964
94.36784942325365
94.38189733419962
94.3862133483835
94.5746511094091
94.6260442009146
94.69239078103128
94.73458253173692
94.78762978466987
94.81366896209894
94.90199339518004
94.90936900198176
94.934806572571
94.93679909826729
94.95185982204276
94.9865095839756
95.0298103848115
95.07379611170764
95.08139101201051
95.15689267511212
95.23273218198317
95.26081494538391
95.28385816711362
95.33081102689184
95.35116889648104
95.35553531909812
95.4328586284362
95.52024469602831
95.57530489195148
95.62224628259068
95.6499853668432
95.71294713580234
95.71311968311385
95.74661550951494
95.79365135392923
95.79393039327874
95.97108215960012
95.98977742772796
96.01972839772706
96.0694370885398
96.0895920184774
96.1511046545412
96.16895525838731
96.1727687900866
96.17759935923752
96.18029441319788
96.18362691483787
96.18502455176925
96.23414057549488
96.26738094262012
96.26877197099832
96.26984290979632
96.4754676198541
96.51552654666304
96.52872560663911
96.6182440715014
96.75594181928476
96.79660512842857
96.91403704874678
96.97134141668006
97.13714617392648
97.15802378676288
97.17373789618776
97.22599820831896
97.46042299404664
97.47677951376404
97.50584753088542
97.5191859054308
97.54006089629036
97.63330265842929
97.633666009013
97.66742866354488
97.68876639385662
97.6919553392209
97.70431233551578
97.72894797864237
97.75552054259823
97.91862091978544
97.9625447042432
98.00355393347633
98.02866892845384
98.0636716590419
98.0792279815589
98.19485078778192
98.19956898094608
98.25145452716546
98.30492670992926
98.37740877207062
98.40430772431009
98.414343864732
98.44962547170866
98.4608641902676
98.4758512044287
98.49465493055452
98.7507579063932
98.77054885161796
98.8771974052362
98.92645001277512
98.951339317668
99.01226344721351
99.03723392530053
99.0519237400327
99.1324200085192
99.18513137634632
99.1862892798888
99.19692963917733
99.24323670010588
99.28882643431967
99.3411806677498
99.46941011799689
99.47926374120914
99.4983286850011
99.51482648398851
99.51596314989966
99.5404036802573
99.62994129270884
99.6711833584999
99.75567664097788
99.9392715862464
99.95727435075142

==================================================

=== water_usage_efficiency ===
Data type: float64
Total unique values: 2200

1.002106323932241
1.0041728913278836
1.0053175385519495
1.0098793158669317
1.011497670430752
1.012690556010968
1.0136596946918592
1.0149025632928677
1.016429751951086
1.0235188723538826
1.0252240572513815
1.0292237056295974
1.0297367847931582
1.0300894491404358
1.0307288884131989
1.0346472637902475
1.03974778899105
1.0399064943927474
1.0402899641251595
1.0431216299534607
1.045298115698056
1.0461858704080402
1.049513577841978
1.0523971783484702
1.0524354078522844
1.0527331983028447
1.0626256928772828
1.063358046293696
1.0698493506472355
1.0702891185252104
1.0717928009851154
1.072191539279827
1.0725564482426455
1.0738626302699452
1.0800769088964608
1.0804518903373794
1.0819200898178427
1.0848313235463038
1.085565894426281
1.0867395612698545
1.086854805662001
1.08953703769266
1.097307815309963
1.0975100570808571
1.099840373463767
1.1035824553247244
1.103839794752655
1.1043151026415965
1.106465328121585
1.107302768652128
1.1081705417334264
1.1087376252745944
1.1143340797659702
1.1168902416254172
1.1178466486469365
1.1193121968793514
1.120195667766963
1.1207582795350195
1.122066032189974
1.1282867068574314
1.1305515437416358
1.1318943837651338
1.1341619918524493
1.1351287563757833
1.1359236150294585
1.1372937832334022
1.1388091524055044
1.1421687978299002
1.143063319549087
1.145611131528693
1.147114139708056
1.1492373572882335
1.1517124601557778
1.152071718984761
1.1521989570149924
1.1570695113994094
1.1587747091123592
1.1590580255399567
1.1590750571469184
1.1596409371574303
1.1616141766776955
1.1621800300106275
1.1648958556263516
1.165076098841824
1.1663237104469937
1.1669671425606056
1.1678093088284922
1.169038310400524
1.1690589366443565
1.169250477571831
1.1698906169496444
1.171270091968626
1.1744323791366198
1.175298474334218
1.177737955429058
1.1782839230453748
1.179476422724584
1.180123023663588
1.1810451494905632
1.1827082142205625
1.1827672489687373
1.182907505315807
1.1837923585608587
1.1860927395825334
1.192419163819559
1.1928217202070766
1.1932932982959272
1.1941787147555347
1.1966515983905053
1.1969757132453158
1.1981476276512597
1.1991542277074043
1.1993949698890676
1.2005054953406191
1.2012077616535597
1.202531566650809
1.202665947913653
1.2043462712267807
1.2074488799675611
1.210945364128046
1.2112763199817511
1.2121467566126936
1.215543310172753
1.2159752419855931
1.2160704932196689
1.2183965818323923
1.219241500773847
1.219502895172047
1.2198366650308894
1.2230362831951511
1.2255621921110782
1.231300761615396
1.233230609621645
1.2348328463976554
1.2358251523368189
1.2360242136237929
1.2401881162127697
1.2407546076958842
1.2423241106596985
1.2429482971234576
1.2508612696172636
1.2515084472231577
1.2537204641209572
1.2544298567877965
1.255564253971042
1.2558002851781311
1.2580828402296014
1.2581960363365012
1.2592036814418843
1.2605293273887348
1.2630426338034582
1.2640625727425063
1.2659463906501132
1.2660512890893645
1.2689889557438132
1.2692963297637418
1.272364247112745
1.2732306639202835
1.2733406458545562
1.275783348432701
1.279394712114605
1.279736957580777
1.2812860235102677
1.2817447264828372
1.2825986904022488
1.283070302462654
1.283927160232207
1.2849472978780403
1.2894620186814234
1.290468254845465
1.2909300856064343
1.2938186809577523
1.2952186114941142
1.2991179532158543
1.2999811783033226
1.3038288633284545
1.305136260409494
1.3075454952884908
1.3075942280167938
1.3076102600485435
1.3085385402298986
1.3093597087944175
1.3168933038965631
1.3171530104024685
1.3173399188494144
1.3227768834028957
1.3231094101864604
1.3234981798957648
1.3242316175244104
1.326306285743469
1.3312439024009537
1.332565278368023
1.333507086993547
1.3349461335052468
1.3362663765937088
1.3384841759576198
1.3385371378037596
1.3385393565269643
1.3429864802452842
1.3445933753595685
1.3471739254093211
1.349766288939899
1.3563719536903451
1.358102492031508
1.36524080197993
1.3724827914472493
1.3745635802528169
1.374842861209046
1.3749037296360882
1.375606727669584
1.3779595528012225
1.3781879213463348
1.3803628798257823
1.386674874248285
1.388146564628066
1.3884052850005073
1.3899369084084277
1.3927675643409123
1.3948924059825334
1.3959887328666332
1.398390258292086
1.4002508249433545
1.4003088916288635
1.4008867051839653
1.401792744961284
1.403380434898304
1.4081027159381767
1.411349381547519
1.4123090099577538
1.4137416188734484
1.413953970959795
1.4186635029589838
1.4227309705744444
1.426228460647605
1.433932147750339
1.4386600771850069
1.439020925003649
1.4392762964837358
1.4397503379883756
1.4421661877375145
1.442227284309804
1.4438023915730076
1.4479227459250534
1.4494084948270485
1.4507015182404164
1.4551256546789522
1.457174298152816
1.4600224768097785
1.4602024382062906
1.4627658027764283
1.4629081733121665
1.4643518692610047
1.4670729532676092
1.4694572323428394
1.4701086515910866
1.4725103509437498
1.4733820949536771
1.4740639459763911
1.4749541756129805
1.4752834240243191
1.475375102769661
1.4760491681677208
1.4793824668129307
1.481283471991123
1.4878121571954348
1.488973699832692
1.4890945348193356
1.489841654607448
1.4904177729925872
1.492170729707151
1.495584903540391
1.4956908918261074
1.49683127697824
1.4988838087059593
1.500033649118056
1.502133853096094
1.5024540826707704
1.5086974737716083
1.5102837087411711
1.5112111381733788
1.5127578880135737
1.5166004477830044
1.5215500755213114
1.5227509843265343
1.5241443388292537
1.528718385288416
1.5299657808794591
1.5300638866434206
1.5302207968741055
1.5303967710357689
1.5309800787118886
1.5337411419524845
1.5358365932272755
1.5362183834227203
1.536636292259733
1.5401563097373463
1.543963804763277
1.5499472505052103
1.550002163350534
1.5516334476106683
1.552999309360061
1.556984740100693
1.559721103489307
1.5607359373227516
1.5611786785707222
1.561452521344695
1.5620905056992695
1.5630711405574722
1.5636855032037769
1.5645308365154524
1.5651268195707222
1.5661748855474125
1.566720672407286
1.5690463286676493
1.5703249892899636
1.570648787569879
1.5709683922364603
1.5711820862484251
1.571209182428044
1.571257851929254
1.5723283095617826
1.572903397315621
1.574951922429937
1.575353374099203
1.5834887489557548
1.5888352355132445
1.5939381511223925
1.5954873621414327
1.5964223622074538
1.597657975646214
1.5994700009596778
1.5997781580550448
1.6044679422712096
1.6053512121616156
1.6062707722305336
1.6069438208698967
1.609364431091873
1.6113025466327913
1.6120979025998523
1.613740632798009
1.6142163582606246
1.616745132642412
1.6168913263026266
1.62397824615638
1.6243502773440892
1.6250570190764937
1.6268254069890529
1.6279709547624002
1.6314936158736382
1.6320339978378238
1.63418930964745
1.637794069390457
1.639145330735337
1.6431166956141785
1.6476738826772217
1.648076659747952
1.6513751622031072
1.656397914563951
1.6574569658489704
1.657520064719774
1.6579424927215287
1.6608205131010876
1.6612679593527049
1.663043376127041
1.6637220105463348
1.664673504741212
1.6652679053172594
1.6675712023085776
1.6682542867978989
1.6707014397067963
1.6717061744282304
1.673029754855631
1.6731246778214448
1.6773411482611893
1.6778813259510046
1.6797021112964434
1.6797349062832052
1.6840580100023588
1.6857164721718711
1.6881469038288903
1.6887381853661445
1.6908366413663511
1.6951419584723424
1.6967040137215377
1.6979442528415398
1.6986311353935406
1.699460049023381
1.7007394457423732
1.703206970282657
1.7044095180990748
1.705449382025931
1.7075408499207363
1.7077554941749495
1.708254809825104
1.7124943520961442
1.7132365773489244
1.7185682599891527
1.723522842272159
1.7247284697617409
1.7256139508085837
1.7260055689391591
1.732768742010205
1.735788535830875
1.736492664774103
1.738080666061014
1.743232615753267
1.744970294486909
1.7461563264743805
1.7485326177693472
1.7485936927943873
1.7489216461742902
1.7526716815799783
1.7535621686631453
1.7536156668614868
1.755518263380937
1.7567328842269223
1.7612233067739829
1.7630783986805638
1.7638096985495046
1.7644157574681802
1.7679611069396648
1.767977344317866
1.7681207817849396
1.7682827063529336
1.7687145425439246
1.7692104742850447
1.7693760976960973
1.7699315091087595
1.771372524515718
1.7731919365727995
1.7805124782882429
1.7814119769699106
1.7894509813278012
1.7927761955915529
1.797201398619395
1.7986080328796237
1.8062121109731997
1.806879656139118
1.8133938466114372
1.8172802056863453
1.819994263453362
1.8207839209388963
1.8219530335234864
1.825274004322329
1.828074239762924
1.8285835461149416
1.8298510525115128
1.8303128510112563
1.832747512667677
1.8340978457647608
1.8356024922443288
1.835859575555392
1.838084836124952
1.8439422002739527
1.8455052345589027
1.8470540287088064
1.850097642315552
1.8510770664296765
1.8514384214421185
1.8551940428244384
1.859056522156811
1.859458737150504
1.861332433125808
1.862196183757928
1.8626027002045924
1.8627753862482053
1.872612412709247
1.872980972186455
1.8753376905284456
1.880089209091727
1.888248738542264
1.889993430885759
1.8909756012423364
1.8915939986546448
1.896895737015725
1.8969972900536152
1.8985416627632656
1.898925541532312
1.899256715514385
1.9022084360826692
1.9051116824687735
1.9107718294553728
1.9114200062269084
1.9130487705279304
1.9132490032789489
1.9139448763013949
1.9146314184876605
1.9177994224069772
1.9192940643557752
1.922033703874702
1.9240125087287057
1.9280267901203716
1.928106238332992
1.929278350603337
1.9307413107201703
1.931199254758173
1.933013921113972
1.9355313013043796
1.9358896831346333
1.939627348888312
1.9430193718097173
1.9434617022857996
1.9455433789884853
1.94570534362508
1.947160452226828
1.9544220112424564
1.9593741859894367
1.9606372188415877
1.9610536963990357
1.9614577682870211
1.9683796362735189
1.9683823039332504
1.9699483934582276
1.9718145162304357
1.9720388412483476
1.9729951717892789
1.97462415549292
1.975062782558186
1.9752259311759577
1.9816934582464287
1.9822284053132555
1.9836150212274013
1.985137623035708
1.9875899454332568
1.9886621355781835
1.9946041239517305
1.9955817380281504
1.9981416705778607
1.9997382421904684
2.0013702609116875
2.0054771664901434
2.007543230326648
2.0156475683399493
2.0174111864995075
2.019432164539923
2.0203446532303966
2.024341632066041
2.025332952299277
2.0271950430709293
2.0287466663480376
2.0292342925038973
2.033096744375815
2.0374935570731485
2.039435540550364
2.0448814301619764
2.04522576754565
2.045980501353539
2.04930024802155
2.0499224631600788
2.051408429628882
2.0519498471598614
2.055680592974894
2.057124794288806
2.0584458424187217
2.059647720907197
2.0614103878407315
2.0620392609098546
2.0629336913391367
2.0631736456242398
2.0655764275603565
2.0665624177815225
2.068097232452359
2.072035605645054
2.075028678665239
2.077294010218776
2.0780742547913538
2.08080145911473
2.0813051934295324
2.081737847568799
2.0834285073429104
2.08504325443238
2.0853571162404188
2.0856150709311345
2.086266183341845
2.0864030250017445
2.0898611572916845
2.0901914698106303
2.090534646022882
2.091110754154142
2.0953954384820723
2.096714133819357
2.097447946257074
2.0984153728082933
2.098904310554943
2.102196650276148
2.1026904531596187
2.104668243475422
2.1083923699823064
2.1099600376825043
2.1117362819285264
2.113860098063629
2.1151785850653724
2.116204208439644
2.1192554524854708
2.119677648183922
2.1206651641150205
2.122758946128424
2.1273331264862088
2.127919890949294
2.129619540343404
2.1303088354530875
2.130750085827465
2.134185349751638
2.135296558993779
2.141115269364994
2.1413744741204264
2.141857078714624
2.146180083019831
2.1472757581855224
2.147404514546297
2.147489768866198
2.1496913420145503
2.1539023856176835
2.154479839742195
2.157693672907198
2.160106767729868
2.1613209757500207
2.1618876272649734
2.164823646160302
2.165712295561095
2.1665464442055984
2.1699689484594478
2.171385332459931
2.18444867911196
2.185036640543267
2.18537427471102
2.1861297971506404
2.1862823701170457
2.187542885444324
2.188480191495183
2.189608036522272
2.191200978658704
2.191669318183087
2.1973555173970656
2.198677305316353
2.2009101934158286
2.2056479392053614
2.206593657295648
2.208341569439201
2.2100386315009573
2.2172025020521264
2.222033397867616
2.224105952873145
2.2289030560828893
2.229231128501508
2.229721270632325
2.230370003989106
2.2310537530519565
2.232463278343964
2.233196702121453
2.238705243812902
2.242409107983492
2.2429487551550404
2.243055952362575
2.244192422886826
2.24516546428673
2.246337417104616
2.248472219643614
2.249791116913073
2.252382713795479
2.253294618242708
2.253836222281105
2.254813111723486
2.257118014353904
2.2596444420468567
2.2605698471333278
2.2622379798867165
2.262732701697352
2.266348626374431
2.267363205542213
2.269833309131303
2.2728908168651176
2.276637738972317
2.281112115420574
2.2817908366668846
2.2826201878292416
2.284079521392807
2.2841433635883246
2.285841856923615
2.2860047366533163
2.2865142751285603
2.287396791333346
2.288983770873945
2.290178559584014
2.2912961047360763
2.294668765366497
2.2958042811275843
2.296473029385508
2.2966041233209102
2.299443904511152
2.2998482900662403
2.3073895235378385
2.3080612227485044
2.309931003395532
2.310804589700542
2.3117452723016947
2.3145428733280866
2.3161492475171714
2.3182148208546227
2.3186550757608044
2.3188701659292983
2.319390123827271
2.319464805762025
2.3206819533459075
2.324234783415837
2.3269298276801598
2.3290332264746034
2.3295731191590137
2.3312390105968923
2.3332934790040865
2.333417812650409
2.333453165849807
2.33376536952347
2.3356513425782808
2.337972107732756
2.339315172874972
2.342447833046625
2.342886968272908
2.34447904679452
2.3447709905550567
2.3454508756211947
2.3502390538878126
2.350646622702507
2.352583119175193
2.356452031383673
2.3569248468643305
2.357028590264465
2.3570763302645443
2.358239129325595
2.3585933566574573
2.358748143984829
2.359688480087921
2.3615979720169147
2.361947237546152
2.364459034387271
2.3655095041128216
2.371780715630507
2.372034634020892
2.3725706962308117
2.373373513775124
2.373822352629356
2.375914413656369
2.3781468933416363
2.381105886389448
2.383615191607352
2.38496586412348
2.3857106510065598
2.388040277390816
2.388237732260697
2.389896602465805
2.389991554637027
2.3906918821461205
2.391548847251677
2.392077312836356
2.3926696995845544
2.396001717247454
2.3992154977540703
2.399489542247148
2.399515218799641
2.401716293362377
2.4022547261433167
2.4095926986189697
2.411262909731253
2.4113815120326536
2.41152849030084
2.411655012860871
2.4120968768326327
2.4147997789373328
2.4190333319256627
2.420171713873082
2.422677311419732
2.424669745784972
2.4265028096320984
2.4291314522607563
2.4332455749321715
2.435053724201106
2.4365727769827767
2.437512876784151
2.438682411825818
2.441067173312076
2.443336663502381
2.445839470804731
2.4470104278279448
2.4511041197084946
2.4511784393674114
2.45265234721584
2.453828107857343
2.45412717182445
2.4599989144117607
2.462070566678687
2.4656465098439284
2.466909482668857
2.468851284186345
2.4721631055805333
2.4748215350067517
2.4760199736385102
2.476153478214783
2.476589509542112
2.4768340206514607
2.4793388249741577
2.480357982448325
2.4810491707349294
2.4839975692669443
2.487073272913899
2.4906675296205503
2.491773188485261
2.4923597381904417
2.4927184961230173
2.4968274666990133
2.497284417749725
2.498723847592176
2.501525471502492
2.501529534706752
2.5022625085058503
2.5024541391159563
2.503078916007845
2.503320576370518
2.5036815486773345
2.506593669963315
2.509883975598188
2.5104863034093494
2.5105887784097
2.511059743383969
2.511405634088793
2.516279113240213
2.5198454263672923
2.5212047514151625
2.5218952267946086
2.5238437312254742
2.5281143776679804
2.5287892400488894
2.529130508862883
2.5315101021249875
2.532466667747218
2.5341215700713358
2.535596847973458
2.537135738827808
2.5378162992915434
2.538025948530431
2.538568257266978
2.5423063669422707
2.544036092751465
2.5448077798919084
2.548836781386438
2.5517433014992545
2.552570720391014
2.554775988429912
2.555057247232391
2.5564549267760683
2.5575673532700502
2.5582569374392405
2.5622868585316074
2.562292583436751
2.563942594054962
2.5650189438392497
2.565814177465535
2.567881446027299
2.56867121154816
2.573438094361388
2.5774274351424085
2.578671084995216
2.580127976256009
2.5808837098755864
2.581088618326298
2.584127200433268
2.584635792261708
2.5847038450746616
2.585278920178274
2.5855622341698066
2.5969156838480405
2.597192247416237
2.608225250711364
2.613095409144007
2.615001409092064
2.6155018300008064
2.616253777923
2.6172716606592603
2.619658795498201
2.621815978355224
2.623236581518742
2.6256857111032224
2.626357729763256
2.6266729902691903
2.629191817435851
2.6293142066193536
2.6302694441372974
2.6336791416930567
2.6364459728415595
2.6365560044084133
2.646806424163198
2.6486918209819312
2.6488656729355924
2.65123293767258
2.651631894860917
2.6536749804560773
2.6553980712940715
2.656517606693801
2.65779162395643
2.6608782397173907
2.6640535561408454
2.6654565724375163
2.6667848452473466
2.668625038217788
2.669138773880433
2.670371141188816
2.671363363822816
2.6723407591101647
2.6724517434338284
2.673302215982513
2.6734670274434427
2.6735692730172165
2.6750850648406
2.678979218058537
2.680242661859615
2.6847596999925734
2.686251157761785
2.686683996381606
2.686871510725461
2.688181377691625
2.6918938402807577
2.6927007455307472
2.6931522440398594
2.696681874970835
2.697325550662706
2.6982724138544323
2.700308140184361
2.7015081822804365
2.701899224912262
2.7039101194804567
2.7049325457675977
2.7054272005527893
2.70744308707411
2.7098829578931527
2.710534773314128
2.710607987097604
2.710896733466158
2.7125461425612185
2.717228890996
2.719254884659376
2.721114664884179
2.7232063881458197
2.7249647544869933
2.7323716598146843
2.735781201681713
2.7365924903723675
2.7370862697583846
2.7379722699329965
2.7420847301608986
2.7430766915677096
2.7431530677730804
2.7444985388383274
2.744706079544496
2.7449521485987938
2.745160625242874
2.747644997708924
2.748226703309192
2.7486067592081973
2.749025522356106
2.749871790355241
2.750150678165757
2.7508205987625964
2.751280521595933
2.7523582242649245
2.753185514862748
2.7539423294032126
2.754535694379224
2.7556172750462204
2.755672365283657
2.758819113898633
2.7601284371660624
2.7611641386973265
2.7638020290283896
2.7659930888304234
2.7661226508034376
2.767887042693355
2.7722565624488817
2.7725691023139576
2.7730142551607755
2.774733779405264
2.775337736329966
2.7765813065274765
2.778748669210386
2.7800309771194263
2.7810452572861557
2.7822301947388
2.783781641349805
2.7846347274877954
2.785245165206519
2.7865279125394364
2.788066871961795
2.790193767039074
2.791499520284755
2.7928653957554683
2.794146792100462
2.7955586937937813
2.796238204118609
2.7964471477769237
2.798712482095221
2.799605692788929
2.800939672757909
2.8009902477021957
2.80121779332996
2.801284532121414
2.8024966896256607
2.804276166517868
2.805022294190884
2.805362862489642
2.8149540066189465
2.8205620881680487
2.8214617659847456
2.821541789728983
2.822553828415736
2.8233235864546296
2.825826540035038
2.827791752711013
2.8299870957704063
2.830012078902274
2.834910565512706
2.836914173657686
2.8395605114251925
2.839841894632002
2.839896353124249
2.8405194444648627
2.843978950318198
2.8466493418336225
2.847714632133924
2.849916652467987
2.85141468188988
2.8543609159269714
2.855860833156846
2.8571517456674624
2.859690017226632
2.860168528309965
2.861055113114141
2.861968903336076
2.863805689819148
2.8654457081307885
2.8667695914995064
2.867079515996433
2.8684581698376843
2.869790596189484
2.871138833490689
2.8713812053772427
2.872079078081444
2.87299513222695
2.8737564558815176
2.874441364259564
2.874749671453941
2.8818110889414146
2.882459460578002
2.8839897959638328
2.884378261900366
2.885738777246149
2.8873059670486554
2.8916095363475294
2.893315053847993
2.894041469579685
2.8957400988965825
2.8964688658012023
2.8966156322014616
2.8998168638567923
2.9059129255087037
2.9088834859272543
2.911644709444103
2.91295167821925
2.914949385299296
2.917055250346679
2.9245945426638635
2.9248939513378662
2.9255415520570587
2.9281337181842244
2.9301700188220696
2.930380970282047
2.9319944311222508
2.932772605210914
2.932988909429761
2.934417933282647
2.9348547523692776
2.9349276296983646
2.935125027092456
2.935638517295788
2.937824559456906
2.938920604708963
2.939576457583108
2.940631717391456
2.941031093157038
2.9412223847581944
2.94603373726612
2.947492918417998
2.947503898953036
2.9514103102568146
2.953830870591314
2.954418827793757
2.95574872343288
2.9567270958826595
2.9639190330408467
2.966327329656014
2.9672987313075656
2.9685500696425047
2.9686097950799843
2.968740180936545
2.9699200803837047
2.9723159844104035
2.972980337594526
2.9743256010311767
2.9747706920685144
2.9765829537138937
2.976793938377692
2.978148693555786
2.9792091927190705
2.979517587232062
2.981503190174741
2.981652711923935
2.9817288877634285
2.98292357198612
2.9835382348903567
2.985123950276039
2.9856169769062486
2.986431213197381
2.9872146398744386
2.9874734314720066
2.987962756334236
2.990449002019592
2.9921160009964383
2.995600355731928
2.9959695625912515
2.99644040453646
2.9974512535123834
2.9985365943971094
2.9986718985926384
2.9989138583474158
3.0001213235409967
3.001104050965304
3.00261012746715
3.003634155655777
3.0036833968613936
3.004056953262844
3.0049957297612515
3.007052048504865
3.009500931401725
3.0121732861924264
3.016105705670116
3.017817883113476
3.024963024012242
3.0254208741628363
3.026772447503423
3.027068012867183
3.0299246218877687
3.030399108938353
3.031458054777814
3.0317056621894505
3.0338913306873785
3.035429616070879
3.035541019903109
3.036800573401638
3.0394326678718087
3.0397958781830168
3.0408959428707867
3.041394154068765
3.0462904527202275
3.046821828778544
3.0490942624768955
3.0539152073632194
3.0540979160295216
3.0548790014330405
3.055783516130485
3.0558927471892328
3.0578455868655303
3.0595804666286126
3.061635017089876
3.065387058868739
3.066444166533497
3.067481629760892
3.070001259540684
3.0737056419770705
3.074705668958859
3.0771040052974485
3.077457453669723
3.0777230351392344
3.079811692737201
3.0808566533582478
3.093144725683383
3.0943473529472554
3.099273055923887
3.100221279464048
3.102235025945145
3.104033820984504
3.1051786868366325
3.106634561334538
3.109778381318859
3.115523335925235
3.126581101839708
3.131361278450358
3.13309647162218
3.1335152328474685
3.137749568514842
3.1448994330223963
3.147423747976089
3.149294542734077
3.149709636734233
3.152711247202696
3.1563018592487007
3.158771072163165
3.159455868493706
3.161331073712504
3.1617821912077426
3.163857119532949
3.166157637840389
3.166367460057713
3.168137457139605
3.168463851337414
3.1687195174705014
3.171390200893986
3.171514124476316
3.172125528410933
3.1758830795374138
3.1768969706708146
3.177173161117916
3.177390512037714
3.177945054129654
3.178233401378305
3.1795385786845385
3.1804356774603937
3.1815580762133138
3.181773323564408
3.182082000410789
3.183261428873679
3.1832874497957
3.1837057272320517
3.1876566835827096
3.1895135713595177
3.1950230148120493
3.198017104762949
3.2003145681395506
3.20284635023794
3.2033850543922817
3.2034352631764222
3.204117994026548
3.2050186837580985
3.205485314166244
3.207565569137837
3.208657837756228
3.2106785765750288
3.210794024330161
3.2132341433548826
3.2155212181542865
3.218585099934662
3.224344772235824
3.2279843128492924
3.228162944026294
3.2300132965088397
3.2317714630525525
3.236258100302575
3.236825024347703
3.2376751878933607
3.238840467391426
3.2390969596436667
3.245223116980456
3.245678594622081
3.246431419554556
3.2469504360013137
3.247005147557258
3.247032048103397
3.2489262863574075
3.250484355243185
3.2505096470318056
3.250517506845388
3.2526238568614763
3.254032519027928
3.2544395971297897
3.256415373141469
3.2574921904080605
3.257700872428641
3.2580766764831663
3.259270844797937
3.2613881573364427
3.2645393629008788
3.267503183846112
3.268800161401563
3.2691769932608463
3.270412719818772
3.2750798765187428
3.2757742217841948
3.276836937163461
3.2776381566383743
3.278274611977272
3.2821039336808853
3.2941308384950023
3.295214526946238
3.2962393628241973
3.298679928538759
3.302660309180787
3.3041794434877234
3.304724950605886
3.306133142094209
3.306983159599747
3.307460131083072
3.30853536441194
3.3087370385685486
3.310672610506021
3.315351680940747
3.315584393336151
3.319320942042521
3.321662161799542
3.3234091023459347
3.3271738083017146
3.327802044989469
3.3282030391228474
3.3318685494246507
3.333349557907917
3.334200790718736
3.33493171572539
3.3359476777672854
3.3366405545116526
3.340848900190254
3.3426584464698568
3.3432834600249453
3.345452893925041
3.346505226593783
3.3468590536246583
3.3475035762758143
3.348017298965436
3.3481021864237444
3.348624425576983
3.3488505695340103
3.349037836178612
3.3503873732527203
3.353358995520278
3.353406467216856
3.35342276063425
3.354237223619951
3.354245145392753
3.3577250720615424
3.35951045640167
3.3616265642091867
3.362340482221517
3.36359767193341
3.36506485995545
3.3673702638166607
3.369424440814223
3.373610863005012
3.373874541095973
3.3772346047797104
3.381918499902772
3.3845534485317645
3.390392478739809
3.3914565384880424
3.3943413255332797
3.395942307588764
3.398294995421895
3.4038757953687373
3.40487869388468
3.408121227158564
3.408384399884358
3.409441250119234
3.4096438290776216
3.4120437769192806
3.4127390044597345
3.413619340137101
3.41867786828623
3.42009562238864
3.4213674350145737
3.422685193793406
3.423605517085828
3.4294185966076105
3.43262892383618
3.437298942377883
3.4394920997583496
3.441071815491098
3.4422690291564737
3.4428619953049786
3.4464401949818826
3.4501090388627094
3.4540275931594837
3.4566573718141176
3.458303210379936
3.458323601691806
3.460467942529418
3.4616155314618786
3.463862867438773
3.4645696453671584
3.4648755910985582
3.464898415794676
3.4668364446701974
3.466943518981163
3.466980435204032
3.469455773290845
3.4697449659086868
3.4726499999055687
3.472756440751938
3.478139945834692
3.478428457663009
3.480746028419332
3.483038619705111
3.490640218111445
3.491540076360256
3.49188367577355
3.4925682024049065
3.492891658754013
3.4939416343831726
3.4975678808524044
3.498975266547826
3.500847308552141
3.5016801292888635
3.5030056677317405
3.503331307324854
3.5033412983840684
3.503932626653242
3.5042943703293523
3.5048195924739747
3.506872685957908
3.5079747253130944
3.510788251320101
3.5114350324178925
3.514958888269382
3.5162359246792
3.517111668376066
3.5208659698284177
3.521859537716317
3.5239763202604344
3.524611999682914
3.5250369715113274
3.5274405228635906
3.5284204272470885
3.528893445857993
3.5297373394078213
3.536399676784218
3.538008426745571
3.5421068690387645
3.545946938263496
3.5463757274504446
3.5482305122366657
3.552331227102117
3.55293876431195
3.5565165151724907
3.559221918606901
3.5621767146977907
3.5623000204991917
3.5638260464258344
3.565479847440921
3.565962259806854
3.570451315458836
3.571591728432276
3.5718657298515266
3.57415132507002
3.574421346075017
3.577264939457633
3.579237597118789
3.5802305091234685
3.581248272750314
3.581770960931548
3.5841472420105807
3.584369341588516
3.5850183919945056
3.5894390868279378
3.591886705824868
3.594436144785529
3.5972557182502425
3.598348174635466
3.5986807495202764
3.605665284977037
3.606250188625616
3.6066284349943993
3.608604475292253
3.611167632730648
3.613685635739064
3.6189134109851104
3.619073085882926
3.6201363654359566
3.6237414558172927
3.625787958916628
3.628752267563799
3.633153560981519
3.6340345658969535
3.63527398379564
3.635942303262281
3.6378899378599066
3.641138981661048
3.642480390433069
3.643075846709896
3.643342239305256
3.644557505548892
3.6466821886643705
3.649840103085972
3.650276552011853
3.651321446275284
3.653334447654966
3.6536123231119455
3.6548503113166952
3.656482896888309
3.658733809109628
3.662312902587261
3.666912732432564
3.667144303701168
3.667281714640228
3.667517259737037
3.670252488175495
3.671251275863861
3.672312161909824
3.672545177107925
3.676829917311401
3.6788000179508273
3.6811299113879272
3.681131488679155
3.696058493944716
3.6967140828682776
3.6986944970366578
3.704657757419396
3.705755697053242
3.710041440435618
3.710750822479384
3.7130655695985135
3.716507871560343
3.717284958526059
3.717652960445682
3.722566482574365
3.727901603138733
3.735124605425648
3.736296204920579
3.739215696412038
3.741958327988631
3.744575882995673
3.745214112505995
3.748161739200655
3.748584840236874
3.7516214734589264
3.753834460429225
3.75470248949503
3.7561652648311794
3.757247863654349
3.761597949368809
3.763823381316308
3.76524632387363
3.767585951435315
3.770295642292007
3.7703017173233935
3.7715164059409942
3.77394163190111
3.776193149188283
3.777435177628512
3.778093163228831
3.779607586412393
3.783307479052532
3.784947840954921
3.785333202508487
3.785712247268485
3.786630187482751
3.7866438662796593
3.788237438066084
3.7901315367148247
3.790520777540248
3.79437861411552
3.795894645249465
3.795940641406826
3.806563948343017
3.8076959913999326
3.808248085280934
3.8101407317778846
3.8105431564131615
3.8113204210435168
3.8113346263089785
3.811481253833093
3.813251231788439
3.815820836253507
3.8194004215387034
3.8197818453118257
3.824082560040989
3.824298999963472
3.8255524381274726
3.8255592818403694
3.8310953160235695
3.832164311714721
3.832518319734594
3.832683679290506
3.833708111204844
3.8345997594243855
3.835107660339237
3.8381575107869
3.839186640820356
3.8402128503947783
3.842561886710993
3.842921815268941
3.8483408298452617
3.850280464285373
3.850412236324358
3.851433418383737
3.851439578709019
3.852187082709893
3.8524893551723816
3.85447289874224
3.855181652623689
3.85525694354338
3.855729270734928
3.857388005841727
3.8583490632502895
3.858408927614959
3.86799401207321
3.8704917749047145
3.8722001414603433
3.872240998797074
3.8748187219622015
3.877184822707213
3.881837874316045
3.882760168179311
3.8854460868794174
3.887821955847501
3.890583903297778
3.890809864919323
3.893675454174683
3.8947093771980272
3.8996705146629873
3.9031547477059214
3.904308218488823
3.907076471156623
3.913538209968443
3.914909181777554
3.91880479900406
3.9225139607847455
3.922775754156191
3.925440588826343
3.927596153401768
3.927713711846432
3.932479788599695
3.9330895588276262
3.936387707998109
3.938908853660069
3.9393246604491834
3.940677945405932
3.940962900095362
3.94206601951254
3.942374802650465
3.9425439691991575
3.943476780110519
3.943953628367089
3.944218163691868
3.9456994372554406
3.9470631659220303
3.947212056703057
3.951398292021683
3.954573666446093
3.955237364610931
3.9569331980348776
3.957470130811709
3.957913913030772
3.9610903428076343
3.961410837289773
3.963342736401389
3.963376983028888
3.964191081353774
3.967954622173025
3.971081543496998
3.9743034741796657
3.97612537240174
3.983436048324634
3.984300664540713
3.987503989226313
3.988579380458856
3.988721923678906
3.988968507760309
3.9925361169539855
3.99507882740395
3.996515781327503
3.996544549895163
4.000570550685719
4.000572971014442
4.004075237683511
4.005726302221098
4.005809101831249
4.005910025367338
4.010324404174373
4.012138945227582
4.0160719335812285
4.016287638450098
4.01847793069694
4.020210665323116
4.020712576187473
4.022441244895647
4.026058803994525
4.026407531558388
4.0267064384994455
4.032387994778632
4.035454753770956
4.036225568416358
4.040052790930984
4.040309246362766
4.041723822909636
4.043878163201191
4.044358560196688
4.04444320550466
4.044670427222012
4.044716270531646
4.04620561178568
4.049714365698599
4.052848503796176
4.054186324487022
4.055317019746899
4.0556940899494105
4.0594028089210346
4.059820122907609
4.060180132901364
4.064790866794923
4.068456607549175
4.0685573249955045
4.068601268951715
4.071821805484809
4.075168781608625
4.075655368623673
4.079271858894021
4.080248962505253
4.08150987580696
4.082057289838618
4.086551780180214
4.086661569220803
4.086867740684302
4.087154587831575
4.089198495647053
4.09170459542183
4.092488990882343
4.092615972442488
4.095623823584193
4.098692267021198
4.099809081628028
4.100617267436344
4.103625650038794
4.104947135405833
4.106368559610237
4.106624320742881
4.109441367781832
4.110168261719495
4.111618985243631
4.112970017914007
4.11328167218692
4.114013671651049
4.114247028694821
4.114900234474259
4.115392862148845
4.115820278043751
4.117013945719067
4.1193880040029285
4.120247848707674
4.124759069558038
4.125197586424832
4.128275988692238
4.132128235196412
4.140179768147533
4.141245066202392
4.143892130743773
4.145497125733336
4.148243441893429
4.1496272153323375
4.153582799935988
4.1537795111306455
4.155442907950057
4.157665978159493
4.157859012748555
4.15812646700556
4.158550148423668
4.158826968788709
4.159630333864085
4.159739619346444
4.159844989748362
4.160453588353617
4.166732718480864
4.167206911219157
4.167741661378349
4.168670734974292
4.168697656470995
4.1695748950379015
4.171586465264122
4.172763065451807
4.17440372679706
4.174632323836173
4.176852022414662
4.17737487115499
4.177386852401883
4.177917785740755
4.178196401125927
4.185019617162384
4.185674079400814
4.18667506021106
4.188694335214652
4.190796328348858
4.192587246829369
4.193732221021415
4.194544600126358
4.19541306894993
4.197837154451969
4.2086307992241565
4.208976823296947
4.213638731828076
4.2136706433330815
4.213788332985267
4.2172241217214
4.218148001181021
4.219090307535458
4.227681612575604
4.230184152402504
4.23218000990313
4.234085453496045
4.23632507139286
4.238195092373365
4.239861925813785
4.240513280784109
4.241539636932313
4.241862125373659
4.242441075863542
4.244842165443473
4.252812624022077
4.254176010883148
4.254476758311473
4.254663478706797
4.255247128476416
4.25626916327424
4.259559344710851
4.26017790347494
4.26523446281083
4.265260766857184
4.266625817700119
4.268309289185184
4.269529976277018
4.272710238879335
4.277737682887045
4.282289822503507
4.284445664724507
4.286926956440934
4.288568117811943
4.288786780063352
4.290405313809866
4.291225983403853
4.29157406907057
4.292105924382222
4.295481286566759
4.296252487702731
4.301176939369433
4.306364157586762
4.306572500486806
4.310243370995706
4.313107985607182
4.314911993790776
4.320542789736342
4.3244265535518505
4.32765545321964
4.328754772513261
4.330322544034911
4.331025133020088
4.333622504210846
4.338717263699402
4.342805791973679
4.345380240659991
4.3456984654009805
4.3467356422876975
4.346772568122207
4.349212315669888
4.349723002199182
4.356934287952017
4.357799119499675
4.359632779679584
4.360022181084265
4.360350780667897
4.364951347651021
4.366930601578961
4.367224224978273
4.369280660848471
4.372006929395216
4.376680365359048
4.3797881987250165
4.3801032685414025
4.38054750103431
4.386982662477605
4.394297137277207
4.394742104367708
4.3950130812828005
4.3970182868502
4.40380454655578
4.405346700346339
4.406168467194886
4.410523115565436
4.411342686800024
4.412940503819076
4.417890694735801
4.418033840789668
4.421955734933681
4.422928323306293
4.424937921347251
4.425768674446557
4.427178621334322
4.429394728511054
4.430763756113667
4.434869732725675
4.434976689320607
4.436006882542839
4.436371646894983
4.436880179594342
4.437243695680028
4.437861915979597
4.439428815447364
4.439533903101626
4.439673833448767
4.442525820495195
4.44599635007159
4.447998306232603
4.448753553084629
4.44995117029985
4.450381961402927
4.450684179741213
4.450859980605886
4.451575322231065
4.453402796249366
4.454077982323488
4.455575020315186
4.455614137052466
4.4557628118522
4.456775851376639
4.457509251588907
4.46005079839197
4.46227898298532
4.462907039705271
4.465167105403804
4.466445884409916
4.468498004051664
4.469232980006041
4.472393623152479
4.473416232825268
4.476653221395323
4.478685780045687
4.481283984224433
4.481753214768252
4.487605389826317
4.491385538631137
4.492107231229698
4.4928137995731525
4.493409669219764
4.497163284906004
4.498958863951639
4.501351571183664
4.503221067785754
4.506014112938477
4.506149649585761
4.506973483327021
4.513311803384234
4.513938518643689
4.514289968223743
4.519996524081275
4.524122583910098
4.52424981664452
4.524707521019794
4.524903668201279
4.525111774606778
4.52680920571774
4.5299873386056975
4.5322357677786576
4.53711817253506
4.537207268683988
4.538575530013052
4.539231288477778
4.539683666397325
4.540992468729352
4.543012802391944
4.550731876599774
4.55253872477149
4.555196851556014
4.555295950610086
4.55553690488122
4.556014599317104
4.556578168541916
4.556876122173283
4.557430900694884
4.558693861518211
4.561022255165051
4.561531543730204
4.561682533023239
4.561719392439644
4.562012264508544
4.562280408280323
4.564384847015996
4.56478144525538
4.565973375676789
4.566577052121682
4.5669052833921056
4.567257950852788
4.56975029805194
4.571747674944234
4.573651637061884
4.574147963115351
4.577691526922323
4.586244829588393
4.586737639892364
4.586856058247635
4.587714776398959
4.591634792174229
4.591922307636116
4.592643496455722
4.595343869587406
4.596199347451918
4.596748480002578
4.598664157540444
4.599074388838497
4.602850525310867
4.603586382328723
4.603689600456786
4.604491383086153
4.605279792956713
4.608156963527788
4.613628182929984
4.6137593476509
4.6141049698722085
4.615583926374544
4.620146393687778
4.626408984973151
4.62812297046926
4.630534390586973
4.631603877553342
4.639499899533814
4.63983534575153
4.64182116701836
4.645126134000405
4.646217535156312
4.647243657494869
4.648640697100481
4.6495955556186
4.650178179856588
4.650349448050031
4.652537295264811
4.652752716874536
4.655028844108863
4.657908004216723
4.6583495318507495
4.65990656822642
4.662246593692281
4.662981290752115
4.665151071808281
4.670057744410638
4.670269946289473
4.673019202613975
4.676194814949666
4.677660546908395
4.677841273603107
4.678008463443028
4.680713395977086
4.680997266645102
4.681176112910903
4.6850636108381565
4.69277734106482
4.693488953455045
4.6962984511536
4.696484639886428
4.696934795491084
4.696973632871321
4.69763303207872
4.700004167711239
4.704657227625956
4.70471159185284
4.71097589643278
4.718480531299372
4.72144708002484
4.721977067820061
4.722406545361399
4.723537303246935
4.724939119339368
4.725838354795833
4.73147263985435
4.736787186596204
4.738504638640478
4.739084650469469
4.742539627299169
4.742968839895399
4.743608000731834
4.747570543314918
4.749139633370902
4.751879562298598
4.755821290922206
4.761396150796193
4.761542857710241
4.762290063128177
4.76246135702345
4.763020017880784
4.763350611791864
4.768111346853152
4.771829181939327
4.772762438213158
4.7744718468283285
4.776668259849876
4.778596130762054
4.778841273241292
4.781444598333863
4.784206755930409
4.786888355173611
4.790774302077372
4.790804024393259
4.792121736179208
4.793763729418501
4.794256796005639
4.797733058781564
4.799408723107563
4.800520508152797
4.800636017704436
4.805399675831536
4.807359963877918
4.809378924907595
4.812279891661529
4.814154330682637
4.817665636372601
4.819772402201583
4.819795995897783
4.822698153434703
4.825716715321727
4.831072607796554
4.831805187007149
4.8340036312968975
4.83405901495941
4.83469925557122
4.836127959217324
4.838865636424938
4.839321921772445
4.839959410381383
4.84095195822511
4.843657322960674
4.844698022416765
4.844738223643443
4.846333105606398
4.84773923508363
4.850005903892116
4.851682854767699
4.852254127441504
4.855056584467276
4.855731659520144
4.855826023576963
4.858995155757364
4.85950927979083
4.860232893132721
4.86315181451786
4.868037459853507
4.868517088857807
4.869240801173041
4.870448705635736
4.876742919570183
4.879503781827148
4.881125265537981
4.884827216836367
4.885916153854552
4.886453001060524
4.887664829804454
4.888516890744399
4.889080257735876
4.892097740497659
4.894155611601693
4.895614819383168
4.895861790931178
4.8990724616807695
4.904711635175548
4.9076588257096505
4.908421322722964
4.910663626847833
4.912017992681892
4.913667981122673
4.914414585360598
4.916220737424393
4.916441309778198
4.9251846020066985
4.9260926731668615
4.929816009450487
4.932472004767453
4.9348035870217615
4.935058237322844
4.937106996587655
4.937216070656682
4.939304045818896
4.943149790517502
4.943596368297641
4.944745176741174
4.9492891053459385
4.950568938645809
4.952564990496803
4.955820722219015
4.956311495518364
4.961514634682835
4.9622661494218665
4.9623749661681344
4.963950522114844
4.965341750901319
4.969862795835384
4.97176643447683
4.972600054285735
4.974024234405839
4.974024833956182
4.9740810527644586
4.974642460911946
4.975011394221128
4.975013598385738
4.975473976243485
4.976944122869359
4.977450806470273
4.97807202978695
4.978824136865915
4.981574245277226
4.9827527241577485
4.986762807502485
4.986842732804034
4.988039444453781
4.9971303231714455

==================================================
